-- MySQL dump 10.13  Distrib 8.0.44, for Linux (x86_64)
--
-- Host: localhost    Database: travel_recommendation
-- ------------------------------------------------------
-- Server version	8.0.44

/*!40101 SET @OLD_CHARACTER_SET_CLIENT=@@CHARACTER_SET_CLIENT */;
/*!40101 SET @OLD_CHARACTER_SET_RESULTS=@@CHARACTER_SET_RESULTS */;
/*!40101 SET @OLD_COLLATION_CONNECTION=@@COLLATION_CONNECTION */;
/*!50503 SET NAMES utf8mb4 */;
/*!40103 SET @OLD_TIME_ZONE=@@TIME_ZONE */;
/*!40103 SET TIME_ZONE='+00:00' */;
/*!40014 SET @OLD_UNIQUE_CHECKS=@@UNIQUE_CHECKS, UNIQUE_CHECKS=0 */;
/*!40014 SET @OLD_FOREIGN_KEY_CHECKS=@@FOREIGN_KEY_CHECKS, FOREIGN_KEY_CHECKS=0 */;
/*!40101 SET @OLD_SQL_MODE=@@SQL_MODE, SQL_MODE='NO_AUTO_VALUE_ON_ZERO' */;
/*!40111 SET @OLD_SQL_NOTES=@@SQL_NOTES, SQL_NOTES=0 */;

--
-- Current Database: `travel_recommendation`
--

CREATE DATABASE /*!32312 IF NOT EXISTS*/ `travel_recommendation` /*!40100 DEFAULT CHARACTER SET utf8mb4 COLLATE utf8mb4_0900_ai_ci */ /*!80016 DEFAULT ENCRYPTION='N' */;

USE `travel_recommendation`;

--
-- Table structure for table `banners`
--

DROP TABLE IF EXISTS `banners`;
/*!40101 SET @saved_cs_client     = @@character_set_client */;
/*!50503 SET character_set_client = utf8mb4 */;
CREATE TABLE `banners` (
  `id` bigint NOT NULL AUTO_INCREMENT,
  `display_order` int DEFAULT NULL,
  `image_url` text NOT NULL,
  `is_active` bit(1) DEFAULT NULL,
  `link` varchar(255) DEFAULT NULL,
  `title` varchar(255) NOT NULL,
  PRIMARY KEY (`id`)
) ENGINE=InnoDB AUTO_INCREMENT=6 DEFAULT CHARSET=utf8mb4 COLLATE=utf8mb4_0900_ai_ci;
/*!40101 SET character_set_client = @saved_cs_client */;

--
-- Dumping data for table `banners`
--

LOCK TABLES `banners` WRITE;
/*!40000 ALTER TABLE `banners` DISABLE KEYS */;
INSERT INTO `banners` VALUES (3,0,'https://images.unsplash.com/photo-1602002418082-a4443e081dd1?q=80&w=1600&auto=format&fit=crop',0x01,'/explore','Phú Quốc – Chạm vào thiên đường biển đảo Việt Nam'),(5,0,'https://images.unsplash.com/photo-1528127269322-539801943592?q=80&w=1600&auto=format&fit=crop',0x01,'/explore','Vịnh Hạ Long – Kỳ quan thiên nhiên giữa lòng biển xanh');
/*!40000 ALTER TABLE `banners` ENABLE KEYS */;
UNLOCK TABLES;

--
-- Table structure for table `blogs`
--

DROP TABLE IF EXISTS `blogs`;
/*!40101 SET @saved_cs_client     = @@character_set_client */;
/*!50503 SET character_set_client = utf8mb4 */;
CREATE TABLE `blogs` (
  `id` bigint NOT NULL AUTO_INCREMENT,
  `category` enum('BEACH','CULTURE','FOOD','NEWS','TRAVEL_GUIDE') NOT NULL,
  `content` text NOT NULL,
  `created_at` datetime(6) NOT NULL,
  `excerpt` varchar(512) DEFAULT NULL,
  `thumbnail_url` varchar(512) DEFAULT NULL,
  `title` varchar(255) NOT NULL,
  `updated_at` datetime(6) DEFAULT NULL,
  `author_id` bigint NOT NULL,
  PRIMARY KEY (`id`),
  KEY `FKt8g0udj2fq40771g38t2t011n` (`author_id`),
  CONSTRAINT `FKt8g0udj2fq40771g38t2t011n` FOREIGN KEY (`author_id`) REFERENCES `users` (`user_id`)
) ENGINE=InnoDB AUTO_INCREMENT=3 DEFAULT CHARSET=utf8mb4 COLLATE=utf8mb4_0900_ai_ci;
/*!40101 SET character_set_client = @saved_cs_client */;

--
-- Dumping data for table `blogs`
--

LOCK TABLES `blogs` WRITE;
/*!40000 ALTER TABLE `blogs` DISABLE KEYS */;
INSERT INTO `blogs` VALUES (1,'BEACH','Phú Quốc – hòn đảo ngọc của Việt Nam – từ lâu đã trở thành điểm đến mơ ước của những ai yêu thích biển xanh, cát trắng và những chuyến đi đầy cảm hứng. Không ồn ào như nhiều thành phố du lịch khác, Phú Quốc mang trong mình vẻ đẹp bình yên nhưng vẫn đủ sôi động để níu chân du khách.\n\nBuổi sáng tại Phú Quốc bắt đầu bằng ánh nắng dịu nhẹ trải dài trên những bãi biển nổi tiếng như Bãi Sao, Bãi Dài hay Gành Dầu. Làn nước trong vắt cùng không khí trong lành khiến mọi áp lực thường ngày dường như tan biến. Chỉ cần đi dạo bên bờ biển, nghe tiếng sóng vỗ nhẹ và cảm nhận làn gió biển mát lạnh cũng đủ để tâm hồn trở nên thư thái hơn.\n\nKhông chỉ có thiên nhiên đẹp, Phú Quốc còn hấp dẫn bởi nền ẩm thực đậm chất biển đảo. Những món hải sản tươi sống như ghẹ Hàm Ninh, nhum nướng mỡ hành hay gỏi cá trích luôn khiến du khách nhớ mãi sau chuyến đi. Đặc biệt, trải nghiệm ăn tối tại chợ đêm Phú Quốc với ánh đèn lung linh và mùi thơm từ các quầy hải sản là điều không nên bỏ lỡ.\n\nVới những ai yêu thích khám phá, hành trình lặn ngắm san hô tại Hòn Móng Tay hoặc đi cano giữa các đảo nhỏ sẽ mang lại cảm giác vô cùng đáng nhớ. Hoàng hôn ở Phú Quốc cũng được xem là một trong những khoảnh khắc đẹp nhất Việt Nam – nơi bầu trời chuyển sắc cam đỏ rực rỡ phản chiếu xuống mặt biển yên ả.\n\nPhú Quốc không đơn thuần là một chuyến du lịch, mà còn là hành trình tìm lại sự cân bằng giữa cuộc sống bận rộn. Nếu bạn đang cần một nơi để “reset” bản thân, tận hưởng thiên nhiên và lưu giữ những khoảnh khắc đáng nhớ, đảo ngọc chắc chắn là lựa chọn lý tưởng.','2026-05-21 20:55:30.076488','Phú Quốc không chỉ nổi tiếng với những bãi biển xanh trong và hoàng hôn tuyệt đẹp, mà còn là nơi mang đến cảm giác chữa lành giữa thiên nhiên yên bình. Từ ẩm thực hải sản tươi ngon đến các hoạt động khám phá biển đảo hấp dẫn, nơi đây luôn là điểm đến đáng trải nghiệm cho mọi tín đồ du lịch.','https://images.unsplash.com/photo-1573843981267-be1999ff37cd?q=80&w=1600&auto=format&fit=crop','Khám phá Phú Quốc – Thiên đường biển đảo cho tâm hồn yêu xê dịch','2026-05-21 20:55:30.076488',2),(2,'TRAVEL_GUIDE','Đà Nẵng không chỉ nổi tiếng là “thành phố đáng sống” mà còn là điểm đến khiến bất kỳ ai cũng muốn quay lại nhiều lần. Sở hữu vị trí đắc địa giữa Huế và Hội An, nơi đây trở thành trung tâm du lịch lý tưởng cho hành trình khám phá miền Trung Việt Nam.\n\nBuổi sáng ở Đà Nẵng bắt đầu đầy năng lượng tại bãi biển Mỹ Khê – một trong những bãi biển đẹp nhất hành tinh. Cát trắng mịn, nước biển trong xanh và sóng nhẹ nhàng tạo nên không gian hoàn hảo cho việc thư giãn hoặc tham gia các hoạt động thể thao biển như lướt sóng, chèo SUP.\n\nKhông thể nhắc đến Đà Nẵng mà bỏ qua những công trình biểu tượng như cầu Rồng – nơi thu hút đông đảo du khách mỗi cuối tuần với màn trình diễn phun lửa và nước ấn tượng. Ngoài ra, cầu Tình Yêu và cầu Sông Hàn cũng mang đến những góc check-in cực kỳ lãng mạn về đêm.\n\nNếu bạn yêu thích thiên nhiên và muốn “đổi gió”, hãy dành một ngày khám phá Bà Nà Hills. Hành trình đi cáp treo xuyên mây đưa bạn đến với không gian như châu Âu thu nhỏ, nổi bật nhất là Cầu Vàng – nơi đôi bàn tay khổng lồ nâng đỡ cây cầu giữa trời mây, tạo nên khung cảnh độc đáo hiếm có.\n\nKhông dừng lại ở cảnh đẹp, Đà Nẵng còn chinh phục du khách bằng nền ẩm thực phong phú. Những món ăn như mì Quảng, bún chả cá, bánh tráng cuốn thịt heo hay hải sản tươi sống luôn khiến thực khách hài lòng. Dạo quanh các quán ăn địa phương hay chợ đêm, bạn sẽ cảm nhận rõ nét văn hóa ẩm thực đặc trưng nơi đây.\n\nĐà Nẵng không quá ồn ào, không quá vội vã, nhưng lại đủ hấp dẫn để mỗi chuyến đi đều trở thành một kỷ niệm đáng nhớ. Nếu bạn đang tìm kiếm một điểm đến vừa hiện đại vừa gần gũi thiên nhiên, Đà Nẵng chắc chắn là lựa chọn không thể bỏ qua.','2026-05-21 20:58:21.808697','Đà Nẵng – nơi hội tụ giữa biển xanh, núi non hùng vĩ và nhịp sống hiện đại – luôn là điểm đến lý tưởng cho những ai muốn tận hưởng chuyến du lịch trọn vẹn, từ nghỉ dưỡng đến khám phá và trải nghiệm ẩm thực đặc sắc.','https://nads.1cdn.vn/2025/01/10/W_ban-chieu7.jpg','Khám phá Đà Nẵng – Thành phố đáng sống với hành trình biển, núi và ẩm thực','2026-05-21 20:58:21.808697',2);
/*!40000 ALTER TABLE `blogs` ENABLE KEYS */;
UNLOCK TABLES;

--
-- Table structure for table `categories`
--

DROP TABLE IF EXISTS `categories`;
/*!40101 SET @saved_cs_client     = @@character_set_client */;
/*!50503 SET character_set_client = utf8mb4 */;
CREATE TABLE `categories` (
  `category_id` bigint NOT NULL AUTO_INCREMENT,
  `description` text,
  `name` varchar(50) NOT NULL,
  `slug` varchar(50) NOT NULL,
  PRIMARY KEY (`category_id`),
  UNIQUE KEY `UKt8o6pivur7nn124jehx7cygw5` (`name`),
  UNIQUE KEY `UKoul14ho7bctbefv8jywp5v3i2` (`slug`)
) ENGINE=InnoDB AUTO_INCREMENT=19 DEFAULT CHARSET=utf8mb4 COLLATE=utf8mb4_0900_ai_ci;
/*!40101 SET character_set_client = @saved_cs_client */;

--
-- Dumping data for table `categories`
--

LOCK TABLES `categories` WRITE;
/*!40000 ALTER TABLE `categories` DISABLE KEYS */;
INSERT INTO `categories` VALUES (1,'Các nhà hàng sang trọng và đa dạng món ăn','Nhà hàng','nha-hang'),(2,'Các quán ăn bình dân, đặc sản địa phương','Quán ăn','quan-an'),(3,'Không gian thư giãn, thưởng thức cà phê và trà','Quán cà phê','quan-ca-phe'),(4,'Địa điểm vui chơi, giải trí về đêm','Quán nhậu / Bar','quan-nhau-bar'),(5,'Các cửa hàng thức ăn nhanh tiện lợi','Đồ ăn nhanh','do-an-nhanh'),(7,'Các tiệm bánh ngọt, bánh mì và điểm ăn nhẹ','Tiệm bánh','tiem-banh'),(8,'Cửa hàng bán hoa và quà lưu niệm','Tiệm hoa','tiem-hoa'),(9,'Các cơ sở tôn giáo Thiên Chúa giáo, địa điểm tham quan tâm linh','Nhà thờ','nha-tho'),(10,'Nơi tu hành tĩnh lặng, địa điểm tâm linh','Tịnh thất','tinh-that'),(11,'Trung tâm chiếu phim giải trí','Rạp chiếu phim','rap-chieu-phim'),(12,'Các quán ăn giá rẻ, phục vụ cơm phở hàng ngày','Quán ăn bình dân','quan-an-binh-dan'),(13,'Chợ truyền thống sầm uất và trung tâm thương mại','Chợ','cho'),(14,'Nơi tu hành của ni cô, điểm tâm linh thanh tịnh','Ni viện','ni-vien'),(15,'Các quán ăn phục vụ thực đơn chay tốt cho sức khỏe','Quán ăn chay','quan-an-chay'),(16,'Địa điểm lưu giữ di tích lịch sử, bảo tàng, tượng đài lịch sử','Bảo tàng','bao-tang'),(17,'Cơ sở lưu trú, khách sạn, nhà nghỉ tiện nghi','Khách sạn','khach-san'),(18,'Các ngôi chùa Phật giáo thanh tịnh cổ kính','Chùa','chua');
/*!40000 ALTER TABLE `categories` ENABLE KEYS */;
UNLOCK TABLES;

--
-- Table structure for table `favorites`
--

DROP TABLE IF EXISTS `favorites`;
/*!40101 SET @saved_cs_client     = @@character_set_client */;
/*!50503 SET character_set_client = utf8mb4 */;
CREATE TABLE `favorites` (
  `favorite_id` bigint NOT NULL AUTO_INCREMENT,
  `created_at` datetime(6) DEFAULT NULL,
  `updated_at` datetime(6) DEFAULT NULL,
  `location_id` bigint NOT NULL,
  `user_id` bigint NOT NULL,
  PRIMARY KEY (`favorite_id`),
  KEY `FKlu0n82o1kjdo94gddprx6rqoo` (`location_id`),
  KEY `FKk7du8b8ewipawnnpg76d55fus` (`user_id`),
  CONSTRAINT `FKk7du8b8ewipawnnpg76d55fus` FOREIGN KEY (`user_id`) REFERENCES `users` (`user_id`),
  CONSTRAINT `FKlu0n82o1kjdo94gddprx6rqoo` FOREIGN KEY (`location_id`) REFERENCES `locations` (`location_id`)
) ENGINE=InnoDB AUTO_INCREMENT=651 DEFAULT CHARSET=utf8mb4 COLLATE=utf8mb4_0900_ai_ci;
/*!40101 SET character_set_client = @saved_cs_client */;

--
-- Dumping data for table `favorites`
--

LOCK TABLES `favorites` WRITE;
/*!40000 ALTER TABLE `favorites` DISABLE KEYS */;
INSERT INTO `favorites` VALUES (2,'2026-05-12 16:54:09.750092',NULL,27,1),(3,'2026-05-21 16:54:09.762345',NULL,48,1),(4,'2026-04-29 16:54:09.774781',NULL,11,1),(6,'2026-04-10 16:54:09.797997',NULL,26,1),(7,'2026-04-25 16:54:09.811808',NULL,51,1),(8,'2026-04-03 16:54:09.826101',NULL,39,1),(10,'2026-04-06 16:54:09.856519',NULL,27,3),(11,'2026-05-17 16:54:09.871489',NULL,51,3),(12,'2026-04-24 16:54:09.884333',NULL,42,3),(13,'2026-04-10 16:54:09.896278',NULL,11,3),(14,'2026-05-07 16:54:09.908981',NULL,13,3),(15,'2026-05-19 16:54:09.923044',NULL,8,3),(16,'2026-04-09 16:54:09.936406',NULL,48,3),(17,'2026-04-12 16:54:09.947265',NULL,23,3),(19,'2026-05-22 16:54:09.975596',NULL,51,4),(20,'2026-04-24 16:54:09.988304',NULL,11,4),(21,'2026-04-10 16:54:10.000144',NULL,39,4),(22,'2026-05-08 16:54:10.010745',NULL,42,4),(23,'2026-05-15 16:54:10.028534',NULL,26,4),(24,'2026-04-10 16:54:10.048696',NULL,27,4),(25,'2026-05-02 16:54:10.063871',NULL,23,4),(26,'2026-04-03 16:54:10.078313',NULL,8,4),(27,'2026-04-13 16:54:10.093666',NULL,48,4),(28,'2026-05-16 16:54:10.108356',NULL,23,5),(29,'2026-05-09 16:54:10.122456',NULL,42,5),(30,'2026-04-19 16:54:10.138099',NULL,48,5),(31,'2026-05-14 16:54:10.151292',NULL,13,5),(32,'2026-05-21 16:54:10.165929',NULL,26,5),(33,'2026-03-29 16:54:10.181544',NULL,1,5),(34,'2026-04-09 16:54:10.200412',NULL,11,5),(35,'2026-05-05 16:54:10.217398',NULL,51,5),(37,'2026-05-09 16:54:10.241866',NULL,1,6),(38,'2026-04-06 16:54:10.252389',NULL,26,6),(39,'2026-04-07 16:54:10.261760',NULL,23,6),(41,'2026-04-14 16:54:10.282377',NULL,48,6),(42,'2026-05-22 16:54:10.293220',NULL,39,6),(43,'2026-04-19 16:54:10.302427',NULL,27,6),(44,'2026-04-17 16:54:10.309912',NULL,13,6),(45,'2026-04-11 16:54:10.321714',NULL,11,6),(46,'2026-04-14 16:54:10.329327',NULL,51,7),(47,'2026-05-04 16:54:10.339497',NULL,11,7),(48,'2026-04-23 16:54:10.345328',NULL,39,7),(49,'2026-04-19 16:54:10.357009',NULL,1,7),(50,'2026-04-13 16:54:10.366459',NULL,26,7),(51,'2026-04-13 16:54:10.376850',NULL,13,7),(52,'2026-04-11 16:54:10.388143',NULL,42,7),(53,'2026-03-31 16:54:10.399297',NULL,48,7),(54,'2026-04-17 16:54:10.409528',NULL,8,7),(55,'2026-04-13 16:54:10.419620',NULL,48,8),(56,'2026-04-06 16:54:10.428363',NULL,27,8),(57,'2026-05-13 16:54:10.439262',NULL,26,8),(58,'2026-04-20 16:54:10.448089',NULL,42,8),(59,'2026-05-06 16:54:10.458309',NULL,1,8),(60,'2026-04-09 16:54:10.468242',NULL,39,8),(61,'2026-05-17 16:54:10.477646',NULL,23,8),(62,'2026-04-08 16:54:10.488821',NULL,11,8),(63,'2026-04-01 16:54:10.498302',NULL,8,8),(64,'2026-04-23 16:54:10.509793',NULL,11,9),(66,'2026-04-16 16:54:10.531821',NULL,23,9),(67,'2026-05-02 16:54:10.542679',NULL,42,9),(68,'2026-04-11 16:54:10.553938',NULL,26,9),(69,'2026-04-18 16:54:10.562467',NULL,51,9),(70,'2026-04-15 16:54:10.566989',NULL,13,9),(71,'2026-04-04 16:54:10.588824',NULL,8,9),(72,'2026-05-04 16:54:10.601476',NULL,1,9),(73,'2026-05-18 16:54:10.614723',NULL,23,10),(74,'2026-05-20 16:54:10.628386',NULL,26,10),(75,'2026-04-18 16:54:10.643662',NULL,42,10),(76,'2026-05-10 16:54:10.659607',NULL,8,10),(77,'2026-04-20 16:54:10.673002',NULL,11,10),(78,'2026-05-10 16:54:10.684780',NULL,27,10),(79,'2026-04-26 16:54:10.697486',NULL,1,10),(80,'2026-04-26 16:54:10.710116',NULL,13,10),(81,'2026-05-19 16:54:10.724317',NULL,48,10),(82,'2026-04-20 16:54:10.739640',NULL,26,11),(83,'2026-05-10 16:54:10.756063',NULL,13,11),(84,'2026-04-25 16:54:10.773849',NULL,23,11),(85,'2026-05-10 16:54:10.792137',NULL,1,11),(86,'2026-03-31 16:54:10.809101',NULL,42,11),(87,'2026-04-06 16:54:10.827520',NULL,11,11),(88,'2026-05-11 16:54:10.844031',NULL,8,11),(89,'2026-05-05 16:54:10.858696',NULL,48,11),(91,'2026-05-21 16:54:10.894047',NULL,12,12),(92,'2026-05-05 16:54:10.915050',NULL,9,12),(93,'2026-04-26 16:54:10.927999',NULL,20,12),(94,'2026-04-12 16:54:10.941021',NULL,59,12),(95,'2026-04-22 16:54:10.953602',NULL,57,12),(96,'2026-04-27 16:54:10.965826',NULL,28,12),(97,'2026-05-02 16:54:10.980063',NULL,3,12),(98,'2026-05-21 16:54:11.000169',NULL,50,12),(99,'2026-05-08 16:54:11.016436',NULL,12,13),(100,'2026-04-07 16:54:11.032446',NULL,9,13),(101,'2026-04-27 16:54:11.047587',NULL,3,13),(102,'2026-04-08 16:54:11.061779',NULL,50,13),(103,'2026-05-11 16:54:11.078849',NULL,31,13),(104,'2026-04-09 16:54:11.092935',NULL,43,13),(105,'2026-05-05 16:54:11.104854',NULL,28,13),(106,'2026-04-24 16:54:11.115625',NULL,57,13),(107,'2026-03-31 16:54:11.126523',NULL,59,14),(108,'2026-05-14 16:54:11.136950',NULL,28,14),(109,'2026-04-06 16:54:11.145994',NULL,50,14),(110,'2026-04-03 16:54:11.158720',NULL,20,14),(112,'2026-03-29 16:54:11.177595',NULL,9,14),(113,'2026-05-08 16:54:11.192740',NULL,31,14),(114,'2026-05-13 16:54:11.206773',NULL,3,14),(115,'2026-04-10 16:54:11.220539',NULL,50,15),(116,'2026-05-03 16:54:11.236513',NULL,12,15),(117,'2026-03-30 16:54:11.247515',NULL,3,15),(119,'2026-04-01 16:54:11.270311',NULL,59,15),(120,'2026-04-09 16:54:11.279188',NULL,28,15),(121,'2026-04-15 16:54:11.293309',NULL,9,15),(122,'2026-04-25 16:54:11.307690',NULL,20,15),(123,'2026-03-30 16:54:11.322390',NULL,57,16),(124,'2026-04-16 16:54:11.337827',NULL,31,16),(126,'2026-05-06 16:54:11.366325',NULL,20,16),(127,'2026-05-21 16:54:11.381279',NULL,9,16),(128,'2026-04-03 16:54:11.396372',NULL,59,16),(129,'2026-05-02 16:54:11.412464',NULL,50,16),(130,'2026-04-19 16:54:11.425957',NULL,28,16),(131,'2026-04-17 16:54:11.439127',NULL,28,17),(133,'2026-05-03 16:54:11.464894',NULL,59,17),(134,'2026-04-14 16:54:11.475922',NULL,9,17),(135,'2026-04-18 16:54:11.488244',NULL,57,17),(136,'2026-05-13 16:54:11.499601',NULL,31,17),(137,'2026-05-19 16:54:11.510302',NULL,3,17),(138,'2026-05-14 16:54:11.521305',NULL,12,17),(139,'2026-04-03 16:54:11.530798',NULL,50,18),(140,'2026-03-30 16:54:11.541968',NULL,3,18),(141,'2026-04-18 16:54:11.551840',NULL,28,18),(142,'2026-04-02 16:54:11.560746',NULL,57,18),(143,'2026-05-06 16:54:11.571369',NULL,31,18),(144,'2026-04-01 16:54:11.579953',NULL,9,18),(145,'2026-04-12 16:54:11.593805',NULL,43,18),(146,'2026-05-11 16:54:11.604338',NULL,59,18),(147,'2026-05-19 16:54:11.636441',NULL,20,19),(148,'2026-05-13 16:54:11.648132',NULL,31,19),(149,'2026-05-21 16:54:11.658717',NULL,43,19),(150,'2026-04-23 16:54:11.669489',NULL,3,19),(152,'2026-04-29 16:54:11.695365',NULL,59,19),(153,'2026-04-21 16:54:11.706726',NULL,57,19),(154,'2026-05-01 16:54:11.717567',NULL,28,19),(155,'2026-04-06 16:54:11.726516',NULL,20,20),(156,'2026-05-01 16:54:11.736913',NULL,57,20),(157,'2026-04-22 16:54:11.744469',NULL,9,20),(158,'2026-05-19 16:54:11.752845',NULL,50,20),(159,'2026-04-12 16:54:11.764273',NULL,31,20),(160,'2026-05-09 16:54:11.773483',NULL,43,20),(161,'2026-05-01 16:54:11.781704',NULL,3,20),(162,'2026-05-19 16:54:11.791673',NULL,28,20),(163,'2026-05-05 16:54:11.800598',NULL,28,21),(165,'2026-04-03 16:54:11.820692',NULL,31,21),(166,'2026-04-02 16:54:11.829582',NULL,3,21),(167,'2026-04-25 16:54:11.842732',NULL,43,21),(168,'2026-04-11 16:54:11.854115',NULL,57,21),(169,'2026-04-21 16:54:11.862244',NULL,9,21),(170,'2026-05-14 16:54:11.875364',NULL,50,21),(171,'2026-04-18 16:54:11.885159',NULL,35,22),(173,'2026-05-09 16:54:11.906403',NULL,40,22),(174,'2026-04-08 16:54:11.914280',NULL,19,22),(176,'2026-04-05 16:54:11.934749',NULL,32,22),(177,'2026-04-17 16:54:11.944724',NULL,4,22),(178,'2026-04-22 16:54:11.954916',NULL,58,22),(179,'2026-04-20 16:54:11.962097',NULL,35,23),(182,'2026-05-01 16:54:11.987265',NULL,6,23),(184,'2026-04-02 16:54:12.008872',NULL,32,23),(185,'2026-04-11 16:54:12.017957',NULL,60,23),(186,'2026-05-23 16:54:12.027278',NULL,4,23),(187,'2026-04-16 16:54:12.039996',NULL,6,24),(190,'2026-05-10 16:54:12.070071',NULL,35,24),(191,'2026-04-08 16:54:12.077229',NULL,40,24),(192,'2026-04-10 16:54:12.086198',NULL,32,24),(193,'2026-04-22 16:54:12.094545',NULL,4,24),(194,'2026-05-14 16:54:12.103999',NULL,60,24),(195,'2026-04-04 16:54:12.112477',NULL,58,25),(198,'2026-03-31 16:54:12.140283',NULL,35,25),(199,'2026-05-11 16:54:12.149722',NULL,60,25),(201,'2026-04-17 16:54:12.168143',NULL,6,25),(202,'2026-04-20 16:54:12.177294',NULL,19,25),(203,'2026-05-14 16:54:12.188450',NULL,40,26),(205,'2026-05-05 16:54:12.210422',NULL,4,26),(206,'2026-04-07 16:54:12.222319',NULL,58,26),(207,'2026-05-09 16:54:12.230425',NULL,19,26),(208,'2026-04-05 16:54:12.243439',NULL,35,26),(209,'2026-05-22 16:54:12.254266',NULL,6,26),(210,'2026-04-15 16:54:12.262144',NULL,32,26),(213,'2026-05-02 16:54:12.290605',NULL,58,27),(214,'2026-05-07 16:54:12.300058',NULL,19,27),(215,'2026-05-02 16:54:12.310024',NULL,6,27),(216,'2026-04-30 16:54:12.321471',NULL,32,27),(217,'2026-04-01 16:54:12.330936',NULL,60,27),(219,'2026-03-29 16:54:12.348254',NULL,32,28),(221,'2026-04-07 16:54:12.368011',NULL,19,28),(223,'2026-04-22 16:54:12.387958',NULL,58,28),(224,'2026-04-23 16:54:12.396261',NULL,35,28),(225,'2026-05-15 16:54:12.408230',NULL,4,28),(226,'2026-04-17 16:54:12.419465',NULL,40,28),(230,'2026-05-21 16:54:12.463923',NULL,58,29),(231,'2026-04-15 16:54:12.474144',NULL,6,29),(232,'2026-05-09 16:54:12.487005',NULL,60,29),(233,'2026-04-03 16:54:12.497439',NULL,35,29),(234,'2026-05-05 16:54:12.509108',NULL,19,29),(235,'2026-04-14 16:54:12.521246',NULL,58,30),(237,'2026-05-18 16:54:12.543468',NULL,35,30),(238,'2026-05-05 16:54:12.553612',NULL,4,30),(239,'2026-04-13 16:54:12.563069',NULL,32,30),(241,'2026-04-22 16:54:12.587399',NULL,6,30),(242,'2026-04-01 16:54:12.619166',NULL,19,30),(243,'2026-05-16 16:54:12.634512',NULL,4,31),(244,'2026-04-11 16:54:12.644427',NULL,60,31),(246,'2026-04-08 16:54:12.664658',NULL,40,31),(247,'2026-04-25 16:54:12.677050',NULL,32,31),(249,'2026-05-06 16:54:12.697115',NULL,19,31),(251,'2026-04-23 16:54:12.720668',NULL,39,32),(252,'2026-05-18 16:54:12.729871',NULL,16,32),(253,'2026-04-10 16:54:12.743579',NULL,8,32),(254,'2026-05-01 16:54:12.754094',NULL,41,32),(255,'2026-05-22 16:54:12.762748',NULL,2,32),(256,'2026-04-24 16:54:12.773380',NULL,5,32),(257,'2026-04-30 16:54:12.782725',NULL,62,32),(258,'2026-04-21 16:54:12.792806',NULL,46,32),(259,'2026-04-19 16:54:12.803436',NULL,29,33),(260,'2026-04-16 16:54:12.814563',NULL,7,33),(261,'2026-04-23 16:54:12.827213',NULL,41,33),(262,'2026-04-27 16:54:12.839460',NULL,39,33),(263,'2026-04-29 16:54:12.849470',NULL,5,33),(264,'2026-04-30 16:54:12.863408',NULL,62,33),(265,'2026-04-19 16:54:12.875477',NULL,37,33),(266,'2026-05-09 16:54:12.890250',NULL,16,33),(267,'2026-04-20 16:54:12.901800',NULL,46,34),(268,'2026-05-21 16:54:12.911188',NULL,16,34),(269,'2026-04-18 16:54:12.923264',NULL,5,34),(270,'2026-05-08 16:54:12.934907',NULL,41,34),(271,'2026-04-01 16:54:12.944398',NULL,37,34),(272,'2026-05-05 16:54:12.959824',NULL,62,34),(273,'2026-04-16 16:54:12.972373',NULL,2,34),(274,'2026-05-10 16:54:12.982804',NULL,7,34),(275,'2026-04-02 16:54:12.994682',NULL,7,35),(276,'2026-04-12 16:54:13.001642',NULL,5,35),(277,'2026-05-04 16:54:13.015547',NULL,16,35),(278,'2026-05-18 16:54:13.027240',NULL,29,35),(279,'2026-04-29 16:54:13.040011',NULL,2,35),(280,'2026-03-29 16:54:13.052602',NULL,46,35),(281,'2026-04-09 16:54:13.063660',NULL,8,35),(282,'2026-04-11 16:54:13.075312',NULL,37,35),(283,'2026-04-16 16:54:13.087336',NULL,8,36),(284,'2026-04-18 16:54:13.098432',NULL,62,36),(285,'2026-04-26 16:54:13.106860',NULL,29,36),(286,'2026-04-03 16:54:13.125941',NULL,46,36),(287,'2026-05-14 16:54:13.144333',NULL,7,36),(288,'2026-04-04 16:54:13.159160',NULL,16,36),(289,'2026-05-08 16:54:13.174408',NULL,2,36),(290,'2026-05-10 16:54:13.189866',NULL,39,36),(291,'2026-04-15 16:54:13.206535',NULL,29,37),(292,'2026-04-03 16:54:13.225498',NULL,39,37),(293,'2026-03-31 16:54:13.243520',NULL,2,37),(294,'2026-05-13 16:54:13.261324',NULL,62,37),(295,'2026-03-30 16:54:13.277237',NULL,16,37),(296,'2026-05-05 16:54:13.294620',NULL,46,37),(297,'2026-04-05 16:54:13.311719',NULL,7,37),(298,'2026-04-18 16:54:13.324921',NULL,41,37),(299,'2026-04-19 16:54:13.336999',NULL,46,38),(300,'2026-04-11 16:54:13.348798',NULL,8,38),(301,'2026-05-09 16:54:13.360600',NULL,41,38),(302,'2026-04-05 16:54:13.373352',NULL,29,38),(303,'2026-05-06 16:54:13.385776',NULL,5,38),(304,'2026-04-05 16:54:13.395869',NULL,16,38),(305,'2026-05-10 16:54:13.407584',NULL,62,38),(306,'2026-05-17 16:54:13.418963',NULL,2,38),(307,'2026-04-23 16:54:13.428890',NULL,7,39),(308,'2026-05-03 16:54:13.440506',NULL,39,39),(309,'2026-05-03 16:54:13.451276',NULL,37,39),(310,'2026-04-29 16:54:13.461674',NULL,2,39),(311,'2026-04-19 16:54:13.476064',NULL,46,39),(312,'2026-03-31 16:54:13.488927',NULL,5,39),(313,'2026-05-14 16:54:13.501774',NULL,16,39),(314,'2026-04-21 16:54:13.512841',NULL,41,39),(315,'2026-04-10 16:54:13.524480',NULL,2,40),(316,'2026-04-23 16:54:13.535854',NULL,46,40),(317,'2026-05-16 16:54:13.546392',NULL,7,40),(318,'2026-04-16 16:54:13.558054',NULL,62,40),(319,'2026-04-13 16:54:13.569224',NULL,29,40),(320,'2026-04-11 16:54:13.578970',NULL,41,40),(321,'2026-05-03 16:54:13.590576',NULL,39,40),(322,'2026-04-06 16:54:13.604545',NULL,5,40),(323,'2026-05-03 16:54:13.617646',NULL,8,41),(324,'2026-04-25 16:54:13.630231',NULL,5,41),(325,'2026-05-06 16:54:13.642364',NULL,7,41),(326,'2026-04-24 16:54:13.654305',NULL,41,41),(327,'2026-04-08 16:54:13.665062',NULL,62,41),(328,'2026-04-25 16:54:13.678008',NULL,46,41),(329,'2026-04-22 16:54:13.693149',NULL,16,41),(330,'2026-05-11 16:54:13.709217',NULL,39,41),(331,'2026-05-07 16:54:13.725071',NULL,38,42),(332,'2026-05-03 16:54:13.737280',NULL,9,42),(333,'2026-05-03 16:54:13.744790',NULL,45,42),(334,'2026-04-17 16:54:13.758512',NULL,61,42),(335,'2026-05-11 16:54:13.770370',NULL,15,42),(336,'2026-04-28 16:54:13.780757',NULL,10,42),(338,'2026-04-27 16:54:13.802702',NULL,47,42),(339,'2026-05-04 16:54:13.813242',NULL,10,43),(340,'2026-05-07 16:54:13.829664',NULL,36,43),(341,'2026-05-11 16:54:13.839448',NULL,38,43),(342,'2026-04-26 16:54:13.847804',NULL,45,43),(343,'2026-03-31 16:54:13.859233',NULL,26,43),(344,'2026-05-20 16:54:13.869526',NULL,61,43),(345,'2026-05-18 16:54:13.878419',NULL,15,43),(346,'2026-05-03 16:54:13.890045',NULL,9,43),(347,'2026-04-20 16:54:13.898710',NULL,47,44),(348,'2026-05-06 16:54:13.907422',NULL,38,44),(350,'2026-05-09 16:54:13.922447',NULL,15,44),(351,'2026-04-16 16:54:13.930377',NULL,10,44),(352,'2026-03-30 16:54:13.940869',NULL,61,44),(353,'2026-05-14 16:54:13.949161',NULL,36,44),(354,'2026-05-19 16:54:13.956950',NULL,9,44),(355,'2026-05-20 16:54:13.967115',NULL,17,45),(356,'2026-04-21 16:54:13.977147',NULL,36,45),(357,'2026-04-06 16:54:13.990552',NULL,61,45),(358,'2026-05-21 16:54:14.000327',NULL,38,45),(359,'2026-04-24 16:54:14.008323',NULL,26,45),(360,'2026-04-06 16:54:14.020126',NULL,10,45),(361,'2026-04-20 16:54:14.028290',NULL,47,45),(362,'2026-05-02 16:54:14.040140',NULL,45,45),(363,'2026-04-07 16:54:14.052816',NULL,26,46),(364,'2026-05-17 16:54:14.060802',NULL,36,46),(365,'2026-04-05 16:54:14.071249',NULL,15,46),(366,'2026-05-14 16:54:14.079002',NULL,38,46),(367,'2026-04-26 16:54:14.089174',NULL,10,46),(368,'2026-04-10 16:54:14.097364',NULL,61,46),(369,'2026-03-31 16:54:14.106968',NULL,45,46),(371,'2026-03-30 16:54:14.124234',NULL,9,47),(372,'2026-04-19 16:54:14.133810',NULL,10,47),(373,'2026-05-21 16:54:14.141989',NULL,47,47),(374,'2026-04-12 16:54:14.151016',NULL,26,47),(375,'2026-05-23 16:54:14.160323',NULL,38,47),(377,'2026-04-14 16:54:14.177328',NULL,45,47),(378,'2026-05-21 16:54:14.182657',NULL,36,47),(379,'2026-04-20 16:54:14.201965',NULL,10,48),(380,'2026-05-10 16:54:14.210109',NULL,38,48),(381,'2026-05-18 16:54:14.221153',NULL,15,48),(382,'2026-05-14 16:54:14.228764',NULL,61,48),(384,'2026-03-29 16:54:14.250389',NULL,9,48),(385,'2026-04-27 16:54:14.258688',NULL,26,48),(386,'2026-05-04 16:54:14.269035',NULL,17,48),(387,'2026-04-01 16:54:14.277361',NULL,36,49),(388,'2026-04-05 16:54:14.287099',NULL,47,49),(389,'2026-05-17 16:54:14.294972',NULL,10,49),(390,'2026-04-22 16:54:14.306198',NULL,15,49),(391,'2026-04-24 16:54:14.314396',NULL,38,49),(392,'2026-04-17 16:54:14.324756',NULL,61,49),(393,'2026-04-24 16:54:14.334417',NULL,17,49),(394,'2026-04-06 16:54:14.342327',NULL,9,49),(395,'2026-04-27 16:54:14.353011',NULL,47,50),(396,'2026-04-01 16:54:14.363004',NULL,10,50),(397,'2026-04-30 16:54:14.373235',NULL,15,50),(398,'2026-04-11 16:54:14.383174',NULL,9,50),(399,'2026-04-02 16:54:14.392039',NULL,38,50),(400,'2026-04-26 16:54:14.400992',NULL,45,50),(401,'2026-05-18 16:54:14.412107',NULL,17,50),(403,'2026-05-13 16:54:14.429701',NULL,38,51),(404,'2026-03-31 16:54:14.439374',NULL,61,51),(405,'2026-05-04 16:54:14.446342',NULL,9,51),(406,'2026-05-02 16:54:14.456151',NULL,36,51),(407,'2026-05-04 16:54:14.464373',NULL,26,51),(408,'2026-04-12 16:54:14.471746',NULL,45,51),(409,'2026-04-19 16:54:14.484897',NULL,47,51),(410,'2026-04-11 16:54:14.494980',NULL,15,51),(411,'2026-04-02 16:54:14.506736',NULL,9,52),(412,'2026-04-21 16:54:14.512488',NULL,10,52),(413,'2026-05-02 16:54:14.523892',NULL,45,52),(414,'2026-04-09 16:54:14.534239',NULL,38,52),(415,'2026-05-04 16:54:14.542565',NULL,15,52),(416,'2026-05-16 16:54:14.552090',NULL,61,52),(417,'2026-05-11 16:54:14.559742',NULL,17,52),(418,'2026-04-07 16:54:14.570755',NULL,36,52),(419,'2026-05-03 16:54:14.579552',NULL,47,53),(421,'2026-03-30 16:54:14.601196',NULL,45,53),(422,'2026-05-19 16:54:14.612415',NULL,38,53),(423,'2026-04-17 16:54:14.623400',NULL,61,53),(424,'2026-04-04 16:54:14.634306',NULL,17,53),(425,'2026-05-20 16:54:14.643362',NULL,26,53),(426,'2026-03-30 16:54:14.654160',NULL,9,53),(428,'2026-06-14 03:02:00.594028','2026-06-14 03:02:00.594028',1,1),(429,'2026-06-14 14:43:48.951673','2026-06-14 14:43:48.951673',1,54),(430,'2026-06-14 14:43:50.840056','2026-06-14 14:43:50.840056',5,54),(431,'2026-06-17 15:08:49.510598','2026-06-17 15:08:49.510598',1,2),(432,'2026-06-17 15:08:50.988489','2026-06-17 15:08:50.988489',3,2),(434,'2026-06-17 15:17:55.278217','2026-06-17 15:17:55.278217',4,2),(438,'2026-06-17 16:07:33.236551','2026-06-17 16:07:33.236551',23,1),(439,'2026-06-17 16:21:02.231829','2026-06-17 16:21:02.231829',2,2),(440,'2026-06-17 23:31:28.487359','2026-06-17 23:31:28.487359',5,2),(441,'2026-05-17 14:07:05.793333',NULL,63,53),(442,'2026-05-09 14:07:05.800703',NULL,63,40),(443,'2026-06-13 14:07:05.806981',NULL,63,13),(444,'2026-05-10 14:07:05.810960',NULL,63,51),(445,'2026-04-22 14:07:05.814986',NULL,63,41),(446,'2026-05-06 14:07:05.821347',NULL,63,7),(447,'2026-05-20 14:07:05.823633',NULL,63,42),(448,'2026-06-16 14:07:05.832372',NULL,63,16),(449,'2026-06-05 14:07:05.836091',NULL,63,32),(450,'2026-04-25 14:07:05.839342',NULL,63,55),(451,'2026-04-28 14:07:05.842811',NULL,64,30),(452,'2026-05-25 14:07:05.848496',NULL,64,42),(453,'2026-05-06 14:07:05.853933',NULL,64,25),(454,'2026-04-19 14:07:05.864382',NULL,64,41),(455,'2026-05-24 14:07:05.873030',NULL,64,38),(456,'2026-05-04 14:07:05.878841',NULL,64,27),(457,'2026-06-02 14:07:05.885431',NULL,64,31),(458,'2026-06-13 14:07:05.902338',NULL,64,34),(469,'2026-05-27 14:07:05.972884',NULL,66,17),(470,'2026-06-06 14:07:05.978036',NULL,66,13),(471,'2026-04-30 14:07:05.981502',NULL,66,12),(472,'2026-05-24 14:07:05.989041',NULL,66,51),(473,'2026-06-01 14:07:05.993944',NULL,66,21),(474,'2026-05-16 14:07:06.000539',NULL,66,6),(475,'2026-06-11 14:07:06.007326',NULL,66,27),(476,'2026-05-25 14:07:06.012263',NULL,66,15),(477,'2026-06-03 14:07:06.021960',NULL,66,22),(478,'2026-04-28 14:07:06.031255',NULL,66,28),(479,'2026-06-16 14:07:06.035027',NULL,67,8),(480,'2026-05-24 14:07:06.040320',NULL,67,14),(481,'2026-05-29 14:07:06.044322',NULL,67,33),(482,'2026-05-31 14:07:06.046022',NULL,67,22),(483,'2026-05-26 14:07:06.050585',NULL,67,3),(484,'2026-05-19 14:07:06.068221',NULL,67,47),(485,'2026-06-09 14:07:06.071522',NULL,67,28),(495,'2026-05-09 14:07:06.144069',NULL,69,15),(496,'2026-05-03 14:07:06.159522',NULL,69,14),(497,'2026-05-24 14:07:06.171798',NULL,69,40),(498,'2026-05-24 14:07:06.178870',NULL,69,27),(499,'2026-04-26 14:07:06.196376',NULL,69,10),(500,'2026-05-13 14:07:06.199165',NULL,69,46),(501,'2026-05-17 14:07:06.209891',NULL,69,1),(502,'2026-05-11 14:07:06.213742',NULL,69,34),(503,'2026-06-09 14:07:06.227287',NULL,70,55),(504,'2026-06-12 14:07:06.231828',NULL,70,14),(505,'2026-05-16 14:07:06.239674',NULL,70,38),(506,'2026-06-07 14:07:06.248560',NULL,70,32),(507,'2026-06-15 14:07:06.254725',NULL,70,29),(508,'2026-05-19 14:07:06.258972',NULL,70,36),(509,'2026-04-22 14:07:06.264085',NULL,70,45),(510,'2026-04-23 14:07:06.273081',NULL,70,30),(511,'2026-06-08 14:07:06.278842',NULL,70,43),(512,'2026-05-20 14:07:06.286149',NULL,70,9),(513,'2026-05-06 14:07:06.292757',NULL,71,32),(514,'2026-04-29 14:07:06.295157',NULL,71,15),(515,'2026-05-23 14:07:06.302160',NULL,71,36),(516,'2026-05-18 14:07:06.310761',NULL,71,38),(517,'2026-04-19 14:07:06.312356',NULL,71,40),(518,'2026-05-07 14:07:06.321039',NULL,71,8),(519,'2026-04-30 14:07:06.321039',NULL,71,29),(520,'2026-06-15 14:07:06.321039',NULL,71,46),(521,'2026-05-19 14:07:06.339591',NULL,71,39),(522,'2026-05-04 14:07:06.341865',NULL,71,13),(523,'2026-05-26 14:07:06.346862',NULL,71,9),(524,'2026-06-07 14:07:06.353233',NULL,71,14),(525,'2026-05-06 14:07:06.357008',NULL,71,18),(526,'2026-05-21 14:07:06.359595',NULL,71,43),(527,'2026-05-30 14:07:06.367610',NULL,72,50),(528,'2026-05-03 14:07:06.374717',NULL,72,19),(529,'2026-05-13 14:07:06.382676',NULL,72,29),(530,'2026-04-24 14:07:06.392159',NULL,72,32),(531,'2026-05-10 14:07:06.404811',NULL,72,44),(532,'2026-05-01 14:07:06.404811',NULL,72,15),(533,'2026-05-19 14:07:06.425658',NULL,73,28),(534,'2026-06-08 14:07:06.429941',NULL,73,30),(535,'2026-04-30 14:07:06.434501',NULL,73,45),(536,'2026-05-26 14:07:06.444231',NULL,73,46),(537,'2026-04-22 14:07:06.450361',NULL,73,51),(538,'2026-06-14 14:07:06.454943',NULL,73,9),(539,'2026-05-11 14:07:06.462780',NULL,73,53),(540,'2026-05-04 14:07:06.466393',NULL,73,11),(541,'2026-05-18 14:07:06.479903',NULL,74,32),(542,'2026-06-07 14:07:06.482089',NULL,74,28),(543,'2026-05-13 14:07:06.492291',NULL,74,34),(544,'2026-05-25 14:07:06.504440',NULL,74,11),(545,'2026-06-07 14:07:06.512661',NULL,74,39),(546,'2026-04-30 14:07:06.516688',NULL,74,52),(547,'2026-04-21 14:07:06.525264',NULL,74,21),(548,'2026-05-20 14:07:06.532747',NULL,74,26),(549,'2026-05-01 14:07:06.540732',NULL,75,19),(550,'2026-05-03 14:07:06.547442',NULL,75,37),(551,'2026-04-22 14:07:06.556273',NULL,75,28),(552,'2026-06-03 14:07:06.564501',NULL,75,14),(553,'2026-04-23 14:07:06.573744',NULL,75,29),(554,'2026-05-29 14:07:06.579805',NULL,75,24),(555,'2026-05-18 14:07:06.584732',NULL,75,25),(556,'2026-05-06 14:07:06.590544',NULL,75,18),(557,'2026-05-21 14:07:06.598058',NULL,75,44),(558,'2026-05-01 14:07:06.600394',NULL,76,50),(559,'2026-05-10 14:07:06.608245',NULL,76,13),(560,'2026-04-29 14:07:06.611394',NULL,76,46),(561,'2026-05-15 14:07:06.615983',NULL,76,37),(562,'2026-05-24 14:07:06.619677',NULL,76,17),(563,'2026-06-15 14:07:06.619677',NULL,76,21),(564,'2026-04-27 14:07:06.630537',NULL,76,51),(565,'2026-06-06 14:07:06.637882',NULL,76,19),(566,'2026-04-22 14:07:06.643297',NULL,76,49),(567,'2026-05-13 14:07:06.650149',NULL,76,34),(568,'2026-05-31 14:07:06.659671',NULL,76,9),(569,'2026-06-05 14:07:06.662576',NULL,76,4),(570,'2026-06-07 14:07:06.665536',NULL,76,42),(571,'2026-04-20 14:07:06.673716',NULL,77,21),(572,'2026-06-03 14:07:06.678351',NULL,77,22),(573,'2026-05-28 14:07:06.688189',NULL,77,4),(574,'2026-05-12 14:07:06.697973',NULL,77,56),(575,'2026-06-02 14:07:06.710491',NULL,77,11),(576,'2026-05-01 14:07:06.719615',NULL,77,31),(577,'2026-04-24 14:07:06.726503',NULL,78,8),(578,'2026-05-13 14:07:06.729632',NULL,78,32),(579,'2026-04-27 14:07:06.740925',NULL,78,21),(580,'2026-04-28 14:07:06.748655',NULL,78,26),(581,'2026-05-05 14:07:06.755403',NULL,78,12),(582,'2026-06-07 14:07:06.762013',NULL,78,35),(583,'2026-05-22 14:07:06.770164',NULL,78,39),(584,'2026-05-29 14:07:06.778193',NULL,78,4),(585,'2026-04-26 14:07:06.781939',NULL,79,46),(586,'2026-05-19 14:07:06.792768',NULL,79,7),(587,'2026-04-25 14:07:06.798863',NULL,79,34),(588,'2026-06-03 14:07:06.805733',NULL,79,48),(589,'2026-06-16 14:07:06.809716',NULL,79,40),(590,'2026-04-19 14:07:06.812781',NULL,79,54),(591,'2026-05-18 14:07:06.821863',NULL,79,28),(592,'2026-06-12 14:07:06.826715',NULL,79,26),(593,'2026-05-03 14:07:06.831644',NULL,79,56),(594,'2026-05-05 14:07:06.835403',NULL,79,12),(595,'2026-05-30 14:07:06.841167',NULL,79,33),(596,'2026-05-23 14:07:06.845195',NULL,79,24),(597,'2026-05-13 14:07:06.849850',NULL,80,54),(598,'2026-05-12 14:07:06.855610',NULL,80,9),(599,'2026-05-18 14:07:06.861628',NULL,80,51),(600,'2026-05-28 14:07:06.865786',NULL,80,10),(601,'2026-06-03 14:07:06.871614',NULL,80,22),(602,'2026-05-30 14:07:06.886505',NULL,80,3),(603,'2026-05-20 14:07:06.895809',NULL,80,5),(604,'2026-06-03 14:07:06.899484',NULL,80,12),(605,'2026-05-15 14:07:06.902086',NULL,80,46),(606,'2026-06-06 14:07:06.911220',NULL,80,32),(607,'2026-05-07 14:07:06.919985',NULL,80,31),(608,'2026-04-25 14:07:06.928402',NULL,81,13),(609,'2026-06-08 14:07:06.940651',NULL,81,16),(610,'2026-04-29 14:07:06.950626',NULL,81,22),(611,'2026-04-28 14:07:06.955921',NULL,81,8),(612,'2026-04-26 14:07:06.960582',NULL,81,40),(613,'2026-05-27 14:07:06.963285',NULL,81,7),(614,'2026-06-10 14:07:06.981498',NULL,81,41),(615,'2026-05-05 14:07:06.989232',NULL,81,43),(616,'2026-05-02 14:07:06.994138',NULL,81,18),(617,'2026-04-28 14:07:06.999758',NULL,82,47),(618,'2026-04-29 14:07:07.006139',NULL,82,39),(619,'2026-05-13 14:07:07.010612',NULL,82,35),(620,'2026-04-25 14:07:07.015481',NULL,82,20),(621,'2026-05-07 14:07:07.025526',NULL,82,45),(622,'2026-04-22 14:07:07.031907',NULL,82,7),(623,'2026-05-12 14:07:07.036674',NULL,82,27),(624,'2026-05-27 14:07:07.042080',NULL,82,30),(625,'2026-06-02 14:07:07.049380',NULL,82,31),(626,'2026-04-20 14:07:07.056344',NULL,82,5),(627,'2026-05-05 14:07:07.064856',NULL,82,32),(628,'2026-04-21 14:07:07.074559',NULL,83,39),(629,'2026-06-14 14:07:07.076399',NULL,83,47),(630,'2026-04-23 14:07:07.080060',NULL,83,26),(631,'2026-06-07 14:07:07.083837',NULL,83,9),(632,'2026-04-24 14:07:07.088948',NULL,83,11),(633,'2026-05-09 14:07:07.100082',NULL,83,18),(634,'2026-05-06 14:07:07.103690',NULL,83,49),(635,'2026-05-23 14:07:07.113762',NULL,83,5),(636,'2026-05-03 14:07:07.121815',NULL,83,52),(637,'2026-06-16 14:07:07.129246',NULL,83,30),(638,'2026-05-12 14:07:07.131637',NULL,83,10),(639,'2026-05-25 14:07:07.140191',NULL,84,1),(640,'2026-06-07 14:07:07.143704',NULL,84,56),(641,'2026-05-30 14:07:07.150082',NULL,84,55),(642,'2026-05-11 14:07:07.155576',NULL,84,41),(643,'2026-05-11 14:07:07.162855',NULL,84,24),(644,'2026-04-26 14:07:07.166550',NULL,84,51),(645,'2026-06-12 14:07:07.175999',NULL,84,36),(646,'2026-04-19 14:07:07.179675',NULL,84,32),(647,'2026-05-27 14:07:07.184905',NULL,84,27),(648,'2026-05-02 14:07:07.192517',NULL,84,4),(649,'2026-06-11 14:07:07.196772',NULL,84,13),(650,'2026-05-20 14:07:07.210514',NULL,84,34);
/*!40000 ALTER TABLE `favorites` ENABLE KEYS */;
UNLOCK TABLES;

--
-- Table structure for table `location_tags`
--

DROP TABLE IF EXISTS `location_tags`;
/*!40101 SET @saved_cs_client     = @@character_set_client */;
/*!50503 SET character_set_client = utf8mb4 */;
CREATE TABLE `location_tags` (
  `score` double DEFAULT NULL,
  `location_id` bigint NOT NULL,
  `tag_id` bigint NOT NULL,
  PRIMARY KEY (`location_id`,`tag_id`),
  KEY `FKqmpxbisprsq6bow2afb90ja1x` (`tag_id`),
  CONSTRAINT `FKcx62x5vircxecs7ysq0bille5` FOREIGN KEY (`location_id`) REFERENCES `locations` (`location_id`),
  CONSTRAINT `FKqmpxbisprsq6bow2afb90ja1x` FOREIGN KEY (`tag_id`) REFERENCES `tags` (`tag_id`)
) ENGINE=InnoDB DEFAULT CHARSET=utf8mb4 COLLATE=utf8mb4_0900_ai_ci;
/*!40101 SET character_set_client = @saved_cs_client */;

--
-- Dumping data for table `location_tags`
--

LOCK TABLES `location_tags` WRITE;
/*!40000 ALTER TABLE `location_tags` DISABLE KEYS */;
INSERT INTO `location_tags` VALUES (1,1,7),(1,1,12),(1,1,16),(1,1,56),(1,2,5),(1,2,11),(1,2,14),(1,2,61),(1,3,4),(1,3,8),(1,3,13),(1,3,61),(1,4,5),(1,4,11),(1,4,14),(1,4,61),(1,5,4),(1,5,8),(1,5,13),(1,5,61),(1,6,5),(1,6,13),(1,6,61),(1,7,7),(1,7,12),(1,7,16),(1,7,56),(1,8,5),(1,8,9),(1,8,11),(1,8,14),(1,8,61),(1,9,5),(1,9,11),(1,9,14),(1,9,61),(1,10,49),(1,10,50),(1,10,51),(1,10,52),(1,11,49),(1,11,50),(1,11,51),(1,11,52),(1,12,5),(1,12,11),(1,12,14),(1,12,61),(1,13,66),(1,13,67),(1,13,68),(1,13,69),(1,15,4),(1,15,8),(1,15,13),(1,15,61),(1,16,8),(1,16,57),(1,16,58),(1,16,60),(1,17,49),(1,17,50),(1,17,51),(1,17,52),(1,19,5),(1,19,11),(1,19,14),(1,19,61),(1,20,49),(1,20,50),(1,20,51),(1,20,52),(1,23,5),(1,23,11),(1,23,14),(1,23,61),(1,26,49),(1,26,50),(1,26,51),(1,26,52),(1,27,7),(1,27,49),(1,27,50),(1,28,5),(1,28,11),(1,28,14),(1,28,61),(1,29,57),(1,29,58),(1,29,60),(1,31,4),(1,31,8),(1,31,13),(1,31,61),(1,32,50),(1,32,51),(1,32,52),(1,35,5),(1,35,11),(1,35,14),(1,35,61),(1,36,5),(1,36,11),(1,36,14),(1,36,61),(1,37,5),(1,37,11),(1,37,14),(1,37,61),(1,38,4),(1,38,8),(1,38,9),(1,38,13),(1,38,61),(1,39,4),(1,39,8),(1,39,13),(1,39,61),(1,40,5),(1,40,8),(1,40,52),(1,40,57),(1,41,7),(1,41,49),(1,41,50),(1,42,49),(1,42,50),(1,42,51),(1,42,52),(1,43,5),(1,43,11),(1,43,14),(1,43,61),(1,45,5),(1,45,16),(1,45,61),(1,46,5),(1,46,11),(1,46,14),(1,46,61),(1,47,5),(1,47,11),(1,47,14),(1,47,61),(1,48,4),(1,48,8),(1,48,13),(1,48,61),(1,50,5),(1,50,11),(1,50,14),(1,50,61),(1,51,4),(1,51,8),(1,51,13),(1,51,61),(1,57,5),(1,57,11),(1,57,14),(1,57,61),(1,58,7),(1,58,12),(1,58,16),(1,58,56),(1,59,5),(1,59,11),(1,59,14),(1,59,61),(1,60,7),(1,60,12),(1,60,16),(1,60,56),(1,61,5),(1,61,11),(1,61,14),(1,61,61),(1,62,5),(1,62,11),(1,62,14),(1,62,61),(1,63,4),(1,63,8),(1,63,13),(1,63,61),(1,64,66),(1,64,67),(1,64,68),(1,64,69),(1,66,49),(1,66,50),(1,66,51),(1,66,52),(1,67,50),(1,67,51),(1,67,52),(1,69,5),(1,69,8),(1,69,52),(1,69,57),(1,70,50),(1,70,51),(1,70,52),(1,71,5),(1,71,9),(1,71,11),(1,71,14),(1,71,61),(1,72,5),(1,72,11),(1,72,14),(1,72,61),(1,73,66),(1,73,67),(1,73,68),(1,73,69),(1,74,5),(1,74,11),(1,74,14),(1,74,61),(1,75,5),(1,75,16),(1,75,61),(1,76,5),(1,76,11),(1,76,14),(1,76,61),(1,77,5),(1,77,13),(1,77,61),(1,78,5),(1,78,11),(1,78,14),(1,78,61),(1,79,5),(1,79,9),(1,79,11),(1,79,14),(1,79,61),(1,80,5),(1,80,11),(1,80,14),(1,80,61),(1,81,66),(1,81,67),(1,81,68),(1,81,69),(1,82,66),(1,82,67),(1,82,68),(1,82,69),(1,83,5),(1,83,16),(1,83,61),(1,84,5),(1,84,8),(1,84,52),(1,84,57);
/*!40000 ALTER TABLE `location_tags` ENABLE KEYS */;
UNLOCK TABLES;

--
-- Table structure for table `locations`
--

DROP TABLE IF EXISTS `locations`;
/*!40101 SET @saved_cs_client     = @@character_set_client */;
/*!50503 SET character_set_client = utf8mb4 */;
CREATE TABLE `locations` (
  `location_id` bigint NOT NULL AUTO_INCREMENT,
  `created_at` datetime(6) DEFAULT NULL,
  `updated_at` datetime(6) DEFAULT NULL,
  `address` varchar(255) DEFAULT NULL,
  `average_rating` double DEFAULT NULL,
  `closing_hour` time(6) DEFAULT NULL,
  `coordinate` point /*!80003 SRID 4326 */ DEFAULT NULL,
  `description` text,
  `district` varchar(100) DEFAULT NULL,
  `images_json` json DEFAULT NULL,
  `latitude` double NOT NULL,
  `longitude` double NOT NULL,
  `name` varchar(255) NOT NULL,
  `opening_hour` time(6) DEFAULT NULL,
  `price_level` int DEFAULT NULL,
  `price_range_str` varchar(50) DEFAULT NULL,
  `province` varchar(100) DEFAULT NULL,
  `thumbnail_url` varchar(255) DEFAULT NULL,
  `total_reviews` int DEFAULT NULL,
  `view_count` int DEFAULT NULL,
  `category_id` bigint DEFAULT NULL,
  PRIMARY KEY (`location_id`),
  KEY `idx_locations_name` (`name`),
  KEY `idx_locations_category` (`category_id`),
  KEY `idx_locations_province` (`province`),
  CONSTRAINT `FKip709d3e1ureweg2pywocdbdb` FOREIGN KEY (`category_id`) REFERENCES `categories` (`category_id`)
) ENGINE=InnoDB AUTO_INCREMENT=85 DEFAULT CHARSET=utf8mb4 COLLATE=utf8mb4_0900_ai_ci;
/*!40101 SET character_set_client = @saved_cs_client */;

--
-- Dumping data for table `locations`
--

LOCK TABLES `locations` WRITE;
/*!40000 ALTER TABLE `locations` DISABLE KEYS */;
INSERT INTO `locations` VALUES (1,'2026-05-15 00:18:36.278757','2026-06-18 08:32:22.424255','Feel Coffee & Tea Express, Đường số 1, Khu phố 33, Phường Đông Hòa, Thành phố Thủ Đức, Thành phố Hồ Chí Minh, 00084, Việt Nam',4.666666666,'22:00:00.000000',0xE61000000101000000851FE13B69B25A40192407D7FEBC2540,'Nhà hàng sang trọng đẳng cấp với không gian rộng rãi view đẹp và nhiều đặc sản hấp dẫn.',NULL,'[\"http://res.cloudinary.com/dlh7xxigk/image/upload/v1778778931/kz80krmauzuxmmclaaer.webp\"]',10.869131774541573,106.78767296776466,'Feel Coffee & Tea Express','07:00:00.000000',1,'Dưới 100k','Bình Dương','http://res.cloudinary.com/dlh7xxigk/image/upload/v1778778931/kz80krmauzuxmmclaaer.webp',9,78,3),(2,'2026-05-15 00:26:49.247782','2026-06-18 00:08:23.386857','350 Võ Văn Ngân',4.555555555,'22:00:00.000000',0xE61000000101000000110E07535EB15A40E4688EACFCB22540,'Quán nhậu bar club sôi động náo nhiệt ngay trung tâm thành phố đồ uống đa dạng lãng mạn.',NULL,'[\"http://res.cloudinary.com/dlh7xxigk/image/upload/v1779357967/ezknbgv76ltoxzkive92.jpg\"]',10.849584,106.7713821,'Quán Cơm Sinh Viên','08:00:00.000000',1,'Dưới 100k','Hồ Chí Minh','https://res.cloudinary.com/dlh7xxigk/image/upload/v1778781186/travel_recommendation/optimized_v5/a6e0qzrzfzahq2bsi47i.jpg',9,31,2),(3,'2026-05-15 00:26:50.257816','2026-06-17 15:37:38.876106','Nhà Hàng Ngô Đồng, Đường số 6, Khu phố 2, Phường Thủ Đức, Thành phố Thủ Đức, Thành phố Hồ Chí Minh, 71306, Việt Nam',4.888888888,'22:00:00.000000',0xE610000001010000004E4B074639B15A40E9CB77955AB42540,'Quán ăn bình dân gia đình ấm cúng với những món Việt truyền thống hương vị đậm đà.',NULL,'[\"http://res.cloudinary.com/dlh7xxigk/image/upload/v1778787762/koqreko18twcmgb1j5lv.webp\"]',10.8522536,106.7691207,'Nhà Hàng Ngô Đồng','08:00:00.000000',2,'100k - 500k','Hồ Chí Minh','http://res.cloudinary.com/dlh7xxigk/image/upload/v1778787762/koqreko18twcmgb1j5lv.webp',9,8,1),(4,'2026-05-15 00:26:50.705589','2026-06-17 15:37:36.568664','Cửa Hàng Đà Lạt Pizza, Hữu Nghị, Khu phố 2, Phường Thủ Đức, Thành phố Thủ Đức, Thành phố Hồ Chí Minh, 00848, Việt Nam',4.571428571,'22:00:00.000000',0xE610000001010000006FA5322056B15A40C7D6338463B22540,'Quán cà phê yên tĩnh sống ảo cực chill wifi mạnh phù hợp làm việc và trò chuyện.',NULL,'[\"http://res.cloudinary.com/dlh7xxigk/image/upload/v1778787904/w1fcnp3no7es2tef6cbn.png\", \"http://res.cloudinary.com/dlh7xxigk/image/upload/v1778787931/td3j7zeuym4639oggu1r.jpg\"]',10.8484155,106.7708817,'Cửa Hàng Đà Lạt Pizza','08:00:00.000000',1,'Dưới 100k','Hồ Chí Minh','http://res.cloudinary.com/dlh7xxigk/image/upload/v1778787904/w1fcnp3no7es2tef6cbn.png',7,14,2),(5,'2026-05-15 00:26:51.159223','2026-06-18 07:05:12.360385','43D Đường số 8',4.75,'22:00:00.000000',0xE6100000010100000044E9C1934CB15A401364045438B62540,'Quán nhậu bar club sôi động náo nhiệt ngay trung tâm thành phố đồ uống đa dạng lãng mạn.',NULL,'[\"http://res.cloudinary.com/dlh7xxigk/image/upload/v1779374921/fdlf3xcqbsyoj0v5841p.jpg\"]',10.8558985,106.7702989,'Nhà Hàng Ẩm Thực Nai Vàng','08:00:00.000000',2,'100k - 500k','Hồ Chí Minh','http://res.cloudinary.com/dlh7xxigk/image/upload/v1779374921/fdlf3xcqbsyoj0v5841p.jpg',8,8,1),(6,'2026-05-15 00:26:51.620878','2026-06-14 03:02:26.918314','42A Đường Thống Nhất',4.571428571,'22:00:00.000000',0xE61000000101000000C0E2152D65B15A40F2D5E99B8FB22540,'Quán cà phê yên tĩnh sống ảo cực chill wifi mạnh phù hợp làm việc và trò chuyện.',NULL,'[\"http://res.cloudinary.com/dlh7xxigk/image/upload/v1779375112/bwpl0nagxgdcskhcqhmp.webp\"]',10.8487519,106.7718003,'Tiệm Bánh Huỳnh Xuyên','08:00:00.000000',1,'Dưới 100k','Hồ Chí Minh','http://res.cloudinary.com/dlh7xxigk/image/upload/v1779375112/bwpl0nagxgdcskhcqhmp.webp',7,4,7),(7,'2026-05-15 00:26:52.074557','2026-06-14 14:49:59.089497','Xinh Xinh, Nguyễn Khuyến, Khu phố 2, Phường Thủ Đức, Thành phố Thủ Đức, Thành phố Hồ Chí Minh, 00848, Việt Nam',4.75,'22:00:00.000000',0xE6100000010100000069A0432A56B15A40074147AB5AB22540,'Quán nhậu bar club sôi động náo nhiệt ngay trung tâm thành phố đồ uống đa dạng lãng mạn.',NULL,'[\"http://res.cloudinary.com/dlh7xxigk/image/upload/v1779375950/r4p6wtotyzenxsz11ivj.jpg\"]',10.848348,106.7708841,'Xinh Xinh','07:00:00.000000',1,'Dưới 100k','Hồ Chí Minh','http://res.cloudinary.com/dlh7xxigk/image/upload/v1779375950/r4p6wtotyzenxsz11ivj.jpg',8,22,3),(8,'2026-05-15 00:26:52.517419','2026-06-18 00:09:26.825186','228 Đường Hoàng Diệu 2',4.846153846,'22:00:00.000000',0xE61000000101000000214729D74AB15A4063F19BC24AB52540,'Nhà hàng sang trọng đẳng cấp với không gian rộng rãi view đẹp và nhiều đặc sản hấp dẫn.',NULL,'[\"http://res.cloudinary.com/dlh7xxigk/image/upload/v1779376039/tu12xu5ufvi2ukte3pf5.jpg\"]',10.854086,106.7701929,'Cơm Tấm Kiến Quốc','08:00:00.000000',1,'Dưới 100k','Hồ Chí Minh','http://res.cloudinary.com/dlh7xxigk/image/upload/v1779376039/tu12xu5ufvi2ukte3pf5.jpg',13,8,2),(9,'2026-05-15 00:26:53.004547','2026-06-18 06:56:16.428937','228 Đường Hoàng Diệu 2',4.526315789,'21:00:00.000000',0xE6100000010100000040DF71E547B15A4052921A7F47B52540,'Cửa hàng đồ ăn nhanh tiện lợi phục vụ nhanh chóng sạch sẽ giá cả bình dân.',NULL,'[\"http://res.cloudinary.com/dlh7xxigk/image/upload/v1779376229/fi92urb4nxptuwcgpuds.jpg\"]',10.8540611,106.7700132,'Nhứt Phở','06:00:00.000000',1,'Dưới 100k','Hồ Chí Minh','http://res.cloudinary.com/dlh7xxigk/image/upload/v1779376229/fi92urb4nxptuwcgpuds.jpg',19,8,2),(10,'2026-05-15 01:46:00.433941','2026-06-14 03:07:09.505028','Chùa Phong Linh, Hẻm 189 Đình Phong Phú, Khu phố 77, Phường Tăng Nhơn Phú, Thành phố Thủ Đức, Thành phố Hồ Chí Minh, 71211, Việt Nam',4.6,'19:00:00.000000',0xE61000000101000000D4F02DAC1BB25A40A76329ED68AB2540,'Cửa hàng đồ ăn nhanh tiện lợi phục vụ nhanh chóng sạch sẽ giá cả bình dân.',NULL,'[\"http://res.cloudinary.com/dlh7xxigk/image/upload/v1779376292/emgplxqeduuv6lptv7ju.jpg\"]',10.8347849,106.782939,'Chùa Phong Linh','05:00:00.000000',0,'Miễn phí','Hồ Chí Minh','http://res.cloudinary.com/dlh7xxigk/image/upload/v1779376292/emgplxqeduuv6lptv7ju.jpg',10,9,18),(11,'2026-05-15 01:46:02.562275','2026-06-18 07:17:06.469559','Chùa Phước Tường, Đường số 8, Khu phố 59, Phường Tăng Nhơn Phú, Thành phố Thủ Đức, Thành phố Hồ Chí Minh, 71300, Việt Nam',4.9,'19:00:00.000000',0xE61000000101000000850C3F9358B25A4082FC112B48B02540,'Nhà hàng sang trọng đẳng cấp với không gian rộng rãi view đẹp và nhiều đặc sản hấp dẫn.',NULL,'[\"http://res.cloudinary.com/dlh7xxigk/image/upload/v1781767040/rx4jp7lwa2qd70nmdcbz.jpg\"]',10.8443006,106.7866562,'Chùa Phước Tường','05:00:00.000000',NULL,'Miễn phí',NULL,'http://res.cloudinary.com/dlh7xxigk/image/upload/v1781767040/rx4jp7lwa2qd70nmdcbz.jpg',10,3,18),(12,'2026-05-15 01:46:03.024746','2026-06-18 07:18:34.775253','Quán Năm Lửa, Đình Phong Phú, Khu phố 64, Phường Tăng Nhơn Phú, Thành phố Thủ Đức, Thành phố Hồ Chí Minh, 71211, Việt Nam',5,'22:00:00.000000',0xE6100000010100000091C31671F0B15A40F4305981C6AD2540,'Quán ăn bình dân gia đình ấm cúng với những món Việt truyền thống hương vị đậm đà.',NULL,'[\"http://res.cloudinary.com/dlh7xxigk/image/upload/v1781767135/rpkuesga4w2u5nihhkke.webp\"]',10.8394051,106.7803004,'Quán Năm Lửa','08:00:00.000000',NULL,'Dưới 100k',NULL,'http://res.cloudinary.com/dlh7xxigk/image/upload/v1781767135/rpkuesga4w2u5nihhkke.webp',4,2,2),(13,'2026-05-15 01:46:03.555670','2026-06-14 02:54:56.982688','Khách Sạn Phong Phú, Đường Số 4, Khu phố 55, Phường Tăng Nhơn Phú, Thành phố Thủ Đức, Thành phố Hồ Chí Minh, 00848, Việt Nam',4.857142857,'23:59:00.000000',0xE61000000101000000EC394437D6B15A40D93CB3C986AE2540,'Khách Sạn Phong Phú (hiện hiển thị trên bản đồ số với tên gọi quốc tế là Hotel Rich) là một cơ sở lưu trú bình dân tọa lạc tại vị trí Số 6, Đường số 4, Phường Tăng Nhơn Phú (khu vực Tăng Nhơn Phú B cũ), Thành phố Thủ Đức, Thành phố Hồ Chí Minh.',NULL,'[\"http://res.cloudinary.com/dlh7xxigk/image/upload/v1781380464/beyk4h85qv65lfqf3je7.jpg\"]',10.8408721,106.7786997,'Khách Sạn Phong Phú','00:00:00.000000',3,'Trên 500k','Hồ Chí Minh','http://res.cloudinary.com/dlh7xxigk/image/upload/v1781380464/beyk4h85qv65lfqf3je7.jpg',7,2,17),(15,'2026-05-15 01:46:04.437800','2026-06-18 07:19:48.947829','Nhà hàng Cát Đẳng, Trương Văn Thành, Khu phố 38, Phường Tăng Nhơn Phú, Thành phố Thủ Đức, Thành phố Hồ Chí Minh, 71300, Việt Nam',4.777777777,'22:00:00.000000',0xE61000000101000000D78F036509B25A4048742A74B9B02540,'Nhà hàng đồ ăn phục nhanh tiện lợi phục vụ nhanh chóng sạch sẽ giá cả hợp lí.',NULL,'[\"http://res.cloudinary.com/dlh7xxigk/image/upload/v1781767174/e8swzwgrxlyu4mgbtxdc.jpg\"]',10.8451649,106.7818234,'Nhà hàng Cát Đẳng','08:00:00.000000',NULL,'Trên 500k',NULL,'http://res.cloudinary.com/dlh7xxigk/image/upload/v1781767174/e8swzwgrxlyu4mgbtxdc.jpg',9,1,1),(16,'2026-05-15 01:46:05.008792','2026-06-14 03:11:27.127874','Nhà Hàng Minh Phú, Lê Văn Việt, Khu phố 54, Phường Tăng Nhơn Phú, Thành phố Thủ Đức, Thành phố Hồ Chí Minh, 00848, Việt Nam',4.555555555,'02:00:00.000000',0xE61000000101000000274AE768FAB15A40519BDDFF6CB02540,'Quán nhậu bar club sôi động náo nhiệt ngay trung tâm thành phố đồ uống đa dạng lãng mạn.Không gian cực kỳ rộng rãi, thoáng mát, ngập tràn không khí sôi động với nhạc hay. Đồ ăn tại đây được đánh giá ngon, đa dạng món nhậu từ hải sản, ốc đến các món lai rai. Quán mở cửa rất muộn (đến 3h sáng) nên cực hợp cho các chiến thần nhậu đêm',NULL,'[\"http://res.cloudinary.com/dlh7xxigk/image/upload/v1781381495/zvvac95ai7ojmdonmokb.webp\"]',10.8445816,106.7809088,'Quán Nhậu, Beer Garden Sân Vườn Thoáng Mát','16:00:00.000000',2,'100k - 500k','Hồ Chí Minh','http://res.cloudinary.com/dlh7xxigk/image/upload/v1781381495/zvvac95ai7ojmdonmokb.webp',9,4,4),(17,'2026-05-15 01:46:05.451427','2026-06-18 07:20:48.653065','Giáo xứ thánh tâm, Trần Quốc Toản, Khu phố 51, Phường Tăng Nhơn Phú, Thành phố Thủ Đức, Thành phố Hồ Chí Minh, 00848, Việt Nam',4.666666666,'19:00:00.000000',0xE610000001010000005586713788B15A408CE20B491CB02540,'Giáo xứ Thánh Tâm tọa lạc tại 43 Trần Hưng Đạo, Phường Tăng Nhơn Phú B (trước đây thuộc Quận 9), Thành phố Thủ Đức. Để đến đây, bạn đi từ hướng Khu phố 51, Linh Xuân, có thể di chuyển qua đường Phạm Văn Đồng hoặc Xa lộ Hà Nội (khoảng 10-15 km).',NULL,'[\"http://res.cloudinary.com/dlh7xxigk/image/upload/v1781767266/rdakn0j3ahqytljwakuq.jpg\"]',10.8439658,106.773939,'Giáo xứ thánh tâm','05:00:00.000000',NULL,'Miễn phí',NULL,'http://res.cloudinary.com/dlh7xxigk/image/upload/v1781767266/rdakn0j3ahqytljwakuq.jpg',6,4,9),(19,'2026-05-15 01:46:06.353155','2026-06-14 02:42:28.683789','Nhà Hàng 354, Lê Văn Việt, Khu phố 57, Phường Tăng Nhơn Phú, Thành phố Thủ Đức, Thành phố Hồ Chí Minh, 71300, Việt Nam',4.75,'21:00:00.000000',0xE610000001010000007BE4C57803B25A409EAD28CA4AB02540,'Phở 354 - Lê Văn Việt',NULL,'[\"http://res.cloudinary.com/dlh7xxigk/image/upload/v1781379757/uaahjspojki8wmcohvs4.webp\"]',10.8443206,106.7814619,'Phở 354 - Lê Văn Việt','06:00:00.000000',1,'Dưới 100k','Hồ Chí Minh','http://res.cloudinary.com/dlh7xxigk/image/upload/v1781379757/uaahjspojki8wmcohvs4.webp',8,1,2),(20,'2026-05-15 01:46:06.802639','2026-06-18 07:21:41.022068','Nhà Thờ Giáo Xứ Thánh Linh, Đình Phong Phú, Khu phố 54, Phường Tăng Nhơn Phú, Thành phố Thủ Đức, Thành phố Hồ Chí Minh, 00848, Việt Nam',4.5,'19:00:00.000000',0xE61000000101000000E7F9788D02B25A40B1A8E38CBCAF2540,'Nhà thờ Giáo xứ Thánh Linh (thuộc Hạt Thủ Thiêm, Tổng Giáo phận Sài Gòn) tọa lạc tại địa chỉ chính thức là số 9 Đường Đình Phong Phú, Phường Tăng Nhơn Phú B, Thành phố Thủ Đức, Thành phố Hồ Chí Minh.',NULL,'[\"http://res.cloudinary.com/dlh7xxigk/image/upload/v1781767322/lbcs7sf2lil5l9s3msjp.jpg\"]',10.8432354,106.7814058,'Nhà Thờ Giáo Xứ Thánh Linh','05:00:00.000000',NULL,'Miễn phí',NULL,'http://res.cloudinary.com/dlh7xxigk/image/upload/v1781767322/lbcs7sf2lil5l9s3msjp.jpg',6,1,9),(23,'2026-05-15 01:46:08.286981','2026-06-18 07:26:18.088230','Chợ Tăng Nhơn Phú B, Hẻm 261 Đường Đình Phong Phú, Khu phố 85, Phường Tăng Nhơn Phú, Thành phố Thủ Đức, Thành phố Hồ Chí Minh, 71211, Việt Nam',5,'22:00:00.000000',0xE610000001010000009C6437B32DB25A40FB25C63892A92540,'Chợ Tăng Nhơn Phú B nằm tại địa chỉ Hẻm 261 Đường Đình Phong Phú, Khu phố 85, Phường Tăng Nhơn Phú, Thành phố Thủ Đức, Thành phố Hồ Chí Minh.Đây là một khu vực mua bán giao thương sầm uất tại khu vực Tăng Nhơn Phú (Quận 9 cũ).',NULL,'[\"http://res.cloudinary.com/dlh7xxigk/image/upload/v1781767597/hgerr8hodibfrywt7nbd.webp\"]',10.831193708599121,106.78403931054567,'Chợ Tăng Nhơn Phú B','08:00:00.000000',NULL,'Dưới 100k','Thành phố Thủ Đức','http://res.cloudinary.com/dlh7xxigk/image/upload/v1781767597/hgerr8hodibfrywt7nbd.webp',9,2,13),(26,'2026-05-15 01:46:09.587138','2026-06-18 07:33:26.471063','Chùa Thanh Long, Dự án đường Vành đai 2, Khu phố 74, Phường Tăng Nhơn Phú, Thành phố Thủ Đức, Thành phố Hồ Chí Minh, 71211, Việt Nam',4.75,'19:00:00.000000',0xE61000000101000000A391CF2B9EB15A4075C707E2E1AA2540,'Chùa Thanh Long là một ngôi chùa cổ thuộc hệ phái Bắc tông, tọa lạc tại địa chỉ số 2/147, Đường Tăng Nhơn Phú, Phường Tăng Nhơn Phú B, Thành phố Thủ Đức, Thành phố Hồ Chí Minh. Ngôi chùa này nằm ngay trong khu vực chịu ảnh hưởng bởi Dự án đường Vành đai 2 (đoạn nối từ cầu Phú Hữu đến nút giao Bình Thái). Chùa được sáng lập từ năm 1911 bởi Đại đức Thích Nhựt Thành và từng trải qua các đợt trùng tu lớn vào năm 1968 và 1990.',NULL,'[\"http://res.cloudinary.com/dlh7xxigk/image/upload/v1781767983/p7frvo15y0ddsdopw2jz.webp\"]',10.8337546,106.775279,'Chùa Thanh Long','05:00:00.000000',NULL,'Miễn phí',NULL,'http://res.cloudinary.com/dlh7xxigk/image/upload/v1781767983/p7frvo15y0ddsdopw2jz.webp',16,2,18),(27,'2026-05-15 01:46:10.009457','2026-06-18 07:37:42.342020','Tịnh Thất Thanh Định, Tăng Nhơn Phú, Khu phố 82, Phường Tăng Nhơn Phú, Thành phố Thủ Đức, Thành phố Hồ Chí Minh, 71211, Việt Nam',4.833333333,'19:00:00.000000',0xE61000000101000000A91851D302B25A4098893F1816AB2540,'Tịnh thất có quy mô nhỏ, ấm cúng và khép kín hơn so với các ngôi đại tự công cộng. Nơi đây chủ yếu là không gian tu tập nội bộ của chư tăng/ni và là điểm lui tới bái Phật, tụng kinh của các Phật tử quanh khu vực dân cư Tăng Nhơn Phú.',NULL,'[\"http://res.cloudinary.com/dlh7xxigk/image/upload/v1781768280/d5n4rkhukh2phduwbya6.webp\"]',10.83415294433216,106.78142245215953,'Tịnh Thất Thanh Định','05:00:00.000000',NULL,'Miễn phí','Thành phố Thủ Đức','http://res.cloudinary.com/dlh7xxigk/image/upload/v1781768280/d5n4rkhukh2phduwbya6.webp',6,2,10),(28,'2026-05-15 01:46:10.430345','2026-06-18 07:36:08.906775','Quán Hoa Viên 102, Hẻm 39 Đường Số 102, Khu phố 68, Phường Tăng Nhơn Phú, Thành phố Thủ Đức, Thành phố Hồ Chí Minh, 71300, Việt Nam',4.7,'22:00:00.000000',0xE610000001010000007AC6ECF97FB25A400EEEB6CBB6AC2540,'Hoa Viên Quán 102 (Nhà hàng Hoa Viên 102) tọa lạc chính xác tại địa chỉ số 39/79C Đường số 102, Phường Tăng Nhơn Phú A, Thành phố Thủ Đức, Thành phố Hồ Chí Minh. Đây là một khu tổ hợp ẩm thực sân vườn và giải trí gia đình rất nổi tiếng tại khu vực Quận 9 cũ.Mô hình sinh thái: Quán được thiết kế theo lối khu du lịch sinh thái với các chòi lá biệt lập, sân vườn nhiều cây xanh, tiểu cảnh, hồ cá Koi và đặc biệt là có view hồ sen cực kỳ thoáng mát.',NULL,'[\"http://res.cloudinary.com/dlh7xxigk/image/upload/v1781768185/c77u5ybcucgbzqxdgvfw.jpg\"]',10.837332120971976,106.78906105158413,'Quán Hoa Viên 102','08:00:00.000000',NULL,'Dưới 100k','Thành phố Thủ Đức','http://res.cloudinary.com/dlh7xxigk/image/upload/v1781768185/c77u5ybcucgbzqxdgvfw.jpg',10,1,2),(29,'2026-05-15 01:46:10.867345','2026-06-18 07:39:30.708469','BHD Star Lê Văn Việt, 50, Hồ Thị Tư, Khu phố 49, Phường Tăng Nhơn Phú, Thành phố Thủ Đức, Thành phố Hồ Chí Minh, 00848, Việt Nam',4.333333333,'22:00:00.000000',0xE61000000101000000DD16BCB3D6B15A40BE2491AD9CB02540,'BHD Star Lê Văn Việt nằm tại Tầng 4, TTTM Vincom Plaza Lê Văn Việt, số 50 Đường Lê Văn Việt, Phường Hiệp Phú (giáp ranh Tăng Nhơn Phú), Thành phố Thủ Đức, Thành phố Hồ Chí Minh. Rạp sở hữu 6 phòng chiếu kỹ thuật số hiện đại (hỗ trợ cả định dạng 2D và 3D) với tổng quy mô hơn 1.200 ghế ngồi. Ghế ngồi được bố trí khoảng cách rộng, độ dốc tốt giúp tầm nhìn không bị che khuất.',NULL,'[\"http://res.cloudinary.com/dlh7xxigk/image/upload/v1781768389/byalongaoxuiidkoot6o.jpg\"]',10.844945358245578,106.77872937553498,'BHD Star Lê Văn Việt','08:00:00.000000',NULL,'100k - 500k','Thành phố Thủ Đức','http://res.cloudinary.com/dlh7xxigk/image/upload/v1781768389/byalongaoxuiidkoot6o.jpg',6,2,11),(31,'2026-05-15 01:46:40.373719','2026-06-18 07:40:57.831369','Nhà Hàng Đầm Tôm, Đường Số 1, Khu phố 15, Phường Thủ Đức, Thành phố Thủ Đức, Thành phố Hồ Chí Minh, 71211, Việt Nam',4.625,'22:00:00.000000',0xE6100000010100000098E4ABFCF7B05A401F422DA3C1AB2540,'15/5C Nguyễn Văn Bá, Phường Trường Thọ, Thành phố Thủ Đức) hiện nay đã mở rộng phát triển thành chuỗi thương hiệu hải sản sân vườn lớn, với cơ sở phục vụ thực khách gần khu vực bạn tìm kiếm nhất là Nhà Hàng Đầm Tôm 2 tọa lạc tại số 281C Lương Định Của, Phường An Khánh, Thành phố Thủ Đức, Thành phố Hồ Chí Minh.Nhà hàng được thiết kế theo phong cách không gian sân vườn sông nước thiên nhiên, thoáng mát, mang lại cảm giác thư giãn mộc mạc giữa lòng thành phố.',NULL,'[\"http://res.cloudinary.com/dlh7xxigk/image/upload/v1781768477/fsgp0szf2qu9f5jvefng.jpg\"]',10.835461711191838,106.76513592516346,'Nhà Hàng Đầm Tôm','08:00:00.000000',NULL,'100k - 500k','Thành phố Thủ Đức','http://res.cloudinary.com/dlh7xxigk/image/upload/v1781768477/fsgp0szf2qu9f5jvefng.jpg',8,2,1),(32,'2026-05-15 01:46:40.811576','2026-06-14 02:44:15.292289','31 Lê Quý Đôn',4.625,'22:00:00.000000',0xE610000001010000009B5434D6FEB05A405251AB9E82AE2540,'Bảo Tàng Tư Nhân Đức Minh',NULL,'[\"http://res.cloudinary.com/dlh7xxigk/image/upload/v1781379858/hqj58wu7pvprdl0vszgo.webp\"]',10.8408403,106.765554,'Bảo Tàng Tư Nhân Đức Minh','08:00:00.000000',1,'Dưới 100k','Hồ Chí Minh','http://res.cloudinary.com/dlh7xxigk/image/upload/v1781379858/hqj58wu7pvprdl0vszgo.webp',8,2,16),(35,'2026-05-15 01:46:42.090095','2026-06-14 02:45:34.346582','',4.375,'22:00:00.000000',0xE61000000101000000F1B270A312B15A40340411F3F6AD2540,'Quán cà phê yên tĩnh sống ảo cực chill wifi mạnh phù hợp làm việc và trò chuyện.',NULL,'[\"http://res.cloudinary.com/dlh7xxigk/image/upload/v1781379935/jcg7cxjac2qeg73gkhlo.jpg\"]',10.8397747,106.7667626,'Thiên Phát Cơm bình dân','08:00:00.000000',1,'Dưới 100k','Hồ Chí Minh','http://res.cloudinary.com/dlh7xxigk/image/upload/v1781379935/jcg7cxjac2qeg73gkhlo.jpg',8,2,2),(36,'2026-05-15 01:46:42.511751','2026-06-18 07:45:55.201400','Cháo Cá Miền Tây 4, Nguyễn Văn Bá, Khu phố 15, Phường Thủ Đức, Thành phố Thủ Đức, Thành phố Hồ Chí Minh, 71211, Việt Nam',4.625,'22:00:00.000000',0xE610000001010000008BFA919900B15A40C3C56A052BAC2540,'Món ăn chủ lực: Đúng như tên gọi, món ăn làm nên thương hiệu của quán là Lẩu cháo cá lóc và Lẩu cháo cá tai tượng. Cháo ở đây đặc trưng được nấu cùng đậu xanh nên rất thơm bùi, béo nhẹ và không bị tanh. Cửa hàng phục vụ đồ ăn nhanh tiện lợi phục vụ nhanh chóng sạch sẽ giá cả bình dân.',NULL,'[\"http://res.cloudinary.com/dlh7xxigk/image/upload/v1781768775/xqrippabnfpirqkw6q1f.jpg\"]',10.836265725406411,106.76566161399585,'Cháo Cá Miền Tây 4','08:00:00.000000',NULL,'Dưới 100k','Thành phố Thủ Đức','http://res.cloudinary.com/dlh7xxigk/image/upload/v1781768775/xqrippabnfpirqkw6q1f.jpg',8,0,2),(37,'2026-05-15 01:46:42.994599','2026-06-18 07:47:30.599161','Cháo Cá Miền Tây 2, Alexandre de Rhodes, Khu phố 4, Phường Thủ Đức, Thành phố Thủ Đức, Thành phố Hồ Chí Minh, 71306, Việt Nam',4.75,'22:00:00.000000',0xE61000000101000000135EAD9021B15A407FABC28EEDAD2540,'Món chính thương hiệu: Quán nổi tiếng lâu năm với món Lẩu cháo cá lóc và Lẩu cháo lươn. Cháo được nấu theo phong cách mộc mạc đặc trưng miền Tây, hạt gạo nở bung, nước cháo thơm bùi vị đậu xanh, giữ được độ ngọt thanh tự nhiên và hoàn toàn không bị tanh .Phần thịt cá lóc nguyên con được khía lát đẹp mắt, hấp chín sơ và để riêng trên đĩa. Khi ăn, thực khách thả cá vào nồi cháo đang sôi sùng sục, ăn kèm các loại rau đắng, giá đỗ, gừng sợi và đặc biệt là đập thêm trứng cút lộn vào nồi để tăng độ béo ngọt.',NULL,'[\"http://res.cloudinary.com/dlh7xxigk/image/upload/v1781768871/ycfllskiyhbogy4u8qvp.jpg\"]',10.839703046096245,106.76767365389269,'Cháo Cá Miền Tây 2','08:00:00.000000',NULL,'Dưới 100k','Thành phố Thủ Đức','http://res.cloudinary.com/dlh7xxigk/image/upload/v1781768871/ycfllskiyhbogy4u8qvp.jpg',4,3,2),(38,'2026-05-15 01:46:43.416985','2026-06-18 07:49:24.918281','Hải Sản Giang Ghẹ 2, 40, Đặng Văn Bi, Khu phố 12, Phường Thủ Đức, Thành phố Thủ Đức, Thành phố Hồ Chí Minh, 71306, Việt Nam',4.583333333,'22:00:00.000000',0xE61000000101000000D12CA2EBF9B05A404C2B32B38BAE2540,'Chi nhánh Hải Sản Giang Ghẹ 2 (thường được gọi là Giang Ghẹ Thủ Đức) từng tọa lạc tại địa chỉ số 40 Đặng Văn Bi, Phường Bình Thọ, Thành phố Thủ Đức, Thành phố Hồ Chí Minh. Cửa hàng đồ ăn nhanh tiện lợi phục vụ nhanh chóng sạch sẽ giá cả bình dân.',NULL,'[\"http://res.cloudinary.com/dlh7xxigk/image/upload/v1781768984/uevrun794ci7tkmbs0zd.webp\"]',10.840909576296006,106.76525393330964,'Hải Sản Giang Ghẹ 2','08:00:00.000000',NULL,'100k - 500k','Thành phố Thủ Đức','http://res.cloudinary.com/dlh7xxigk/image/upload/v1781768984/uevrun794ci7tkmbs0zd.webp',12,3,1),(39,'2026-05-15 01:46:43.828847','2026-06-18 07:51:28.717061','Nhà Hàng Bia Tuyết Q9, 36, Đặng Văn Bi, Khu phố 12, Phường Thủ Đức, Thành phố Thủ Đức, Thành phố Hồ Chí Minh, 71306, Việt Nam',4.416666666,'22:00:00.000000',0xE61000000101000000F8EA6F75FFB05A40758F9EA96FAE2540,'Nhà Hàng Bia Tuyết Q9 (Chi nhánh 2) tọa lạc chính xác tại địa chỉ số 36 Đặng Văn Bi, Phường Bình Thọ, Thành phố Thủ Đức, Thành phố Hồ Chí Minh.Quán nhậu bar club sôi động náo nhiệt ngay trung tâm thành phố đồ uống đa dạng lãng mạn.Đây là một địa điểm ăn uống, nhậu bình dân cực kỳ quen thuộc và sầm uất tại khu vực Thủ Đức nhờ không gian rộng lớn cùng dịch vụ \"bia ướp tuyết\" đặc trưng.',NULL,'[\"http://res.cloudinary.com/dlh7xxigk/image/upload/v1781769091/ljqfcni8twhogb6c1wvn.jpg\"]',10.84069566784431,106.76559196404912,'Nhà Hàng Bia Tuyết Q9','08:00:00.000000',NULL,'100k - 500k','Thành phố Thủ Đức','http://res.cloudinary.com/dlh7xxigk/image/upload/v1781769091/ljqfcni8twhogb6c1wvn.jpg',12,2,1),(40,'2026-05-15 01:46:44.241470','2026-06-14 02:47:07.759068','',5,'22:00:00.000000',0xE61000000101000000CEFA946332B15A401D4AA3B899A82540,'Chợ Phước Long B',NULL,'[\"http://res.cloudinary.com/dlh7xxigk/image/upload/v1781380025/hduiariwvwv1zr9wprnt.webp\"]',10.8292978,106.7687005,'Chợ Phước Long B','08:00:00.000000',1,'Dưới 100k','Hồ Chí Minh','http://res.cloudinary.com/dlh7xxigk/image/upload/v1781380025/hduiariwvwv1zr9wprnt.webp',5,1,13),(41,'2026-05-15 01:46:44.661832','2026-06-18 07:53:10.288060','Ni viện Phước Long, Đường Nam Hòa, Khu phố 16, Phường Phước Long, Thành phố Thủ Đức, Thành phố Hồ Chí Minh, 71211, Việt Nam',4.625,'19:00:00.000000',0xE61000000101000000401D003709B15A40DECAAFDDD9A82540,'Ni viện Phước Long tọa lạc chính xác tại địa chỉ số 172 Đường Nam Hòa, Phường Phước Long A, Thành phố Thủ Đức, Thành phố Hồ Chí Minh.Đây là một ngôi chùa thuộc hệ phái Bắc Tông, nổi tiếng trong vùng không chỉ như một chốn tu tập trang nghiêm, thanh tịnh mà còn là một địa chỉ làm việc thiện nguyện vô cùng ấm áp dành cho những mảnh đời khó khăn.',NULL,'[\"http://res.cloudinary.com/dlh7xxigk/image/upload/v1781769209/vylvus35tuutsbimmnfl.webp\"]',10.829787185391464,106.76618742953451,'Ni viện Phước Long','05:00:00.000000',NULL,'Miễn phí','Thành phố Thủ Đức','http://res.cloudinary.com/dlh7xxigk/image/upload/v1781769209/vylvus35tuutsbimmnfl.webp',8,0,14),(42,'2026-05-15 01:46:45.090715','2026-06-14 03:02:04.869684','',4.5,'19:00:00.000000',0xE610000001010000002AD5F48FF4B05A400095850A69A82540,'Nhà thờ Thánh Giuse Thợ là một cơ sở tôn giáo Công giáo thuộc Tổng Giáo phận Sài Gòn, hiện tọa lạc tại số 146/1 đường Nam Hòa, phường Phước Long A, thành phố Thủ Đức, TP.HCM. Ngôi thánh đường mới của giáo xứ vừa được khánh thành và cung hiến long trọng vào ngày 1 tháng 1 năm 2025.',NULL,'[\"http://res.cloudinary.com/dlh7xxigk/image/upload/v1781380369/zkf53em1jltohjfnzwik.jpg\"]',10.8289264,106.7649269,'Nhà Thờ Thánh Giuse Thợ','05:00:00.000000',0,'Miễn phí','Hồ Chí Minh','http://res.cloudinary.com/dlh7xxigk/image/upload/v1781380369/zkf53em1jltohjfnzwik.jpg',8,6,9),(43,'2026-05-15 01:46:45.533565','2026-06-18 07:54:46.437641','Phở Đoàn - Ngã Tư Bình Thái, Đường Song Hành Xa lộ Hà Nội - Nhánh Quận 9, Khu phố 2, Phường Phước Long, Thành phố Thủ Đức, Thành phố Hồ Chí Minh, 71211, Việt Nam',4.4,'21:00:00.000000',0xE61000000101000000B3ACE75610B15A40BF0C7BBCD7AB2540,'Quán Phở Đoàn tọa lạc chính xác tại địa chỉ số 674/1 Mặt tiền Đường Võ Nguyên Giáp, Phường Tăng Nhơn Phú B, Thành phố Thủ Đức, Thành phố Hồ Chí Minh. Quán ăn bình dân gia đình ấm cúng với những món Việt truyền thống hương vị đậm đà. : Phở Đoàn phục vụ thực khách theo hương vị phở truyền thống Bắc bộ với nước dùng trong, ngọt thanh từ xương ống ninh kỹ và dậy mùi thơm tự nhiên của gừng, quế, hồi.',NULL,'[\"http://res.cloudinary.com/dlh7xxigk/image/upload/v1781769305/qkidbrljxn9psckzev4d.jpg\"]',10.835630311985708,106.7666222822616,'Phở Đoàn - Ngã Tư Bình Thái','06:00:00.000000',NULL,'Dưới 100k','Thành phố Thủ Đức','http://res.cloudinary.com/dlh7xxigk/image/upload/v1781769305/qkidbrljxn9psckzev4d.jpg',5,2,2),(45,'2026-05-15 01:46:46.371498','2026-06-18 07:56:34.380299','Quán Chay Vọng Cát, Nguyễn Văn Bá, Khu phố 14, Phường Thủ Đức, Thành phố Thủ Đức, Thành phố Hồ Chí Minh, 71306, Việt Nam',4.666666666,'22:00:00.000000',0xE610000001010000008F441D9E1AB15A40A88C49878AAD2540,'Hội Quán Chay Vọng Cát (thường gọi là Quán chay Vọng Cát) tọa lạc chính xác tại số 1 Đường Nguyễn Văn Bá, Phường Bình Thọ, Thành phố Thủ Đức, Thành phố Hồ Chí Minh.Quán chuyên phục vụ các món chay thuần Việt mang hương vị đậm đà, thanh mát. Thực đơn đa dạng từ các món ăn sáng, điểm tâm như bún bò Huế chay, bún riêu, hủ tiếu xào cho đến các món ăn gia đình như canh chua, kho quẹt, nấm/củ sen chiên giòn, gỏi nấm Vọng Cát.',NULL,'[\"http://res.cloudinary.com/dlh7xxigk/image/upload/v1781769413/xpvifjsfltvfrbyszdy7.jpg\"]',10.838947513321116,106.76724961145577,'Quán Chay Vọng Cát','08:00:00.000000',NULL,'Dưới 100k','Thành phố Thủ Đức','http://res.cloudinary.com/dlh7xxigk/image/upload/v1781769413/xpvifjsfltvfrbyszdy7.jpg',9,0,2),(46,'2026-05-15 01:46:46.788427','2026-06-18 07:58:18.398728','Lẩu chay Thiện Ý 2, Đỗ Xuân Hợp, Khu phố 2, Phường Phước Long, Thành phố Thủ Đức, Thành phố Hồ Chí Minh, 71211, Việt Nam',4.777777777,'22:00:00.000000',0xE61000000101000000E40B49BC21B15A4032113511EBA92540,'Quán Lẩu chay Thiện Ý 2 tọa lạc chính xác tại địa chỉ số 77 Đường Đỗ Xuân Hợp, Phường Phước Long B, Thành phố Thủ Đức, Thành phố Hồ Chí Minh.Quán nổi tiếng với hình thức buffet lẩu chay giá rẻ. Thực khách có thể thoải mái tự chọn các loại đồ nhúng ăn kèm phong phú.Quán nổi tiếng với hình thức buffet lẩu chay giá rẻ. Thực khách có thể thoải mái tự chọn các loại đồ nhúng ăn kèm phong phú.',NULL,'[\"http://res.cloudinary.com/dlh7xxigk/image/upload/v1781769514/mfalrwjjqxg3asa448kb.jpg\"]',10.831871545532156,106.76768405087893,'Lẩu chay Thiện Ý 2','08:00:00.000000',NULL,'Dưới 100k','Thành phố Thủ Đức','http://res.cloudinary.com/dlh7xxigk/image/upload/v1781769514/mfalrwjjqxg3asa448kb.jpg',9,0,2),(47,'2026-05-15 01:46:47.208339','2026-06-18 07:59:47.711431','Cơm chay Phước Thiện, Đỗ Xuân Hợp, Khu phố 8, Phường Phước Long, Thành phố Thủ Đức, Thành phố Hồ Chí Minh, 71211, Việt Nam',4.75,'22:00:00.000000',0xE6100000010100000087A48EAC1BB15A40A61054ABF6A92540,'Cơm Chay Phước Thiện tọa lạc chính xác tại địa chỉ số 70 Đường Đỗ Xuân Hợp, Phường Phước Long A, Thành phố Thủ Đức, Thành phố Hồ Chí Minh.: Quán chuyên phục vụ cơm tấm chay và cơm phần tự chọn với khay đồ ăn đa dạng thay đổi theo ngày. Các món ăn nổi bật bao gồm đậu hũ kho nấm, sườn non chiên giòn chay, chả chưng chay, rau củ xào thập cẩm và các món canh thanh nhiệt đi kèm.Món ăn tại đây được nêm nếm vừa vặn theo phong vị miền Nam, ít dầu mỡ, nguyên liệu rau củ luôn đảm bảo độ tươi ngon và giòn ngọt tự nhiên.',NULL,'[\"http://res.cloudinary.com/dlh7xxigk/image/upload/v1781769608/spcfpev5v8gzguk18f6i.jpg\"]',10.831960062038274,106.76731409006071,'Cơm chay Phước Thiện','08:00:00.000000',NULL,'Dưới 100k','Thành phố Thủ Đức','http://res.cloudinary.com/dlh7xxigk/image/upload/v1781769608/spcfpev5v8gzguk18f6i.jpg',8,1,2),(48,'2026-05-15 01:47:24.985828','2026-06-18 08:01:57.233755','Chùa Một Cột, 511, Đặng Văn Bi, Khu phố 12, Phường Thủ Đức, Thành phố Thủ Đức, Thành phố Hồ Chí Minh, 71221, Việt Nam',4.777777777,'22:00:00.000000',0xE610000001010000001CFEBBABD1B05A40213BE02CD7AF2540,'Chùa Một Cột Thủ Đức (tên chữ là Nam Thiên Nhất Trụ) tọa lạc chính xác tại địa chỉ số 511 Đường Đặng Văn Bi, Phường Bình Thọ, Thành phố Thủ Đức, Thành phố Hồ Chí Minh.Đây là một danh lam thắng cảnh tâm linh nổi tiếng, được mệnh danh là \"Phiên bản phương Nam\" của Chùa Một Cột Hà Nội. Ngôi đài đặt trên một cột đá vững chãi giữa lòng hồ Long Nhãn (hồ mắt rồng) rộng lớn. Hoa sen hồng nở rộ quanh hồ tạo nên một bức tranh phong cảnh vô cùng thanh tịnh, tôn nghiêm.',NULL,'[\"http://res.cloudinary.com/dlh7xxigk/image/upload/v1781769737/k78g0hdvys3tqv8dkkur.webp\"]',10.843438532230325,106.76279729231504,'Chùa Một Cột','08:00:00.000000',NULL,'100k - 500k','Thành phố Thủ Đức','http://res.cloudinary.com/dlh7xxigk/image/upload/v1781769737/k78g0hdvys3tqv8dkkur.webp',9,0,18),(50,'2026-05-15 01:47:29.020479','2026-06-18 08:03:13.378368','Quán Hiếu Ký Mì Gia, 15, Tô Ngọc Vân, Khu phố 61, Phường Linh Xuân, Thành phố Thủ Đức, Thành phố Hồ Chí Minh, 71221, Việt Nam',4.75,'22:00:00.000000',0xE6100000010100000074B9EFB244B05A407396BD71D2B32540,'Quán Hiếu Ký Mì Gia tọa lạc chính xác tại địa chỉ số 15 Đường Tô Ngọc Vân, Phường Linh Xuân, Thành phố Thủ Đức, Thành phố Hồ Chí Minh.Quán ăn bình dân gia đình ấm cúng với những món Việt truyền thống hương vị đậm đà.Món chủ lực làm nên thương hiệu: Mì Vịt Tiềm gia truyền và Gà Ác Tiềm Thuốc Bắc / Nhân Sâm. Sợi mì của quán là loại mì tươi gia truyền, dai giòn tự nhiên. Nước dùng được ninh hầm chuẩn vị thuốc bắc 100%, ngọt thanh thanh tự nhiên từ xương và các vị thuốc, không sử dụng chất bảo quản hay gia vị hóa chất. Phần đùi vịt tiềm, gà ác được hầm đủ than, thịt mềm tan, đậm đà. Quán cũng nhận đặt vịt tiềm nguyên con phục vụ cúng kiếng hoặc liên hoan gia đình.',NULL,'[\"http://res.cloudinary.com/dlh7xxigk/image/upload/v1781769813/crnuxqzvbh2rqjiduchk.webp\"]',10.851214937584905,106.75419305239285,'Quán Hiếu Ký Mì Gia','08:00:00.000000',NULL,'Dưới 100k','Thành phố Thủ Đức','http://res.cloudinary.com/dlh7xxigk/image/upload/v1781769813/crnuxqzvbh2rqjiduchk.webp',8,1,2),(51,'2026-05-15 01:47:30.991942','2026-06-18 08:06:28.295628','Chợ Từ Đức, Đường Nguyễn Bá Luật, Khu phố 6, Phường Thủ Đức, Thành phố Thủ Đức, Thành phố Hồ Chí Minh, 71306, Việt Nam',4.666666666,'22:00:00.000000',0xE61000000101000000614DA6C901B15A405168D33A8FB22540,'Chợ Từ Đức tọa lạc chính xác trên tuyến Đường Nguyễn Bá Luật, Phường Bình Thọ, Thành phố Thủ Đức, Thành phố Hồ Chí Minh.Đây là một trong những ngôi chợ truyền thống lâu đời và sầm uất bậc nhất tại trung tâm khu vực Thủ Đức cũ. Chợ nằm ngay khu vực dân cư hiện hữu ổn định, kết nối trực tiếp giữa trục đường lớn Bác Ái và đường Đặng Văn Bi.',NULL,'[\"http://res.cloudinary.com/dlh7xxigk/image/upload/v1781770008/uijpsk7egpq9ddfyypgq.jpg\"]',10.848749006563738,106.7657341121717,'Chợ Từ Đức','08:00:00.000000',NULL,'100k - 500k','Thành phố Thủ Đức','http://res.cloudinary.com/dlh7xxigk/image/upload/v1781770008/uijpsk7egpq9ddfyypgq.jpg',6,1,13),(57,'2026-05-15 01:48:03.394492','2026-06-18 08:07:37.948010','Chợ Linh Xuân, Đường Hoàng Cầm, Khu phố 19, Phường Linh Xuân, Thành phố Dĩ An, Thành phố Hồ Chí Minh, 75350, Việt Nam',4.75,'22:00:00.000000',0xE61000000101000000A7CFCAE307B15A40853936573AC12540,'Chợ Từ Đức tọa lạc chính xác trên tuyến Đường Nguyễn Bá Luật, Phường Bình Thọ, Thành phố Thủ Đức, Thành phố Hồ Chí Minh.Đây là một trong những ngôi chợ truyền thống lâu đời và sầm uất bậc nhất tại trung tâm khu vực Thủ Đức cũ. Chợ nằm ngay khu vực dân cư hiện hữu ổn định, kết nối trực tiếp giữa trục đường lớn Bác Ái và đường Đặng Văn Bi.',NULL,'[\"http://res.cloudinary.com/dlh7xxigk/image/upload/v1781770059/h3qk16eq3c9u2pluozhb.jpg\"]',10.877398228997444,106.7661065559938,'Chợ Linh Xuân','08:00:00.000000',NULL,'Dưới 100k','Thành phố Dĩ An','http://res.cloudinary.com/dlh7xxigk/image/upload/v1781770059/h3qk16eq3c9u2pluozhb.jpg',8,1,13),(58,'2026-05-15 01:48:04.620286','2026-06-14 03:05:28.521611','120.linh xuan Quốc lộ 1K',4.857142857,'22:00:00.000000',0xE610000001010000008661760511B15A40F70E6DB6A8C12540,'Quán cà phê yên tĩnh sống ảo cực chill wifi mạnh phù hợp làm việc và trò chuyện.',NULL,'[\"http://res.cloudinary.com/dlh7xxigk/image/upload/v1781381122/qq8zwdrpkkinldiiltgv.webp\"]',10.8782403,106.7666639,'cẩm nhung coffee','07:00:00.000000',1,'Dưới 100k','Hồ Chí Minh','http://res.cloudinary.com/dlh7xxigk/image/upload/v1781381122/qq8zwdrpkkinldiiltgv.webp',7,2,3),(59,'2026-05-15 01:48:07.106748','2026-06-18 08:11:14.233071','Lotte Cinema Thủ Đức, Đường số 1, Khu phố 29, Phường Linh Xuân, Thành phố Thủ Đức, Thành phố Hồ Chí Minh, 00084, Việt Nam',4.714285714,'22:00:00.000000',0xE610000001010000008AA5134437B15A4054A1C3CFE2BD2540,'Lotte Cinema Thủ Đức tọa lạc chính xác tại Tầng 2 tòa nhà Joy Citipoint, số 2 Đường Quốc Lộ 1A, Phường Linh Trung (giáp ranh Linh Xuân), Thành phố Thủ Đức, Thành phố Hồ Chí Minh.: Rạp sở hữu 5 phòng chiếu kỹ thuật số hiện đại với tổng cộng 811 ghế ngồi. Phòng chiếu được đầu tư theo tiêu chuẩn Hollywood, trang bị màn hình hình ảnh sắc nét laser 4K và hệ thống âm thanh vòm Dolby 7.1 sống động.',NULL,'[\"http://res.cloudinary.com/dlh7xxigk/image/upload/v1781770251/b0evhmmchnswkhbyypva.jpg\"]',10.870871060019148,106.76899816435449,'Lotte Cinema Thủ Đức','08:00:00.000000',NULL,'Dưới 100k','Thành phố Thủ Đức','http://res.cloudinary.com/dlh7xxigk/image/upload/v1781770251/b0evhmmchnswkhbyypva.jpg',7,1,11),(60,'2026-05-15 01:48:18.945365','2026-06-14 03:08:35.961623','Mạc Đĩnh Chi',4.833333333,'22:00:00.000000',0xE61000000101000000AEA0698915B25A400FC70446A8C32540,'Quán cà phê yên tĩnh sống ảo cực chill wifi mạnh phù hợp làm việc và trò chuyện.Mô hình cà phê tích hợp Study Box riêng biệt. Có đầy đủ nệm, chăn, gối, bàn gấp và ổ cắm riêng tư để bạn vừa ôm laptop làm việc vừa nghỉ ngơi tại chỗ. Không gian bên ngoài trang bị ghế lười siêu êm. Quán có các \"nhân viên bốn chân\" lắm lông siêu đáng yêu cho bạn xả stress.',NULL,'[\"http://res.cloudinary.com/dlh7xxigk/image/upload/v1781381330/rgsbrqmqxmyb6jpew2xz.jpg\"]',10.8821432,106.7825645,'Gobi Coffee','07:00:00.000000',1,'Dưới 100k','Hồ Chí Minh','http://res.cloudinary.com/dlh7xxigk/image/upload/v1781381330/rgsbrqmqxmyb6jpew2xz.jpg',6,1,3),(61,'2026-05-15 01:48:19.796233','2026-06-18 08:13:15.775285','Bún Đậu Mắm Tôm Gánh Chi Nhánh II, Lương Định Của, Tân Quý, Phường Đông Hòa, Thành phố Dĩ An, Thành phố Hồ Chí Minh, 00084, Việt Nam',4.5,'21:00:00.000000',0xE6100000010100000060E6C07120B25A40F46DC6D3D4C42540,'Quán Bún Đậu Mắm Tôm Gánh Chi Nhánh II từng tọa lạc tại địa chỉ số 89 Đường Lương Định Của, Phường Đông Hòa, Thành phố Dĩ An, Tỉnh Bình Dương.',NULL,'[\"http://res.cloudinary.com/dlh7xxigk/image/upload/v1781770363/gj3vb6iriqsrjsqkkqku.jpg\"]',10.884436243030883,106.78323024595147,'Bún Đậu Mắm Tôm Gánh Chi Nhánh II','06:00:00.000000',NULL,'Dưới 100k','Thành phố Dĩ An','http://res.cloudinary.com/dlh7xxigk/image/upload/v1781770363/gj3vb6iriqsrjsqkkqku.jpg',10,0,2),(62,'2026-05-15 01:48:20.684775','2026-06-18 08:14:45.453026','Bún đậu Thị Nở (cơ sở 5), 147/05, Lương Định Của, Tân Quý, Phường Đông Hòa, Thành phố Dĩ An, Thành phố Hồ Chí Minh, 00084, Việt Nam',4.625,'21:00:00.000000',0xE61000000101000000CDD61EAB14B25A4004D26A4155C52540,'Bún đậu Thị Nở (Cơ sở 5) tọa lạc chính xác tại địa chỉ số 147 Đường Lương Định Của, Phường Đông Hòa, Thành phố Dĩ An, Tỉnh Bình Dương.Quán chuyên phục vụ mẹt bún đậu mắm tôm đầy đủ topping bao gồm đậu hũ chiên giòn, thịt chân giò luộc mọng nước, chả cốm dẻo thơm, nem chua rán nóng hổi và dồi sụn nướng. Bên cạnh bún đậu, quán còn phục vụ thêm món Nem nướng Nha Trang cuốn bánh tráng.',NULL,'[\"http://res.cloudinary.com/dlh7xxigk/image/upload/v1781770472/gjryhljrvgq3zgof1uxv.jpg\"]',10.88541607312164,106.78251150142314,'Bún đậu Thị Nở (cơ sở 5)','06:00:00.000000',NULL,'Dưới 100k','Thành phố Dĩ An','http://res.cloudinary.com/dlh7xxigk/image/upload/v1781770472/gjryhljrvgq3zgof1uxv.jpg',8,0,2),(63,'2026-06-18 07:00:51.169639','2026-06-18 08:16:10.590075','Quán Bia Tươi Sài Gòn AGATA, Nguyễn Du, Khu đô thị Đại học Quốc gia Thành phố Hồ Chí Minh, Tân Hoà, Phường Đông Hòa, Thành phố Dĩ An, Thành phố Hồ Chí Minh, 00084, Việt Nam',5,'22:00:00.000000',0xE610000001010000009C2E30D05AB25A40B5F3476293C22540,'Quán Bia Tươi Sài Gòn AGATA là điểm hẹn ẩm thực lý tưởng nổi tiếng với thực đơn phong phú từ các nguyên liệu tươi sạch, chế biến công phu, chuẩn vị truyền thống thơm ngon, hợp vệ sinh.',NULL,'[\"http://res.cloudinary.com/dlh7xxigk/image/upload/v1781770562/y1tbd9wfm9s4bmc1lcmg.jpg\"]',10.8800307,106.7867928,'Quán Bia Tươi Sài Gòn AGATA','08:00:00.000000',NULL,'100k - 500k',NULL,'http://res.cloudinary.com/dlh7xxigk/image/upload/v1781770562/y1tbd9wfm9s4bmc1lcmg.jpg',1,0,4),(64,'2026-06-18 07:00:53.146113','2026-06-18 08:08:25.478324','Nhà công vụ, Nguyễn Du, Khu đô thị Đại học Quốc gia Thành phố Hồ Chí Minh, Tân Hoà, Phường Đông Hòa, Thành phố Dĩ An, Thành phố Hồ Chí Minh, 00084, Việt Nam',4.5,'23:59:00.000000',0xE61000000101000000C2DD59BBEDB25A40A0353FFED2C22540,'Nhà công vụ cung cấp dịch vụ nghỉ ngơi tiện nghi, phòng ốc sạch sẽ, rộng rãi cùng đội ngũ nhân viên nhiệt tình chu đáo, mang đến trải nghiệm lưu trú trọn vẹn nhất cho du khách.',NULL,'[\"http://res.cloudinary.com/dlh7xxigk/image/upload/v1781770124/fdjmpekj7dw3dix6fgkn.webp\"]',10.880516,106.79576,'Nhà công vụ','00:00:00.000000',NULL,'Trên 500k',NULL,'http://res.cloudinary.com/dlh7xxigk/image/upload/v1781770124/fdjmpekj7dw3dix6fgkn.webp',6,0,17),(66,'2026-06-18 07:01:01.659439','2026-06-18 08:16:59.140070','Chùa Vạn Đức, 502, Tô Ngọc Vân, Khu phố 55, Phường Tam Bình, Thành phố Thủ Đức, Thành phố Hồ Chí Minh, 75350, Việt Nam',4.333333333,'19:00:00.000000',0xE610000001010000000D69A0CB8DAF5A40C661D9EC3DBA2540,'Ngôi chùa Chùa Vạn Đức thanh tịnh, mang đậm nét kiến trúc tâm linh Phật giáo cổ kính. Nơi đây là điểm đến lý tưởng để tìm lại cảm giác yên bình, thanh lọc tâm hồn và cầu nguyện bình an cho gia đình.',NULL,'[\"http://res.cloudinary.com/dlh7xxigk/image/upload/v1781770640/ffljoo5kkzedeoqkcrxe.webp\"]',10.863753701721077,106.74302950539659,'Chùa Vạn Đức','05:00:00.000000',NULL,'Miễn phí','Thành phố Thủ Đức','http://res.cloudinary.com/dlh7xxigk/image/upload/v1781770640/ffljoo5kkzedeoqkcrxe.webp',6,0,18),(67,'2026-06-18 07:01:03.946223','2026-06-18 08:18:30.379964','TH Nghệ thuật, 18 a, Phú Châu, Khu phố 59, Phường Tam Bình, Thành phố Thủ Đức, Thành phố Hồ Chí Minh, 75350, Việt Nam',5,'22:00:00.000000',0xE61000000101000000E5FF50A7B9AF5A40EA8BEA161CBA2540,'TH Nghệ thuật lưu giữ những giá trị văn hóa và lịch sử quý báu của khu vực, mang đến cho du khách những kiến thức lịch sử bổ ích cùng không gian trưng bày trang trọng.',NULL,'[\"http://res.cloudinary.com/dlh7xxigk/image/upload/v1781770728/kd8fnwfwc9vfjmqgzyds.jpg\"]',10.863495556002778,106.7457063952457,'TH Nghệ thuật','08:00:00.000000',NULL,'Dưới 100k','Thành phố Thủ Đức','http://res.cloudinary.com/dlh7xxigk/image/upload/v1781770728/kd8fnwfwc9vfjmqgzyds.jpg',4,0,16),(69,'2026-06-18 07:01:05.829001','2026-06-18 08:20:03.303821','Thanh Thiên Phú, 27/5A, Lý Tế Xuyên, Khu phố 85, Phường Hiệp Bình, Thành phố Thủ Đức, Thành phố Hồ Chí Minh, 75350, Việt Nam',4.75,'22:00:00.000000',0xE61000000101000000F613F348D9AF5A406A421DFA6DB52540,'Công ty Thanh Thiên Phú\nĐịa chỉ: 27/5A Đường Lý Tế Xuyên, Khu phố 4, Phường Linh Đông, Thành phố Thủ Đức, TP Hồ Chí Minh\nMST: 317244887\nPhone: 0812778899\nWebsite: https://dailysiemens.vn/',NULL,'[\"http://res.cloudinary.com/dlh7xxigk/image/upload/v1781770823/byihwctnmhsoqxcszvvo.jpg\"]',10.85435468299075,106.74763702142795,'Thanh Thiên Phú','08:00:00.000000',NULL,'Dưới 100k','Thành phố Thủ Đức','http://res.cloudinary.com/dlh7xxigk/image/upload/v1781770823/byihwctnmhsoqxcszvvo.jpg',8,0,13),(70,'2026-06-18 07:01:06.680300','2026-06-18 08:20:48.525352','Tượng đài chiến thắng Bắc Thủ Đức, Bình Phú, Khu phố 64, Phường Tam Bình, Thành phố Thủ Đức, Thành phố Hồ Chí Minh, 75350, Việt Nam',5,'22:00:00.000000',0xE61000000101000000C5701A4751AF5A40D8D5E429ABB52540,'Tượng đài chiến thắng Bắc Thủ Đức lưu giữ những giá trị văn hóa và lịch sử quý báu của khu vực, mang đến cho du khách những kiến thức lịch sử bổ ích cùng không gian trưng bày trang trọng.',NULL,'[\"http://res.cloudinary.com/dlh7xxigk/image/upload/v1781770859/afvunq3bazumclzcnc1l.webp\"]',10.8548215,106.7393358,'Tượng đài chiến thắng Bắc Thủ Đức','08:00:00.000000',NULL,'Miễn phí',NULL,'http://res.cloudinary.com/dlh7xxigk/image/upload/v1781770859/afvunq3bazumclzcnc1l.webp',4,0,16),(71,'2026-06-18 07:01:25.643583','2026-06-18 08:21:39.436345','Bánh Canh Ghẹ 162, Phạm Văn Đồng, Khu phố 38, Phường Hiệp Bình, Thành phố Thủ Đức, Thành phố Hồ Chí Minh, 72309, Việt Nam',4.6,'22:00:00.000000',0xE61000000101000000AE974B4FFDAD5A40658396BF8CA72540,'Bánh Canh Ghẹ 162 là điểm hẹn ẩm thực lý tưởng nổi tiếng với thực đơn phong phú từ các nguyên liệu tươi sạch, chế biến công phu, chuẩn vị truyền thống thơm ngon, hợp vệ sinh.',NULL,'[\"http://res.cloudinary.com/dlh7xxigk/image/upload/v1781770919/lyadrlm8dnw8tt56cdw0.jpg\"]',10.8272457,106.7185858,'Bánh Canh Ghẹ 162','08:00:00.000000',NULL,'Dưới 100k',NULL,'http://res.cloudinary.com/dlh7xxigk/image/upload/v1781770919/lyadrlm8dnw8tt56cdw0.jpg',5,0,2),(72,'2026-06-18 07:01:27.485011','2026-06-18 08:22:22.177419','Phở Hoài, Phạm Văn Đồng, Khu phố 38, Phường Hiệp Bình, Thành phố Thủ Đức, Thành phố Hồ Chí Minh, 72309, Việt Nam',4.8,'21:00:00.000000',0xE61000000101000000A320787CFBAD5A40A62A6D718DA72540,'Phở Hoài là điểm hẹn ẩm thực lý tưởng nổi tiếng với thực đơn phong phú từ các nguyên liệu tươi sạch, chế biến công phu, chuẩn vị truyền thống thơm ngon, hợp vệ sinh.',NULL,'[\"http://res.cloudinary.com/dlh7xxigk/image/upload/v1781770962/xeysy5b5d6frmefz4rid.jpg\"]',10.827251,106.7184745,'Phở Hoài','06:00:00.000000',NULL,'Dưới 100k',NULL,'http://res.cloudinary.com/dlh7xxigk/image/upload/v1781770962/xeysy5b5d6frmefz4rid.jpg',5,0,2),(73,'2026-06-18 07:01:28.067507','2026-06-18 08:23:50.211335','Khách Sạn Hưng Triệu, Kha Vạn Cân, Khu phố 38, Phường Hiệp Bình, Thành phố Thủ Đức, Thành phố Hồ Chí Minh, 72309, Việt Nam',4.666666666,'23:59:00.000000',0xE610000001010000006A036674F6AD5A408935A671B9A72540,'Khách Sạn Hưng Triệu cung cấp dịch vụ nghỉ ngơi tiện nghi, phòng ốc sạch sẽ, rộng rãi cùng đội ngũ nhân viên nhiệt tình chu đáo, mang đến trải nghiệm lưu trú trọn vẹn nhất cho du khách.',NULL,'[\"http://res.cloudinary.com/dlh7xxigk/image/upload/v1781771051/qf7ls3ct91stehktnvkf.webp\"]',10.8275867,106.7181674,'Khách Sạn Hưng Triệu','00:00:00.000000',NULL,'Trên 500k',NULL,'http://res.cloudinary.com/dlh7xxigk/image/upload/v1781771051/qf7ls3ct91stehktnvkf.webp',3,0,17),(74,'2026-06-18 07:01:28.777773','2026-06-18 08:24:39.722886','Tiệm Cơm Minh Mẫn, Đường số 18, Khu phố 46, Phường Hiệp Bình, Thành phố Thủ Đức, Thành phố Hồ Chí Minh, 72309, Việt Nam',4.714285714,'22:00:00.000000',0xE610000001010000007B8269BD04AE5A401EF3A6C75BA72540,'Tiệm Cơm Minh Mẫn là điểm hẹn ẩm thực lý tưởng nổi tiếng với thực đơn phong phú từ các nguyên liệu tươi sạch, chế biến công phu, chuẩn vị truyền thống thơm ngon, hợp vệ sinh.',NULL,'[\"http://res.cloudinary.com/dlh7xxigk/image/upload/v1781771097/g2lw7arv1pbzijfeaghn.jpg\"]',10.8268721,106.7190393,'Tiệm Cơm Minh Mẫn','08:00:00.000000',NULL,'Dưới 100k',NULL,'http://res.cloudinary.com/dlh7xxigk/image/upload/v1781771097/g2lw7arv1pbzijfeaghn.jpg',7,0,2),(75,'2026-06-18 07:01:30.072774','2026-06-18 08:25:11.346989','Bánh Mì Mạnh An, Đường số 18, Khu phố 46, Phường Hiệp Bình, Thành phố Thủ Đức, Thành phố Hồ Chí Minh, 72309, Việt Nam',4.4,'21:00:00.000000',0xE61000000101000000F8E868B004AE5A400E6954E064A72540,'Bánh Mì Mạnh An là điểm hẹn ẩm thực lý tưởng nổi tiếng với thực đơn phong phú từ các nguyên liệu tươi sạch, chế biến công phu, chuẩn vị truyền thống thơm ngon, hợp vệ sinh.',NULL,'[\"http://res.cloudinary.com/dlh7xxigk/image/upload/v1781771130/qjxvq6f5wlyovjas4hvw.jpg\"]',10.8269415,106.7190362,'Bánh Mì Mạnh An','06:00:00.000000',NULL,'Dưới 100k',NULL,'http://res.cloudinary.com/dlh7xxigk/image/upload/v1781771130/qjxvq6f5wlyovjas4hvw.jpg',5,0,5),(76,'2026-06-18 07:01:30.692637','2026-06-18 08:25:48.806213','Quán Bún Cá, Phạm Văn Đồng, Khu phố 47, Phường Hiệp Bình, Thành phố Thủ Đức, Thành phố Hồ Chí Minh, 72309, Việt Nam',4.5,'21:00:00.000000',0xE61000000101000000C13F000407AE5A40109B238678A72540,'Quán Bún Cá là điểm hẹn ẩm thực lý tưởng nổi tiếng với thực đơn phong phú từ các nguyên liệu tươi sạch, chế biến công phu, chuẩn vị truyền thống thơm ngon, hợp vệ sinh.',NULL,'[\"http://res.cloudinary.com/dlh7xxigk/image/upload/v1781771168/ltvczn0pth1qov4dpdco.jpg\"]',10.8270914,106.7191782,'Quán Bún Cá','06:00:00.000000',NULL,'Dưới 100k',NULL,'http://res.cloudinary.com/dlh7xxigk/image/upload/v1781771168/ltvczn0pth1qov4dpdco.jpg',4,0,2),(77,'2026-06-18 07:01:31.369927','2026-06-18 08:26:19.000435','Tiệm Bánh Mì Phá Lấu, Đường Số 19, Khu phố 48, Phường Hiệp Bình, Thành phố Thủ Đức, Thành phố Hồ Chí Minh, 72309, Việt Nam',4.75,'21:00:00.000000',0xE61000000101000000A968ACFD1DAE5A40B328475C5BA72540,'Tiệm Bánh Mì Phá Lấu là điểm hẹn ẩm thực lý tưởng nổi tiếng với thực đơn phong phú từ các nguyên liệu tươi sạch, chế biến công phu, chuẩn vị truyền thống thơm ngon, hợp vệ sinh.',NULL,'[\"http://res.cloudinary.com/dlh7xxigk/image/upload/v1781771200/jyl42iu5urchblnjzoze.webp\"]',10.8268689,106.7205805,'Tiệm Bánh Mì Phá Lấu','06:00:00.000000',NULL,'Dưới 100k',NULL,'http://res.cloudinary.com/dlh7xxigk/image/upload/v1781771200/jyl42iu5urchblnjzoze.webp',4,0,7),(78,'2026-06-18 07:01:32.733166','2026-06-18 08:27:09.669521','Tiệm Phở 41, Đường số 20, Khu phố 54, Phường Hiệp Bình, Thành phố Thủ Đức, Thành phố Hồ Chí Minh, 72309, Việt Nam',4,'21:00:00.000000',0xE61000000101000000DD989EB044AE5A406313F47233A72540,'Tiệm Phở 41 là điểm hẹn ẩm thực lý tưởng nổi tiếng với thực đơn phong phú từ các nguyên liệu tươi sạch, chế biến công phu, chuẩn vị truyền thống thơm ngon, hợp vệ sinh.',NULL,'[\"http://res.cloudinary.com/dlh7xxigk/image/upload/v1781771250/igccrthuuphgtta8cojr.jpg\"]',10.8265644,106.7229425,'Tiệm Phở 41','06:00:00.000000',NULL,'Dưới 100k',NULL,'http://res.cloudinary.com/dlh7xxigk/image/upload/v1781771250/igccrthuuphgtta8cojr.jpg',4,0,2),(79,'2026-06-18 07:01:33.249411','2026-06-18 08:27:43.986883','Quán Ốc Nhớ, Đường số 20, Khu phố 48, Phường Hiệp Bình, Thành phố Thủ Đức, Thành phố Hồ Chí Minh, 72309, Việt Nam',4.75,'22:00:00.000000',0xE6100000010100000068041BD73FAE5A40E1B37570B0A72540,'Quán Ốc Nhớ là điểm hẹn ẩm thực lý tưởng nổi tiếng với thực đơn phong phú từ các nguyên liệu tươi sạch, chế biến công phu, chuẩn vị truyền thống thơm ngon, hợp vệ sinh.',NULL,'[\"http://res.cloudinary.com/dlh7xxigk/image/upload/v1781771284/eereox33lhzuqu1svo2b.webp\"]',10.827518,106.7226465,'Quán Ốc Nhớ','08:00:00.000000',NULL,'Dưới 100k',NULL,'http://res.cloudinary.com/dlh7xxigk/image/upload/v1781771284/eereox33lhzuqu1svo2b.webp',4,0,2),(80,'2026-06-18 07:01:33.905335','2026-06-18 08:28:15.612363','Tiệm Mì Quảng, Đường số 20, Khu phố 48, Phường Hiệp Bình, Thành phố Thủ Đức, Thành phố Hồ Chí Minh, 72309, Việt Nam',4.666666666,'22:00:00.000000',0xE61000000101000000FAEDEBC039AE5A40A6D7C11C98A72540,'Tiệm Mì Quảng là điểm hẹn ẩm thực lý tưởng nổi tiếng với thực đơn phong phú từ các nguyên liệu tươi sạch, chế biến công phu, chuẩn vị truyền thống thơm ngon, hợp vệ sinh.',NULL,'[\"http://res.cloudinary.com/dlh7xxigk/image/upload/v1781771316/nksmrvb9cuhbx5fs92lo.jpg\"]',10.8273324,106.722275,'Tiệm Mì Quảng','08:00:00.000000',NULL,'Dưới 100k',NULL,'http://res.cloudinary.com/dlh7xxigk/image/upload/v1781771316/nksmrvb9cuhbx5fs92lo.jpg',6,0,2),(81,'2026-06-18 07:01:34.953276','2026-06-18 08:28:46.523540','Khách Sạn Bạch Mai, Kha Vạn Cân, Khu phố 51, Phường Hiệp Bình, Thành phố Thủ Đức, Thành phố Hồ Chí Minh, 72309, Việt Nam',4.666666666,'23:59:00.000000',0xE61000000101000000D5EC815660AE5A40CAF0E9FBBAA92540,'Khách Sạn Bạch Mai cung cấp dịch vụ nghỉ ngơi tiện nghi, phòng ốc sạch sẽ, rộng rãi cùng đội ngũ nhân viên nhiệt tình chu đáo, mang đến trải nghiệm lưu trú trọn vẹn nhất cho du khách.',NULL,'[\"http://res.cloudinary.com/dlh7xxigk/image/upload/v1781771345/muoesl556niurdo4yfm0.jpg\"]',10.8315047,106.72463,'Khách Sạn Bạch Mai','00:00:00.000000',NULL,'Trên 500k',NULL,'http://res.cloudinary.com/dlh7xxigk/image/upload/v1781771345/muoesl556niurdo4yfm0.jpg',6,0,17),(82,'2026-06-18 07:01:35.639704','2026-06-18 08:29:51.366291','Nhà Nghỉ Bích Vân, Kha Vạn Cân, Khu phố 51, Phường Hiệp Bình, Thành phố Thủ Đức, Thành phố Hồ Chí Minh, 72309, Việt Nam',4.666666666,'23:59:00.000000',0xE610000001010000002E3883BF5FAE5A4016003ED3A6A92540,'Nhà Nghỉ Bích Vân cung cấp dịch vụ nghỉ ngơi tiện nghi, phòng ốc sạch sẽ, rộng rãi cùng đội ngũ nhân viên nhiệt tình chu đáo, mang đến trải nghiệm lưu trú trọn vẹn nhất cho du khách.',NULL,'[\"http://res.cloudinary.com/dlh7xxigk/image/upload/v1781771409/abaggwc8nw4zwobxaiia.jpg\"]',10.8313509,106.724594,'Nhà Nghỉ Bích Vân','00:00:00.000000',NULL,'Trên 500k',NULL,'http://res.cloudinary.com/dlh7xxigk/image/upload/v1781771409/abaggwc8nw4zwobxaiia.jpg',6,0,17),(83,'2026-06-18 07:01:37.353842','2026-06-18 08:30:23.438651','Bánh Mì Minh Thư, Phạm Văn Đồng, Khu phố 38, Phường Hiệp Bình, Thành phố Thủ Đức, Thành phố Hồ Chí Minh, 72309, Việt Nam',4.5,'21:00:00.000000',0xE6100000010100000002D9EBDD1FAE5A40979240DE06A82540,'Bánh Mì Minh Thư là điểm hẹn ẩm thực lý tưởng nổi tiếng với thực đơn phong phú từ các nguyên liệu tươi sạch, chế biến công phu, chuẩn vị truyền thống thơm ngon, hợp vệ sinh.',NULL,'[\"http://res.cloudinary.com/dlh7xxigk/image/upload/v1781771443/gjdxytlqku4muprm6qiw.jpg\"]',10.8281774,106.720695,'Bánh Mì Minh Thư','06:00:00.000000',NULL,'Dưới 100k',NULL,'http://res.cloudinary.com/dlh7xxigk/image/upload/v1781771443/gjdxytlqku4muprm6qiw.jpg',8,0,5),(84,'2026-06-18 07:01:37.934270','2026-06-18 08:32:03.944426','Cà Phê Đại Nguyên, Đường số 20, Khu phố 49, Phường Hiệp Bình, Thành phố Thủ Đức, Thành phố Hồ Chí Minh, 72309, Việt Nam',4.75,'22:00:00.000000',0xE610000001010000000F2C122433AE5A406B811E377EA72540,'Địa chỉ bạn vừa cung cấp chính là vị trí của quán DAINGUYEN COFFEE - TRÀ SỮA OOLONG (thường được biết đến với tên gọi Đại Nguyên Coffee Gigamall). Quán nổi tiếng với các dòng cà phê hạt rang xay nguyên chất (Robusta, Specialty Coffee) và các món trà sữa bánh flan, trà Oolong kem trứng độc đáo. Thiết kế theo phong cách phố cổ mộc mạc, có nhiều cây xanh, thoáng mát và yên tĩnh, rất phù hợp để đọc sách hoặc mang laptop làm việc.',NULL,'[\"http://res.cloudinary.com/dlh7xxigk/image/upload/v1781771512/avsveeubg2dv0je71xw2.jpg\"]',10.827134821389981,106.72187139296169,'Cà Phê Đại Nguyên','08:00:00.000000',NULL,'100k - 500k','Thành phố Thủ Đức','http://res.cloudinary.com/dlh7xxigk/image/upload/v1781771512/avsveeubg2dv0je71xw2.jpg',8,0,3);
/*!40000 ALTER TABLE `locations` ENABLE KEYS */;
UNLOCK TABLES;

--
-- Table structure for table `newsletter_subscribers`
--

DROP TABLE IF EXISTS `newsletter_subscribers`;
/*!40101 SET @saved_cs_client     = @@character_set_client */;
/*!50503 SET character_set_client = utf8mb4 */;
CREATE TABLE `newsletter_subscribers` (
  `id` bigint NOT NULL AUTO_INCREMENT,
  `email` varchar(255) NOT NULL,
  `is_active` bit(1) DEFAULT NULL,
  `subscribed_at` datetime(6) NOT NULL,
  PRIMARY KEY (`id`),
  UNIQUE KEY `UKqqdefkuupml4s7190ettcy6jy` (`email`)
) ENGINE=InnoDB AUTO_INCREMENT=2 DEFAULT CHARSET=utf8mb4 COLLATE=utf8mb4_0900_ai_ci;
/*!40101 SET character_set_client = @saved_cs_client */;

--
-- Dumping data for table `newsletter_subscribers`
--

LOCK TABLES `newsletter_subscribers` WRITE;
/*!40000 ALTER TABLE `newsletter_subscribers` DISABLE KEYS */;
INSERT INTO `newsletter_subscribers` VALUES (1,'lydung853@gmail.com',0x01,'2026-05-21 20:55:54.184023');
/*!40000 ALTER TABLE `newsletter_subscribers` ENABLE KEYS */;
UNLOCK TABLES;

--
-- Table structure for table `password_reset_tokens`
--

DROP TABLE IF EXISTS `password_reset_tokens`;
/*!40101 SET @saved_cs_client     = @@character_set_client */;
/*!50503 SET character_set_client = utf8mb4 */;
CREATE TABLE `password_reset_tokens` (
  `id` bigint NOT NULL AUTO_INCREMENT,
  `expiry_date` datetime(6) NOT NULL,
  `token` varchar(255) NOT NULL,
  `user_id` bigint NOT NULL,
  PRIMARY KEY (`id`),
  UNIQUE KEY `UK71lqwbwtklmljk3qlsugr1mig` (`token`),
  UNIQUE KEY `UKla2ts67g4oh2sreayswhox1i6` (`user_id`),
  CONSTRAINT `FKk3ndxg5xp6v7wd4gjyusp15gq` FOREIGN KEY (`user_id`) REFERENCES `users` (`user_id`)
) ENGINE=InnoDB AUTO_INCREMENT=3 DEFAULT CHARSET=utf8mb4 COLLATE=utf8mb4_0900_ai_ci;
/*!40101 SET character_set_client = @saved_cs_client */;

--
-- Dumping data for table `password_reset_tokens`
--

LOCK TABLES `password_reset_tokens` WRITE;
/*!40000 ALTER TABLE `password_reset_tokens` DISABLE KEYS */;
/*!40000 ALTER TABLE `password_reset_tokens` ENABLE KEYS */;
UNLOCK TABLES;

--
-- Table structure for table `reviews`
--

DROP TABLE IF EXISTS `reviews`;
/*!40101 SET @saved_cs_client     = @@character_set_client */;
/*!50503 SET character_set_client = utf8mb4 */;
CREATE TABLE `reviews` (
  `review_id` bigint NOT NULL AUTO_INCREMENT,
  `created_at` datetime(6) DEFAULT NULL,
  `updated_at` datetime(6) DEFAULT NULL,
  `comment` text,
  `images_json` json DEFAULT NULL,
  `is_edited` bit(1) DEFAULT NULL,
  `rating` int NOT NULL,
  `verify_status` enum('APPROVED','HIDDEN') DEFAULT NULL,
  `visit_date` date DEFAULT NULL,
  `location_id` bigint DEFAULT NULL,
  `user_id` bigint DEFAULT NULL,
  PRIMARY KEY (`review_id`),
  KEY `idx_reviews_location` (`location_id`),
  KEY `idx_reviews_created_at` (`created_at`),
  KEY `FKcgy7qjc1r99dp117y9en6lxye` (`user_id`),
  CONSTRAINT `FKcgy7qjc1r99dp117y9en6lxye` FOREIGN KEY (`user_id`) REFERENCES `users` (`user_id`),
  CONSTRAINT `FKktrf1oa0dfghy2bxaj83fa3ys` FOREIGN KEY (`location_id`) REFERENCES `locations` (`location_id`)
) ENGINE=InnoDB AUTO_INCREMENT=540 DEFAULT CHARSET=utf8mb4 COLLATE=utf8mb4_0900_ai_ci;
/*!40101 SET character_set_client = @saved_cs_client */;

--
-- Dumping data for table `reviews`
--

LOCK TABLES `reviews` WRITE;
/*!40000 ALTER TABLE `reviews` DISABLE KEYS */;
INSERT INTO `reviews` VALUES (1,'2026-04-05 16:54:09.722970',NULL,'Không gian tuyệt vời, đồ ăn nước uống chất lượng tốt!',NULL,NULL,5,'APPROVED',NULL,1,1),(2,'2026-05-12 16:54:09.750092',NULL,'Không gian tuyệt vời, đồ ăn nước uống chất lượng tốt!',NULL,NULL,5,'APPROVED',NULL,27,1),(3,'2026-05-21 16:54:09.762345',NULL,'Không gian tuyệt vời, đồ ăn nước uống chất lượng tốt!',NULL,NULL,5,'APPROVED',NULL,48,1),(4,'2026-04-29 16:54:09.774781',NULL,'Không gian tuyệt vời, đồ ăn nước uống chất lượng tốt!',NULL,NULL,5,'APPROVED',NULL,11,1),(5,'2026-05-07 16:54:09.787645',NULL,'Không gian tuyệt vời, đồ ăn nước uống chất lượng tốt!',NULL,NULL,5,'APPROVED',NULL,23,1),(6,'2026-04-10 16:54:09.797997',NULL,'Không gian tuyệt vời, đồ ăn nước uống chất lượng tốt!',NULL,NULL,5,'APPROVED',NULL,26,1),(7,'2026-04-25 16:54:09.811808',NULL,'Không gian tuyệt vời, đồ ăn nước uống chất lượng tốt!',NULL,NULL,5,'APPROVED',NULL,51,1),(8,'2026-04-03 16:54:09.826101',NULL,'Không gian tuyệt vời, đồ ăn nước uống chất lượng tốt!',NULL,NULL,4,'APPROVED',NULL,39,1),(10,'2026-04-06 16:54:09.856519',NULL,'Không gian tuyệt vời, đồ ăn nước uống chất lượng tốt!',NULL,NULL,4,'APPROVED',NULL,27,3),(11,'2026-05-17 16:54:09.871489',NULL,'Không gian tuyệt vời, đồ ăn nước uống chất lượng tốt!',NULL,NULL,4,'APPROVED',NULL,51,3),(12,'2026-04-24 16:54:09.884333',NULL,'Không gian tuyệt vời, đồ ăn nước uống chất lượng tốt!',NULL,NULL,4,'APPROVED',NULL,42,3),(13,'2026-04-10 16:54:09.896278',NULL,'Không gian tuyệt vời, đồ ăn nước uống chất lượng tốt!',NULL,NULL,5,'APPROVED',NULL,11,3),(14,'2026-05-07 16:54:09.908981',NULL,'Không gian tuyệt vời, đồ ăn nước uống chất lượng tốt!',NULL,NULL,5,'APPROVED',NULL,13,3),(15,'2026-05-19 16:54:09.923044',NULL,'Không gian tuyệt vời, đồ ăn nước uống chất lượng tốt!',NULL,NULL,5,'APPROVED',NULL,8,3),(16,'2026-04-09 16:54:09.936406',NULL,'Không gian tuyệt vời, đồ ăn nước uống chất lượng tốt!',NULL,NULL,4,'APPROVED',NULL,48,3),(17,'2026-04-12 16:54:09.947265',NULL,'Không gian tuyệt vời, đồ ăn nước uống chất lượng tốt!',NULL,NULL,5,'APPROVED',NULL,23,3),(19,'2026-05-22 16:54:09.975596',NULL,'Không gian tuyệt vời, đồ ăn nước uống chất lượng tốt!',NULL,NULL,5,'APPROVED',NULL,51,4),(20,'2026-04-24 16:54:09.988304',NULL,'Không gian tuyệt vời, đồ ăn nước uống chất lượng tốt!',NULL,NULL,5,'APPROVED',NULL,11,4),(21,'2026-04-10 16:54:10.000144',NULL,'Không gian tuyệt vời, đồ ăn nước uống chất lượng tốt!',NULL,NULL,4,'APPROVED',NULL,39,4),(22,'2026-05-08 16:54:10.010745',NULL,'Không gian tuyệt vời, đồ ăn nước uống chất lượng tốt!',NULL,NULL,5,'APPROVED',NULL,42,4),(23,'2026-05-15 16:54:10.028534',NULL,'Không gian tuyệt vời, đồ ăn nước uống chất lượng tốt!',NULL,NULL,5,'APPROVED',NULL,26,4),(24,'2026-04-10 16:54:10.048696',NULL,'Không gian tuyệt vời, đồ ăn nước uống chất lượng tốt!',NULL,NULL,5,'APPROVED',NULL,27,4),(25,'2026-05-02 16:54:10.063871',NULL,'Không gian tuyệt vời, đồ ăn nước uống chất lượng tốt!',NULL,NULL,5,'APPROVED',NULL,23,4),(26,'2026-04-03 16:54:10.078313',NULL,'Không gian tuyệt vời, đồ ăn nước uống chất lượng tốt!',NULL,NULL,5,'APPROVED',NULL,8,4),(27,'2026-04-13 16:54:10.093666',NULL,'Không gian tuyệt vời, đồ ăn nước uống chất lượng tốt!',NULL,NULL,5,'APPROVED',NULL,48,4),(28,'2026-05-16 16:54:10.108356',NULL,'Không gian tuyệt vời, đồ ăn nước uống chất lượng tốt!',NULL,NULL,5,'APPROVED',NULL,23,5),(29,'2026-05-09 16:54:10.122456',NULL,'Không gian tuyệt vời, đồ ăn nước uống chất lượng tốt!',NULL,NULL,5,'APPROVED',NULL,42,5),(30,'2026-04-19 16:54:10.138099',NULL,'Không gian tuyệt vời, đồ ăn nước uống chất lượng tốt!',NULL,NULL,5,'APPROVED',NULL,48,5),(31,'2026-05-14 16:54:10.151292',NULL,'Không gian tuyệt vời, đồ ăn nước uống chất lượng tốt!',NULL,NULL,5,'APPROVED',NULL,13,5),(32,'2026-05-21 16:54:10.165929',NULL,'Không gian tuyệt vời, đồ ăn nước uống chất lượng tốt!',NULL,NULL,5,'APPROVED',NULL,26,5),(33,'2026-03-29 16:54:10.181544',NULL,'Không gian tuyệt vời, đồ ăn nước uống chất lượng tốt!',NULL,NULL,5,'APPROVED',NULL,1,5),(34,'2026-04-09 16:54:10.200412',NULL,'Không gian tuyệt vời, đồ ăn nước uống chất lượng tốt!',NULL,NULL,5,'APPROVED',NULL,11,5),(35,'2026-05-05 16:54:10.217398',NULL,'Không gian tuyệt vời, đồ ăn nước uống chất lượng tốt!',NULL,NULL,5,'APPROVED',NULL,51,5),(37,'2026-05-09 16:54:10.241866',NULL,'Không gian tuyệt vời, đồ ăn nước uống chất lượng tốt!',NULL,NULL,5,'APPROVED',NULL,1,6),(38,'2026-04-06 16:54:10.252389',NULL,'Không gian tuyệt vời, đồ ăn nước uống chất lượng tốt!',NULL,NULL,4,'APPROVED',NULL,26,6),(39,'2026-04-07 16:54:10.261760',NULL,'Không gian tuyệt vời, đồ ăn nước uống chất lượng tốt!',NULL,NULL,5,'APPROVED',NULL,23,6),(41,'2026-04-14 16:54:10.282377',NULL,'Không gian tuyệt vời, đồ ăn nước uống chất lượng tốt!',NULL,NULL,5,'APPROVED',NULL,48,6),(42,'2026-05-22 16:54:10.293220',NULL,'Không gian tuyệt vời, đồ ăn nước uống chất lượng tốt!',NULL,NULL,5,'APPROVED',NULL,39,6),(43,'2026-04-19 16:54:10.302427',NULL,'Không gian tuyệt vời, đồ ăn nước uống chất lượng tốt!',NULL,NULL,5,'APPROVED',NULL,27,6),(44,'2026-04-17 16:54:10.309912',NULL,'Không gian tuyệt vời, đồ ăn nước uống chất lượng tốt!',NULL,NULL,5,'APPROVED',NULL,13,6),(45,'2026-04-11 16:54:10.321714',NULL,'Không gian tuyệt vời, đồ ăn nước uống chất lượng tốt!',NULL,NULL,4,'APPROVED',NULL,11,6),(46,'2026-04-14 16:54:10.329327',NULL,'Không gian tuyệt vời, đồ ăn nước uống chất lượng tốt!',NULL,NULL,4,'APPROVED',NULL,51,7),(47,'2026-05-04 16:54:10.339497',NULL,'Không gian tuyệt vời, đồ ăn nước uống chất lượng tốt!',NULL,NULL,5,'APPROVED',NULL,11,7),(48,'2026-04-23 16:54:10.345328',NULL,'Không gian tuyệt vời, đồ ăn nước uống chất lượng tốt!',NULL,NULL,5,'APPROVED',NULL,39,7),(49,'2026-04-19 16:54:10.357009',NULL,'Không gian tuyệt vời, đồ ăn nước uống chất lượng tốt!',NULL,NULL,5,'APPROVED',NULL,1,7),(50,'2026-04-13 16:54:10.366459',NULL,'Không gian tuyệt vời, đồ ăn nước uống chất lượng tốt!',NULL,NULL,4,'APPROVED',NULL,26,7),(51,'2026-04-13 16:54:10.376850',NULL,'Không gian tuyệt vời, đồ ăn nước uống chất lượng tốt!',NULL,NULL,5,'APPROVED',NULL,13,7),(52,'2026-04-11 16:54:10.388143',NULL,'Không gian tuyệt vời, đồ ăn nước uống chất lượng tốt!',NULL,NULL,4,'APPROVED',NULL,42,7),(53,'2026-03-31 16:54:10.399297',NULL,'Không gian tuyệt vời, đồ ăn nước uống chất lượng tốt!',NULL,NULL,5,'APPROVED',NULL,48,7),(54,'2026-04-17 16:54:10.409528',NULL,'Không gian tuyệt vời, đồ ăn nước uống chất lượng tốt!',NULL,NULL,4,'APPROVED',NULL,8,7),(55,'2026-04-13 16:54:10.419620',NULL,'Không gian tuyệt vời, đồ ăn nước uống chất lượng tốt!',NULL,NULL,4,'APPROVED',NULL,48,8),(56,'2026-04-06 16:54:10.428363',NULL,'Không gian tuyệt vời, đồ ăn nước uống chất lượng tốt!',NULL,NULL,5,'APPROVED',NULL,27,8),(57,'2026-05-13 16:54:10.439262',NULL,'Không gian tuyệt vời, đồ ăn nước uống chất lượng tốt!',NULL,NULL,5,'APPROVED',NULL,26,8),(58,'2026-04-20 16:54:10.448089',NULL,'Không gian tuyệt vời, đồ ăn nước uống chất lượng tốt!',NULL,NULL,5,'APPROVED',NULL,42,8),(59,'2026-05-06 16:54:10.458309',NULL,'Không gian tuyệt vời, đồ ăn nước uống chất lượng tốt!',NULL,NULL,5,'APPROVED',NULL,1,8),(60,'2026-04-09 16:54:10.468242',NULL,'Không gian tuyệt vời, đồ ăn nước uống chất lượng tốt!',NULL,NULL,4,'APPROVED',NULL,39,8),(61,'2026-05-17 16:54:10.477646',NULL,'Không gian tuyệt vời, đồ ăn nước uống chất lượng tốt!',NULL,NULL,5,'APPROVED',NULL,23,8),(62,'2026-04-08 16:54:10.488821',NULL,'Không gian tuyệt vời, đồ ăn nước uống chất lượng tốt!',NULL,NULL,5,'APPROVED',NULL,11,8),(63,'2026-04-01 16:54:10.498302',NULL,'Không gian tuyệt vời, đồ ăn nước uống chất lượng tốt!',NULL,NULL,5,'APPROVED',NULL,8,8),(64,'2026-04-23 16:54:10.509793',NULL,'Không gian tuyệt vời, đồ ăn nước uống chất lượng tốt!',NULL,NULL,5,'APPROVED',NULL,11,9),(66,'2026-04-16 16:54:10.531821',NULL,'Không gian tuyệt vời, đồ ăn nước uống chất lượng tốt!',NULL,NULL,5,'APPROVED',NULL,23,9),(67,'2026-05-02 16:54:10.542679',NULL,'Không gian tuyệt vời, đồ ăn nước uống chất lượng tốt!',NULL,NULL,4,'APPROVED',NULL,42,9),(68,'2026-04-11 16:54:10.553938',NULL,'Không gian tuyệt vời, đồ ăn nước uống chất lượng tốt!',NULL,NULL,5,'APPROVED',NULL,26,9),(69,'2026-04-18 16:54:10.562467',NULL,'Không gian tuyệt vời, đồ ăn nước uống chất lượng tốt!',NULL,NULL,5,'APPROVED',NULL,51,9),(70,'2026-04-15 16:54:10.566989',NULL,'Không gian tuyệt vời, đồ ăn nước uống chất lượng tốt!',NULL,NULL,5,'APPROVED',NULL,13,9),(71,'2026-04-04 16:54:10.588824',NULL,'Không gian tuyệt vời, đồ ăn nước uống chất lượng tốt!',NULL,NULL,4,'APPROVED',NULL,8,9),(72,'2026-05-04 16:54:10.601476',NULL,'Không gian tuyệt vời, đồ ăn nước uống chất lượng tốt!',NULL,NULL,4,'APPROVED',NULL,1,9),(73,'2026-05-18 16:54:10.614723',NULL,'Không gian tuyệt vời, đồ ăn nước uống chất lượng tốt!',NULL,NULL,5,'APPROVED',NULL,23,10),(74,'2026-05-20 16:54:10.628386',NULL,'Không gian tuyệt vời, đồ ăn nước uống chất lượng tốt!',NULL,NULL,5,'APPROVED',NULL,26,10),(75,'2026-04-18 16:54:10.643662',NULL,'Không gian tuyệt vời, đồ ăn nước uống chất lượng tốt!',NULL,NULL,5,'APPROVED',NULL,42,10),(76,'2026-05-10 16:54:10.659607',NULL,'Không gian tuyệt vời, đồ ăn nước uống chất lượng tốt!',NULL,NULL,5,'APPROVED',NULL,8,10),(77,'2026-04-20 16:54:10.673002',NULL,'Không gian tuyệt vời, đồ ăn nước uống chất lượng tốt!',NULL,NULL,5,'APPROVED',NULL,11,10),(78,'2026-05-10 16:54:10.684780',NULL,'Không gian tuyệt vời, đồ ăn nước uống chất lượng tốt!',NULL,NULL,5,'APPROVED',NULL,27,10),(79,'2026-04-26 16:54:10.697486',NULL,'Không gian tuyệt vời, đồ ăn nước uống chất lượng tốt!',NULL,NULL,5,'APPROVED',NULL,1,10),(80,'2026-04-26 16:54:10.710116',NULL,'Không gian tuyệt vời, đồ ăn nước uống chất lượng tốt!',NULL,NULL,5,'APPROVED',NULL,13,10),(81,'2026-05-19 16:54:10.724317',NULL,'Không gian tuyệt vời, đồ ăn nước uống chất lượng tốt!',NULL,NULL,5,'APPROVED',NULL,48,10),(82,'2026-04-20 16:54:10.739640',NULL,'Không gian tuyệt vời, đồ ăn nước uống chất lượng tốt!',NULL,NULL,5,'APPROVED',NULL,26,11),(83,'2026-05-10 16:54:10.756063',NULL,'Không gian tuyệt vời, đồ ăn nước uống chất lượng tốt!',NULL,NULL,4,'APPROVED',NULL,13,11),(84,'2026-04-25 16:54:10.773849',NULL,'Không gian tuyệt vời, đồ ăn nước uống chất lượng tốt!',NULL,NULL,5,'APPROVED',NULL,23,11),(85,'2026-05-10 16:54:10.792137',NULL,'Không gian tuyệt vời, đồ ăn nước uống chất lượng tốt!',NULL,NULL,4,'APPROVED',NULL,1,11),(86,'2026-03-31 16:54:10.809101',NULL,'Không gian tuyệt vời, đồ ăn nước uống chất lượng tốt!',NULL,NULL,4,'APPROVED',NULL,42,11),(87,'2026-04-06 16:54:10.827520',NULL,'Không gian tuyệt vời, đồ ăn nước uống chất lượng tốt!',NULL,NULL,5,'APPROVED',NULL,11,11),(88,'2026-05-11 16:54:10.844031',NULL,'Không gian tuyệt vời, đồ ăn nước uống chất lượng tốt!',NULL,NULL,5,'APPROVED',NULL,8,11),(89,'2026-05-05 16:54:10.858696',NULL,'Không gian tuyệt vời, đồ ăn nước uống chất lượng tốt!',NULL,NULL,5,'APPROVED',NULL,48,11),(91,'2026-05-21 16:54:10.894047',NULL,'Không gian tuyệt vời, đồ ăn nước uống chất lượng tốt!',NULL,NULL,5,'APPROVED',NULL,12,12),(92,'2026-05-05 16:54:10.915050',NULL,'Không gian tuyệt vời, đồ ăn nước uống chất lượng tốt!',NULL,NULL,4,'APPROVED',NULL,9,12),(93,'2026-04-26 16:54:10.927999',NULL,'Không gian tuyệt vời, đồ ăn nước uống chất lượng tốt!',NULL,NULL,4,'APPROVED',NULL,20,12),(94,'2026-04-12 16:54:10.941021',NULL,'Không gian tuyệt vời, đồ ăn nước uống chất lượng tốt!',NULL,NULL,4,'APPROVED',NULL,59,12),(95,'2026-04-22 16:54:10.953602',NULL,'Không gian tuyệt vời, đồ ăn nước uống chất lượng tốt!',NULL,NULL,5,'APPROVED',NULL,57,12),(96,'2026-04-27 16:54:10.965826',NULL,'Không gian tuyệt vời, đồ ăn nước uống chất lượng tốt!',NULL,NULL,5,'APPROVED',NULL,28,12),(97,'2026-05-02 16:54:10.980063',NULL,'Không gian tuyệt vời, đồ ăn nước uống chất lượng tốt!',NULL,NULL,5,'APPROVED',NULL,3,12),(98,'2026-05-21 16:54:11.000169',NULL,'Không gian tuyệt vời, đồ ăn nước uống chất lượng tốt!',NULL,NULL,5,'APPROVED',NULL,50,12),(99,'2026-05-08 16:54:11.016436',NULL,'Không gian tuyệt vời, đồ ăn nước uống chất lượng tốt!',NULL,NULL,5,'APPROVED',NULL,12,13),(100,'2026-04-07 16:54:11.032446',NULL,'Không gian tuyệt vời, đồ ăn nước uống chất lượng tốt!',NULL,NULL,5,'APPROVED',NULL,9,13),(101,'2026-04-27 16:54:11.047587',NULL,'Không gian tuyệt vời, đồ ăn nước uống chất lượng tốt!',NULL,NULL,5,'APPROVED',NULL,3,13),(102,'2026-04-08 16:54:11.061779',NULL,'Không gian tuyệt vời, đồ ăn nước uống chất lượng tốt!',NULL,NULL,5,'APPROVED',NULL,50,13),(103,'2026-05-11 16:54:11.078849',NULL,'Không gian tuyệt vời, đồ ăn nước uống chất lượng tốt!',NULL,NULL,5,'APPROVED',NULL,31,13),(104,'2026-04-09 16:54:11.092935',NULL,'Không gian tuyệt vời, đồ ăn nước uống chất lượng tốt!',NULL,NULL,5,'APPROVED',NULL,43,13),(105,'2026-05-05 16:54:11.104854',NULL,'Không gian tuyệt vời, đồ ăn nước uống chất lượng tốt!',NULL,NULL,4,'APPROVED',NULL,28,13),(106,'2026-04-24 16:54:11.115625',NULL,'Không gian tuyệt vời, đồ ăn nước uống chất lượng tốt!',NULL,NULL,5,'APPROVED',NULL,57,13),(107,'2026-03-31 16:54:11.126523',NULL,'Không gian tuyệt vời, đồ ăn nước uống chất lượng tốt!',NULL,NULL,5,'APPROVED',NULL,59,14),(108,'2026-05-14 16:54:11.136950',NULL,'Không gian tuyệt vời, đồ ăn nước uống chất lượng tốt!',NULL,NULL,5,'APPROVED',NULL,28,14),(109,'2026-04-06 16:54:11.145994',NULL,'Không gian tuyệt vời, đồ ăn nước uống chất lượng tốt!',NULL,NULL,5,'APPROVED',NULL,50,14),(110,'2026-04-03 16:54:11.158720',NULL,'Không gian tuyệt vời, đồ ăn nước uống chất lượng tốt!',NULL,NULL,4,'APPROVED',NULL,20,14),(112,'2026-03-29 16:54:11.177595',NULL,'Không gian tuyệt vời, đồ ăn nước uống chất lượng tốt!',NULL,NULL,5,'APPROVED',NULL,9,14),(113,'2026-05-08 16:54:11.192740',NULL,'Không gian tuyệt vời, đồ ăn nước uống chất lượng tốt!',NULL,NULL,5,'APPROVED',NULL,31,14),(114,'2026-05-13 16:54:11.206773',NULL,'Không gian tuyệt vời, đồ ăn nước uống chất lượng tốt!',NULL,NULL,5,'APPROVED',NULL,3,14),(115,'2026-04-10 16:54:11.220539',NULL,'Không gian tuyệt vời, đồ ăn nước uống chất lượng tốt!',NULL,NULL,4,'APPROVED',NULL,50,15),(116,'2026-05-03 16:54:11.236513',NULL,'Không gian tuyệt vời, đồ ăn nước uống chất lượng tốt!',NULL,NULL,5,'APPROVED',NULL,12,15),(117,'2026-03-30 16:54:11.247515',NULL,'Không gian tuyệt vời, đồ ăn nước uống chất lượng tốt!',NULL,NULL,5,'APPROVED',NULL,3,15),(119,'2026-04-01 16:54:11.270311',NULL,'Không gian tuyệt vời, đồ ăn nước uống chất lượng tốt!',NULL,NULL,5,'APPROVED',NULL,59,15),(120,'2026-04-09 16:54:11.279188',NULL,'Không gian tuyệt vời, đồ ăn nước uống chất lượng tốt!',NULL,NULL,4,'APPROVED',NULL,28,15),(121,'2026-04-15 16:54:11.293309',NULL,'Không gian tuyệt vời, đồ ăn nước uống chất lượng tốt!',NULL,NULL,5,'APPROVED',NULL,9,15),(122,'2026-04-25 16:54:11.307690',NULL,'Không gian tuyệt vời, đồ ăn nước uống chất lượng tốt!',NULL,NULL,5,'APPROVED',NULL,20,15),(123,'2026-03-30 16:54:11.322390',NULL,'Không gian tuyệt vời, đồ ăn nước uống chất lượng tốt!',NULL,NULL,5,'APPROVED',NULL,57,16),(124,'2026-04-16 16:54:11.337827',NULL,'Không gian tuyệt vời, đồ ăn nước uống chất lượng tốt!',NULL,NULL,5,'APPROVED',NULL,31,16),(126,'2026-05-06 16:54:11.366325',NULL,'Không gian tuyệt vời, đồ ăn nước uống chất lượng tốt!',NULL,NULL,5,'APPROVED',NULL,20,16),(127,'2026-05-21 16:54:11.381279',NULL,'Không gian tuyệt vời, đồ ăn nước uống chất lượng tốt!',NULL,NULL,5,'APPROVED',NULL,9,16),(128,'2026-04-03 16:54:11.396372',NULL,'Không gian tuyệt vời, đồ ăn nước uống chất lượng tốt!',NULL,NULL,4,'APPROVED',NULL,59,16),(129,'2026-05-02 16:54:11.412464',NULL,'Không gian tuyệt vời, đồ ăn nước uống chất lượng tốt!',NULL,NULL,4,'APPROVED',NULL,50,16),(130,'2026-04-19 16:54:11.425957',NULL,'Không gian tuyệt vời, đồ ăn nước uống chất lượng tốt!',NULL,NULL,5,'APPROVED',NULL,28,16),(131,'2026-04-17 16:54:11.439127',NULL,'Không gian tuyệt vời, đồ ăn nước uống chất lượng tốt!',NULL,NULL,5,'APPROVED',NULL,28,17),(133,'2026-05-03 16:54:11.464894',NULL,'Không gian tuyệt vời, đồ ăn nước uống chất lượng tốt!',NULL,NULL,5,'APPROVED',NULL,59,17),(134,'2026-04-14 16:54:11.475922',NULL,'Không gian tuyệt vời, đồ ăn nước uống chất lượng tốt!',NULL,NULL,4,'APPROVED',NULL,9,17),(135,'2026-04-18 16:54:11.488244',NULL,'Không gian tuyệt vời, đồ ăn nước uống chất lượng tốt!',NULL,NULL,5,'APPROVED',NULL,57,17),(136,'2026-05-13 16:54:11.499601',NULL,'Không gian tuyệt vời, đồ ăn nước uống chất lượng tốt!',NULL,NULL,5,'APPROVED',NULL,31,17),(137,'2026-05-19 16:54:11.510302',NULL,'Không gian tuyệt vời, đồ ăn nước uống chất lượng tốt!',NULL,NULL,5,'APPROVED',NULL,3,17),(138,'2026-05-14 16:54:11.521305',NULL,'Không gian tuyệt vời, đồ ăn nước uống chất lượng tốt!',NULL,NULL,5,'APPROVED',NULL,12,17),(139,'2026-04-03 16:54:11.530798',NULL,'Không gian tuyệt vời, đồ ăn nước uống chất lượng tốt!',NULL,NULL,5,'APPROVED',NULL,50,18),(140,'2026-03-30 16:54:11.541968',NULL,'Không gian tuyệt vời, đồ ăn nước uống chất lượng tốt!',NULL,NULL,4,'APPROVED',NULL,3,18),(141,'2026-04-18 16:54:11.551840',NULL,'Không gian tuyệt vời, đồ ăn nước uống chất lượng tốt!',NULL,NULL,5,'APPROVED',NULL,28,18),(142,'2026-04-02 16:54:11.560746',NULL,'Không gian tuyệt vời, đồ ăn nước uống chất lượng tốt!',NULL,NULL,5,'APPROVED',NULL,57,18),(143,'2026-05-06 16:54:11.571369',NULL,'Không gian tuyệt vời, đồ ăn nước uống chất lượng tốt!',NULL,NULL,4,'APPROVED',NULL,31,18),(144,'2026-04-01 16:54:11.579953',NULL,'Không gian tuyệt vời, đồ ăn nước uống chất lượng tốt!',NULL,NULL,4,'APPROVED',NULL,9,18),(145,'2026-04-12 16:54:11.593805',NULL,'Không gian tuyệt vời, đồ ăn nước uống chất lượng tốt!',NULL,NULL,4,'APPROVED',NULL,43,18),(146,'2026-05-11 16:54:11.604338',NULL,'Không gian tuyệt vời, đồ ăn nước uống chất lượng tốt!',NULL,NULL,5,'APPROVED',NULL,59,18),(147,'2026-05-19 16:54:11.636441',NULL,'Không gian tuyệt vời, đồ ăn nước uống chất lượng tốt!',NULL,NULL,5,'APPROVED',NULL,20,19),(148,'2026-05-13 16:54:11.648132',NULL,'Không gian tuyệt vời, đồ ăn nước uống chất lượng tốt!',NULL,NULL,4,'APPROVED',NULL,31,19),(149,'2026-05-21 16:54:11.658717',NULL,'Không gian tuyệt vời, đồ ăn nước uống chất lượng tốt!',NULL,NULL,5,'APPROVED',NULL,43,19),(150,'2026-04-23 16:54:11.669489',NULL,'Không gian tuyệt vời, đồ ăn nước uống chất lượng tốt!',NULL,NULL,5,'APPROVED',NULL,3,19),(152,'2026-04-29 16:54:11.695365',NULL,'Không gian tuyệt vời, đồ ăn nước uống chất lượng tốt!',NULL,NULL,5,'APPROVED',NULL,59,19),(153,'2026-04-21 16:54:11.706726',NULL,'Không gian tuyệt vời, đồ ăn nước uống chất lượng tốt!',NULL,NULL,5,'APPROVED',NULL,57,19),(154,'2026-05-01 16:54:11.717567',NULL,'Không gian tuyệt vời, đồ ăn nước uống chất lượng tốt!',NULL,NULL,5,'APPROVED',NULL,28,19),(155,'2026-04-06 16:54:11.726516',NULL,'Không gian tuyệt vời, đồ ăn nước uống chất lượng tốt!',NULL,NULL,4,'APPROVED',NULL,20,20),(156,'2026-05-01 16:54:11.736913',NULL,'Không gian tuyệt vời, đồ ăn nước uống chất lượng tốt!',NULL,NULL,4,'APPROVED',NULL,57,20),(157,'2026-04-22 16:54:11.744469',NULL,'Không gian tuyệt vời, đồ ăn nước uống chất lượng tốt!',NULL,NULL,4,'APPROVED',NULL,9,20),(158,'2026-05-19 16:54:11.752845',NULL,'Không gian tuyệt vời, đồ ăn nước uống chất lượng tốt!',NULL,NULL,5,'APPROVED',NULL,50,20),(159,'2026-04-12 16:54:11.764273',NULL,'Không gian tuyệt vời, đồ ăn nước uống chất lượng tốt!',NULL,NULL,5,'APPROVED',NULL,31,20),(160,'2026-05-09 16:54:11.773483',NULL,'Không gian tuyệt vời, đồ ăn nước uống chất lượng tốt!',NULL,NULL,4,'APPROVED',NULL,43,20),(161,'2026-05-01 16:54:11.781704',NULL,'Không gian tuyệt vời, đồ ăn nước uống chất lượng tốt!',NULL,NULL,5,'APPROVED',NULL,3,20),(162,'2026-05-19 16:54:11.791673',NULL,'Không gian tuyệt vời, đồ ăn nước uống chất lượng tốt!',NULL,NULL,4,'APPROVED',NULL,28,20),(163,'2026-05-05 16:54:11.800598',NULL,'Không gian tuyệt vời, đồ ăn nước uống chất lượng tốt!',NULL,NULL,5,'APPROVED',NULL,28,21),(165,'2026-04-03 16:54:11.820692',NULL,'Không gian tuyệt vời, đồ ăn nước uống chất lượng tốt!',NULL,NULL,4,'APPROVED',NULL,31,21),(166,'2026-04-02 16:54:11.829582',NULL,'Không gian tuyệt vời, đồ ăn nước uống chất lượng tốt!',NULL,NULL,5,'APPROVED',NULL,3,21),(167,'2026-04-25 16:54:11.842732',NULL,'Không gian tuyệt vời, đồ ăn nước uống chất lượng tốt!',NULL,NULL,4,'APPROVED',NULL,43,21),(168,'2026-04-11 16:54:11.854115',NULL,'Không gian tuyệt vời, đồ ăn nước uống chất lượng tốt!',NULL,NULL,4,'APPROVED',NULL,57,21),(169,'2026-04-21 16:54:11.862244',NULL,'Không gian tuyệt vời, đồ ăn nước uống chất lượng tốt!',NULL,NULL,4,'APPROVED',NULL,9,21),(170,'2026-05-14 16:54:11.875364',NULL,'Không gian tuyệt vời, đồ ăn nước uống chất lượng tốt!',NULL,NULL,5,'APPROVED',NULL,50,21),(171,'2026-04-18 16:54:11.885159',NULL,'Không gian tuyệt vời, đồ ăn nước uống chất lượng tốt!',NULL,NULL,4,'APPROVED',NULL,35,22),(173,'2026-05-09 16:54:11.906403',NULL,'Không gian tuyệt vời, đồ ăn nước uống chất lượng tốt!',NULL,NULL,5,'APPROVED',NULL,40,22),(174,'2026-04-08 16:54:11.914280',NULL,'Không gian tuyệt vời, đồ ăn nước uống chất lượng tốt!',NULL,NULL,5,'APPROVED',NULL,19,22),(176,'2026-04-05 16:54:11.934749',NULL,'Không gian tuyệt vời, đồ ăn nước uống chất lượng tốt!',NULL,NULL,5,'APPROVED',NULL,32,22),(177,'2026-04-17 16:54:11.944724',NULL,'Không gian tuyệt vời, đồ ăn nước uống chất lượng tốt!',NULL,NULL,5,'APPROVED',NULL,4,22),(178,'2026-04-22 16:54:11.954916',NULL,'Không gian tuyệt vời, đồ ăn nước uống chất lượng tốt!',NULL,NULL,5,'APPROVED',NULL,58,22),(179,'2026-04-20 16:54:11.962097',NULL,'Không gian tuyệt vời, đồ ăn nước uống chất lượng tốt!',NULL,NULL,4,'APPROVED',NULL,35,23),(182,'2026-05-01 16:54:11.987265',NULL,'Không gian tuyệt vời, đồ ăn nước uống chất lượng tốt!',NULL,NULL,4,'APPROVED',NULL,6,23),(184,'2026-04-02 16:54:12.008872',NULL,'Không gian tuyệt vời, đồ ăn nước uống chất lượng tốt!',NULL,NULL,5,'APPROVED',NULL,32,23),(185,'2026-04-11 16:54:12.017957',NULL,'Không gian tuyệt vời, đồ ăn nước uống chất lượng tốt!',NULL,NULL,4,'APPROVED',NULL,60,23),(186,'2026-05-23 16:54:12.027278',NULL,'Không gian tuyệt vời, đồ ăn nước uống chất lượng tốt!',NULL,NULL,4,'APPROVED',NULL,4,23),(187,'2026-04-16 16:54:12.039996',NULL,'Không gian tuyệt vời, đồ ăn nước uống chất lượng tốt!',NULL,NULL,5,'APPROVED',NULL,6,24),(190,'2026-05-10 16:54:12.070071',NULL,'Không gian tuyệt vời, đồ ăn nước uống chất lượng tốt!',NULL,NULL,5,'APPROVED',NULL,35,24),(191,'2026-04-08 16:54:12.077229',NULL,'Không gian tuyệt vời, đồ ăn nước uống chất lượng tốt!',NULL,NULL,5,'APPROVED',NULL,40,24),(192,'2026-04-10 16:54:12.086198',NULL,'Không gian tuyệt vời, đồ ăn nước uống chất lượng tốt!',NULL,NULL,4,'APPROVED',NULL,32,24),(193,'2026-04-22 16:54:12.094545',NULL,'Không gian tuyệt vời, đồ ăn nước uống chất lượng tốt!',NULL,NULL,5,'APPROVED',NULL,4,24),(194,'2026-05-14 16:54:12.103999',NULL,'Không gian tuyệt vời, đồ ăn nước uống chất lượng tốt!',NULL,NULL,5,'APPROVED',NULL,60,24),(195,'2026-04-04 16:54:12.112477',NULL,'Không gian tuyệt vời, đồ ăn nước uống chất lượng tốt!',NULL,NULL,5,'APPROVED',NULL,58,25),(198,'2026-03-31 16:54:12.140283',NULL,'Không gian tuyệt vời, đồ ăn nước uống chất lượng tốt!',NULL,NULL,4,'APPROVED',NULL,35,25),(199,'2026-05-11 16:54:12.149722',NULL,'Không gian tuyệt vời, đồ ăn nước uống chất lượng tốt!',NULL,NULL,5,'APPROVED',NULL,60,25),(201,'2026-04-17 16:54:12.168143',NULL,'Không gian tuyệt vời, đồ ăn nước uống chất lượng tốt!',NULL,NULL,5,'APPROVED',NULL,6,25),(202,'2026-04-20 16:54:12.177294',NULL,'Không gian tuyệt vời, đồ ăn nước uống chất lượng tốt!',NULL,NULL,5,'APPROVED',NULL,19,25),(203,'2026-05-14 16:54:12.188450',NULL,'Không gian tuyệt vời, đồ ăn nước uống chất lượng tốt!',NULL,NULL,5,'APPROVED',NULL,40,26),(205,'2026-05-05 16:54:12.210422',NULL,'Không gian tuyệt vời, đồ ăn nước uống chất lượng tốt!',NULL,NULL,4,'APPROVED',NULL,4,26),(206,'2026-04-07 16:54:12.222319',NULL,'Không gian tuyệt vời, đồ ăn nước uống chất lượng tốt!',NULL,NULL,5,'APPROVED',NULL,58,26),(207,'2026-05-09 16:54:12.230425',NULL,'Không gian tuyệt vời, đồ ăn nước uống chất lượng tốt!',NULL,NULL,5,'APPROVED',NULL,19,26),(208,'2026-04-05 16:54:12.243439',NULL,'Không gian tuyệt vời, đồ ăn nước uống chất lượng tốt!',NULL,NULL,5,'APPROVED',NULL,35,26),(209,'2026-05-22 16:54:12.254266',NULL,'Không gian tuyệt vời, đồ ăn nước uống chất lượng tốt!',NULL,NULL,4,'APPROVED',NULL,6,26),(210,'2026-04-15 16:54:12.262144',NULL,'Không gian tuyệt vời, đồ ăn nước uống chất lượng tốt!',NULL,NULL,4,'APPROVED',NULL,32,26),(213,'2026-05-02 16:54:12.290605',NULL,'Không gian tuyệt vời, đồ ăn nước uống chất lượng tốt!',NULL,NULL,4,'APPROVED',NULL,58,27),(214,'2026-05-07 16:54:12.300058',NULL,'Không gian tuyệt vời, đồ ăn nước uống chất lượng tốt!',NULL,NULL,4,'APPROVED',NULL,19,27),(215,'2026-05-02 16:54:12.310024',NULL,'Không gian tuyệt vời, đồ ăn nước uống chất lượng tốt!',NULL,NULL,5,'APPROVED',NULL,6,27),(216,'2026-04-30 16:54:12.321471',NULL,'Không gian tuyệt vời, đồ ăn nước uống chất lượng tốt!',NULL,NULL,5,'APPROVED',NULL,32,27),(217,'2026-04-01 16:54:12.330936',NULL,'Không gian tuyệt vời, đồ ăn nước uống chất lượng tốt!',NULL,NULL,5,'APPROVED',NULL,60,27),(219,'2026-03-29 16:54:12.348254',NULL,'Không gian tuyệt vời, đồ ăn nước uống chất lượng tốt!',NULL,NULL,5,'APPROVED',NULL,32,28),(221,'2026-04-07 16:54:12.368011',NULL,'Không gian tuyệt vời, đồ ăn nước uống chất lượng tốt!',NULL,NULL,5,'APPROVED',NULL,19,28),(223,'2026-04-22 16:54:12.387958',NULL,'Không gian tuyệt vời, đồ ăn nước uống chất lượng tốt!',NULL,NULL,5,'APPROVED',NULL,58,28),(224,'2026-04-23 16:54:12.396261',NULL,'Không gian tuyệt vời, đồ ăn nước uống chất lượng tốt!',NULL,NULL,4,'APPROVED',NULL,35,28),(225,'2026-05-15 16:54:12.408230',NULL,'Không gian tuyệt vời, đồ ăn nước uống chất lượng tốt!',NULL,NULL,4,'APPROVED',NULL,4,28),(226,'2026-04-17 16:54:12.419465',NULL,'Không gian tuyệt vời, đồ ăn nước uống chất lượng tốt!',NULL,NULL,5,'APPROVED',NULL,40,28),(230,'2026-05-21 16:54:12.463923',NULL,'Không gian tuyệt vời, đồ ăn nước uống chất lượng tốt!',NULL,NULL,5,'APPROVED',NULL,58,29),(231,'2026-04-15 16:54:12.474144',NULL,'Không gian tuyệt vời, đồ ăn nước uống chất lượng tốt!',NULL,NULL,4,'APPROVED',NULL,6,29),(232,'2026-05-09 16:54:12.487005',NULL,'Không gian tuyệt vời, đồ ăn nước uống chất lượng tốt!',NULL,NULL,5,'APPROVED',NULL,60,29),(233,'2026-04-03 16:54:12.497439',NULL,'Không gian tuyệt vời, đồ ăn nước uống chất lượng tốt!',NULL,NULL,4,'APPROVED',NULL,35,29),(234,'2026-05-05 16:54:12.509108',NULL,'Không gian tuyệt vời, đồ ăn nước uống chất lượng tốt!',NULL,NULL,5,'APPROVED',NULL,19,29),(235,'2026-04-14 16:54:12.521246',NULL,'Không gian tuyệt vời, đồ ăn nước uống chất lượng tốt!',NULL,NULL,5,'APPROVED',NULL,58,30),(237,'2026-05-18 16:54:12.543468',NULL,'Không gian tuyệt vời, đồ ăn nước uống chất lượng tốt!',NULL,NULL,5,'APPROVED',NULL,35,30),(238,'2026-05-05 16:54:12.553612',NULL,'Không gian tuyệt vời, đồ ăn nước uống chất lượng tốt!',NULL,NULL,5,'APPROVED',NULL,4,30),(239,'2026-04-13 16:54:12.563069',NULL,'Không gian tuyệt vời, đồ ăn nước uống chất lượng tốt!',NULL,NULL,4,'APPROVED',NULL,32,30),(241,'2026-04-22 16:54:12.587399',NULL,'Không gian tuyệt vời, đồ ăn nước uống chất lượng tốt!',NULL,NULL,5,'APPROVED',NULL,6,30),(242,'2026-04-01 16:54:12.619166',NULL,'Không gian tuyệt vời, đồ ăn nước uống chất lượng tốt!',NULL,NULL,4,'APPROVED',NULL,19,30),(243,'2026-05-16 16:54:12.634512',NULL,'Không gian tuyệt vời, đồ ăn nước uống chất lượng tốt!',NULL,NULL,5,'APPROVED',NULL,4,31),(244,'2026-04-11 16:54:12.644427',NULL,'Không gian tuyệt vời, đồ ăn nước uống chất lượng tốt!',NULL,NULL,5,'APPROVED',NULL,60,31),(246,'2026-04-08 16:54:12.664658',NULL,'Không gian tuyệt vời, đồ ăn nước uống chất lượng tốt!',NULL,NULL,5,'APPROVED',NULL,40,31),(247,'2026-04-25 16:54:12.677050',NULL,'Không gian tuyệt vời, đồ ăn nước uống chất lượng tốt!',NULL,NULL,5,'APPROVED',NULL,32,31),(249,'2026-05-06 16:54:12.697115',NULL,'Không gian tuyệt vời, đồ ăn nước uống chất lượng tốt!',NULL,NULL,5,'APPROVED',NULL,19,31),(251,'2026-04-23 16:54:12.720668',NULL,'Không gian tuyệt vời, đồ ăn nước uống chất lượng tốt!',NULL,NULL,5,'APPROVED',NULL,39,32),(252,'2026-05-18 16:54:12.729871',NULL,'Không gian tuyệt vời, đồ ăn nước uống chất lượng tốt!',NULL,NULL,4,'APPROVED',NULL,16,32),(253,'2026-04-10 16:54:12.743579',NULL,'Không gian tuyệt vời, đồ ăn nước uống chất lượng tốt!',NULL,NULL,5,'APPROVED',NULL,8,32),(254,'2026-05-01 16:54:12.754094',NULL,'Không gian tuyệt vời, đồ ăn nước uống chất lượng tốt!',NULL,NULL,4,'APPROVED',NULL,41,32),(255,'2026-05-22 16:54:12.762748',NULL,'Không gian tuyệt vời, đồ ăn nước uống chất lượng tốt!',NULL,NULL,5,'APPROVED',NULL,2,32),(256,'2026-04-24 16:54:12.773380',NULL,'Không gian tuyệt vời, đồ ăn nước uống chất lượng tốt!',NULL,NULL,5,'APPROVED',NULL,5,32),(257,'2026-04-30 16:54:12.782725',NULL,'Không gian tuyệt vời, đồ ăn nước uống chất lượng tốt!',NULL,NULL,5,'APPROVED',NULL,62,32),(258,'2026-04-21 16:54:12.792806',NULL,'Không gian tuyệt vời, đồ ăn nước uống chất lượng tốt!',NULL,NULL,5,'APPROVED',NULL,46,32),(259,'2026-04-19 16:54:12.803436',NULL,'Không gian tuyệt vời, đồ ăn nước uống chất lượng tốt!',NULL,NULL,5,'APPROVED',NULL,29,33),(260,'2026-04-16 16:54:12.814563',NULL,'Không gian tuyệt vời, đồ ăn nước uống chất lượng tốt!',NULL,NULL,4,'APPROVED',NULL,7,33),(261,'2026-04-23 16:54:12.827213',NULL,'Không gian tuyệt vời, đồ ăn nước uống chất lượng tốt!',NULL,NULL,5,'APPROVED',NULL,41,33),(262,'2026-04-27 16:54:12.839460',NULL,'Không gian tuyệt vời, đồ ăn nước uống chất lượng tốt!',NULL,NULL,5,'APPROVED',NULL,39,33),(263,'2026-04-29 16:54:12.849470',NULL,'Không gian tuyệt vời, đồ ăn nước uống chất lượng tốt!',NULL,NULL,5,'APPROVED',NULL,5,33),(264,'2026-04-30 16:54:12.863408',NULL,'Không gian tuyệt vời, đồ ăn nước uống chất lượng tốt!',NULL,NULL,5,'APPROVED',NULL,62,33),(265,'2026-04-19 16:54:12.875477',NULL,'Không gian tuyệt vời, đồ ăn nước uống chất lượng tốt!',NULL,NULL,5,'APPROVED',NULL,37,33),(266,'2026-05-09 16:54:12.890250',NULL,'Không gian tuyệt vời, đồ ăn nước uống chất lượng tốt!',NULL,NULL,4,'APPROVED',NULL,16,33),(267,'2026-04-20 16:54:12.901800',NULL,'Không gian tuyệt vời, đồ ăn nước uống chất lượng tốt!',NULL,NULL,4,'APPROVED',NULL,46,34),(268,'2026-05-21 16:54:12.911188',NULL,'Không gian tuyệt vời, đồ ăn nước uống chất lượng tốt!',NULL,NULL,5,'APPROVED',NULL,16,34),(269,'2026-04-18 16:54:12.923264',NULL,'Không gian tuyệt vời, đồ ăn nước uống chất lượng tốt!',NULL,NULL,5,'APPROVED',NULL,5,34),(270,'2026-05-08 16:54:12.934907',NULL,'Không gian tuyệt vời, đồ ăn nước uống chất lượng tốt!',NULL,NULL,4,'APPROVED',NULL,41,34),(271,'2026-04-01 16:54:12.944398',NULL,'Không gian tuyệt vời, đồ ăn nước uống chất lượng tốt!',NULL,NULL,5,'APPROVED',NULL,37,34),(272,'2026-05-05 16:54:12.959824',NULL,'Không gian tuyệt vời, đồ ăn nước uống chất lượng tốt!',NULL,NULL,4,'APPROVED',NULL,62,34),(273,'2026-04-16 16:54:12.972373',NULL,'Không gian tuyệt vời, đồ ăn nước uống chất lượng tốt!',NULL,NULL,5,'APPROVED',NULL,2,34),(274,'2026-05-10 16:54:12.982804',NULL,'Không gian tuyệt vời, đồ ăn nước uống chất lượng tốt!',NULL,NULL,5,'APPROVED',NULL,7,34),(275,'2026-04-02 16:54:12.994682',NULL,'Không gian tuyệt vời, đồ ăn nước uống chất lượng tốt!',NULL,NULL,5,'APPROVED',NULL,7,35),(276,'2026-04-12 16:54:13.001642',NULL,'Không gian tuyệt vời, đồ ăn nước uống chất lượng tốt!',NULL,NULL,5,'APPROVED',NULL,5,35),(277,'2026-05-04 16:54:13.015547',NULL,'Không gian tuyệt vời, đồ ăn nước uống chất lượng tốt!',NULL,NULL,5,'APPROVED',NULL,16,35),(278,'2026-05-18 16:54:13.027240',NULL,'Không gian tuyệt vời, đồ ăn nước uống chất lượng tốt!',NULL,NULL,4,'APPROVED',NULL,29,35),(279,'2026-04-29 16:54:13.040011',NULL,'Không gian tuyệt vời, đồ ăn nước uống chất lượng tốt!',NULL,NULL,5,'APPROVED',NULL,2,35),(280,'2026-03-29 16:54:13.052602',NULL,'Không gian tuyệt vời, đồ ăn nước uống chất lượng tốt!',NULL,NULL,4,'APPROVED',NULL,46,35),(281,'2026-04-09 16:54:13.063660',NULL,'Không gian tuyệt vời, đồ ăn nước uống chất lượng tốt!',NULL,NULL,5,'APPROVED',NULL,8,35),(282,'2026-04-11 16:54:13.075312',NULL,'Không gian tuyệt vời, đồ ăn nước uống chất lượng tốt!',NULL,NULL,4,'APPROVED',NULL,37,35),(283,'2026-04-16 16:54:13.087336',NULL,'Không gian tuyệt vời, đồ ăn nước uống chất lượng tốt!',NULL,NULL,5,'APPROVED',NULL,8,36),(284,'2026-04-18 16:54:13.098432',NULL,'Không gian tuyệt vời, đồ ăn nước uống chất lượng tốt!',NULL,NULL,5,'APPROVED',NULL,62,36),(285,'2026-04-26 16:54:13.106860',NULL,'Không gian tuyệt vời, đồ ăn nước uống chất lượng tốt!',NULL,NULL,4,'APPROVED',NULL,29,36),(286,'2026-04-03 16:54:13.125941',NULL,'Không gian tuyệt vời, đồ ăn nước uống chất lượng tốt!',NULL,NULL,5,'APPROVED',NULL,46,36),(287,'2026-05-14 16:54:13.144333',NULL,'Không gian tuyệt vời, đồ ăn nước uống chất lượng tốt!',NULL,NULL,5,'APPROVED',NULL,7,36),(288,'2026-04-04 16:54:13.159160',NULL,'Không gian tuyệt vời, đồ ăn nước uống chất lượng tốt!',NULL,NULL,5,'APPROVED',NULL,16,36),(289,'2026-05-08 16:54:13.174408',NULL,'Không gian tuyệt vời, đồ ăn nước uống chất lượng tốt!',NULL,NULL,4,'APPROVED',NULL,2,36),(290,'2026-05-10 16:54:13.189866',NULL,'Không gian tuyệt vời, đồ ăn nước uống chất lượng tốt!',NULL,NULL,4,'APPROVED',NULL,39,36),(291,'2026-04-15 16:54:13.206535',NULL,'Không gian tuyệt vời, đồ ăn nước uống chất lượng tốt!',NULL,NULL,4,'APPROVED',NULL,29,37),(292,'2026-04-03 16:54:13.225498',NULL,'Không gian tuyệt vời, đồ ăn nước uống chất lượng tốt!',NULL,NULL,4,'APPROVED',NULL,39,37),(293,'2026-03-31 16:54:13.243520',NULL,'Không gian tuyệt vời, đồ ăn nước uống chất lượng tốt!',NULL,NULL,5,'APPROVED',NULL,2,37),(294,'2026-05-13 16:54:13.261324',NULL,'Không gian tuyệt vời, đồ ăn nước uống chất lượng tốt!',NULL,NULL,5,'APPROVED',NULL,62,37),(295,'2026-03-30 16:54:13.277237',NULL,'Không gian tuyệt vời, đồ ăn nước uống chất lượng tốt!',NULL,NULL,5,'APPROVED',NULL,16,37),(296,'2026-05-05 16:54:13.294620',NULL,'Không gian tuyệt vời, đồ ăn nước uống chất lượng tốt!',NULL,NULL,5,'APPROVED',NULL,46,37),(297,'2026-04-05 16:54:13.311719',NULL,'Không gian tuyệt vời, đồ ăn nước uống chất lượng tốt!',NULL,NULL,5,'APPROVED',NULL,7,37),(298,'2026-04-18 16:54:13.324921',NULL,'Không gian tuyệt vời, đồ ăn nước uống chất lượng tốt!',NULL,NULL,5,'APPROVED',NULL,41,37),(299,'2026-04-19 16:54:13.336999',NULL,'Không gian tuyệt vời, đồ ăn nước uống chất lượng tốt!',NULL,NULL,5,'APPROVED',NULL,46,38),(300,'2026-04-11 16:54:13.348798',NULL,'Không gian tuyệt vời, đồ ăn nước uống chất lượng tốt!',NULL,NULL,5,'APPROVED',NULL,8,38),(301,'2026-05-09 16:54:13.360600',NULL,'Không gian tuyệt vời, đồ ăn nước uống chất lượng tốt!',NULL,NULL,5,'APPROVED',NULL,41,38),(302,'2026-04-05 16:54:13.373352',NULL,'Không gian tuyệt vời, đồ ăn nước uống chất lượng tốt!',NULL,NULL,4,'APPROVED',NULL,29,38),(303,'2026-05-06 16:54:13.385776',NULL,'Không gian tuyệt vời, đồ ăn nước uống chất lượng tốt!',NULL,NULL,5,'APPROVED',NULL,5,38),(304,'2026-04-05 16:54:13.395869',NULL,'Không gian tuyệt vời, đồ ăn nước uống chất lượng tốt!',NULL,NULL,5,'APPROVED',NULL,16,38),(305,'2026-05-10 16:54:13.407584',NULL,'Không gian tuyệt vời, đồ ăn nước uống chất lượng tốt!',NULL,NULL,5,'APPROVED',NULL,62,38),(306,'2026-05-17 16:54:13.418963',NULL,'Không gian tuyệt vời, đồ ăn nước uống chất lượng tốt!',NULL,NULL,5,'APPROVED',NULL,2,38),(307,'2026-04-23 16:54:13.428890',NULL,'Không gian tuyệt vời, đồ ăn nước uống chất lượng tốt!',NULL,NULL,5,'APPROVED',NULL,7,39),(308,'2026-05-03 16:54:13.440506',NULL,'Không gian tuyệt vời, đồ ăn nước uống chất lượng tốt!',NULL,NULL,4,'APPROVED',NULL,39,39),(309,'2026-05-03 16:54:13.451276',NULL,'Không gian tuyệt vời, đồ ăn nước uống chất lượng tốt!',NULL,NULL,5,'APPROVED',NULL,37,39),(310,'2026-04-29 16:54:13.461674',NULL,'Không gian tuyệt vời, đồ ăn nước uống chất lượng tốt!',NULL,NULL,4,'APPROVED',NULL,2,39),(311,'2026-04-19 16:54:13.476064',NULL,'Không gian tuyệt vời, đồ ăn nước uống chất lượng tốt!',NULL,NULL,5,'APPROVED',NULL,46,39),(312,'2026-03-31 16:54:13.488927',NULL,'Không gian tuyệt vời, đồ ăn nước uống chất lượng tốt!',NULL,NULL,4,'APPROVED',NULL,5,39),(313,'2026-05-14 16:54:13.501774',NULL,'Không gian tuyệt vời, đồ ăn nước uống chất lượng tốt!',NULL,NULL,4,'APPROVED',NULL,16,39),(314,'2026-04-21 16:54:13.512841',NULL,'Không gian tuyệt vời, đồ ăn nước uống chất lượng tốt!',NULL,NULL,4,'APPROVED',NULL,41,39),(315,'2026-04-10 16:54:13.524480',NULL,'Không gian tuyệt vời, đồ ăn nước uống chất lượng tốt!',NULL,NULL,5,'APPROVED',NULL,2,40),(316,'2026-04-23 16:54:13.535854',NULL,'Không gian tuyệt vời, đồ ăn nước uống chất lượng tốt!',NULL,NULL,5,'APPROVED',NULL,46,40),(317,'2026-05-16 16:54:13.546392',NULL,'Không gian tuyệt vời, đồ ăn nước uống chất lượng tốt!',NULL,NULL,4,'APPROVED',NULL,7,40),(318,'2026-04-16 16:54:13.558054',NULL,'Không gian tuyệt vời, đồ ăn nước uống chất lượng tốt!',NULL,NULL,4,'APPROVED',NULL,62,40),(319,'2026-04-13 16:54:13.569224',NULL,'Không gian tuyệt vời, đồ ăn nước uống chất lượng tốt!',NULL,NULL,5,'APPROVED',NULL,29,40),(320,'2026-04-11 16:54:13.578970',NULL,'Không gian tuyệt vời, đồ ăn nước uống chất lượng tốt!',NULL,NULL,5,'APPROVED',NULL,41,40),(321,'2026-05-03 16:54:13.590576',NULL,'Không gian tuyệt vời, đồ ăn nước uống chất lượng tốt!',NULL,NULL,4,'APPROVED',NULL,39,40),(322,'2026-04-06 16:54:13.604545',NULL,'Không gian tuyệt vời, đồ ăn nước uống chất lượng tốt!',NULL,NULL,4,'APPROVED',NULL,5,40),(323,'2026-05-03 16:54:13.617646',NULL,'Không gian tuyệt vời, đồ ăn nước uống chất lượng tốt!',NULL,NULL,5,'APPROVED',NULL,8,41),(324,'2026-04-25 16:54:13.630231',NULL,'Không gian tuyệt vời, đồ ăn nước uống chất lượng tốt!',NULL,NULL,5,'APPROVED',NULL,5,41),(325,'2026-05-06 16:54:13.642364',NULL,'Không gian tuyệt vời, đồ ăn nước uống chất lượng tốt!',NULL,NULL,5,'APPROVED',NULL,7,41),(326,'2026-04-24 16:54:13.654305',NULL,'Không gian tuyệt vời, đồ ăn nước uống chất lượng tốt!',NULL,NULL,5,'APPROVED',NULL,41,41),(327,'2026-04-08 16:54:13.665062',NULL,'Không gian tuyệt vời, đồ ăn nước uống chất lượng tốt!',NULL,NULL,4,'APPROVED',NULL,62,41),(328,'2026-04-25 16:54:13.678008',NULL,'Không gian tuyệt vời, đồ ăn nước uống chất lượng tốt!',NULL,NULL,5,'APPROVED',NULL,46,41),(329,'2026-04-22 16:54:13.693149',NULL,'Không gian tuyệt vời, đồ ăn nước uống chất lượng tốt!',NULL,NULL,4,'APPROVED',NULL,16,41),(330,'2026-05-11 16:54:13.709217',NULL,'Không gian tuyệt vời, đồ ăn nước uống chất lượng tốt!',NULL,NULL,5,'APPROVED',NULL,39,41),(331,'2026-05-07 16:54:13.725071',NULL,'Không gian tuyệt vời, đồ ăn nước uống chất lượng tốt!',NULL,NULL,5,'APPROVED',NULL,38,42),(332,'2026-05-03 16:54:13.737280',NULL,'Không gian tuyệt vời, đồ ăn nước uống chất lượng tốt!',NULL,NULL,4,'APPROVED',NULL,9,42),(333,'2026-05-03 16:54:13.744790',NULL,'Không gian tuyệt vời, đồ ăn nước uống chất lượng tốt!',NULL,NULL,5,'APPROVED',NULL,45,42),(334,'2026-04-17 16:54:13.758512',NULL,'Không gian tuyệt vời, đồ ăn nước uống chất lượng tốt!',NULL,NULL,5,'APPROVED',NULL,61,42),(335,'2026-05-11 16:54:13.770370',NULL,'Không gian tuyệt vời, đồ ăn nước uống chất lượng tốt!',NULL,NULL,5,'APPROVED',NULL,15,42),(336,'2026-04-28 16:54:13.780757',NULL,'Không gian tuyệt vời, đồ ăn nước uống chất lượng tốt!',NULL,NULL,5,'APPROVED',NULL,10,42),(338,'2026-04-27 16:54:13.802702',NULL,'Không gian tuyệt vời, đồ ăn nước uống chất lượng tốt!',NULL,NULL,5,'APPROVED',NULL,47,42),(339,'2026-05-04 16:54:13.813242',NULL,'Không gian tuyệt vời, đồ ăn nước uống chất lượng tốt!',NULL,NULL,4,'APPROVED',NULL,10,43),(340,'2026-05-07 16:54:13.829664',NULL,'Không gian tuyệt vời, đồ ăn nước uống chất lượng tốt!',NULL,NULL,5,'APPROVED',NULL,36,43),(341,'2026-05-11 16:54:13.839448',NULL,'Không gian tuyệt vời, đồ ăn nước uống chất lượng tốt!',NULL,NULL,5,'APPROVED',NULL,38,43),(342,'2026-04-26 16:54:13.847804',NULL,'Không gian tuyệt vời, đồ ăn nước uống chất lượng tốt!',NULL,NULL,4,'APPROVED',NULL,45,43),(343,'2026-03-31 16:54:13.859233',NULL,'Không gian tuyệt vời, đồ ăn nước uống chất lượng tốt!',NULL,NULL,5,'APPROVED',NULL,26,43),(344,'2026-05-20 16:54:13.869526',NULL,'Không gian tuyệt vời, đồ ăn nước uống chất lượng tốt!',NULL,NULL,5,'APPROVED',NULL,61,43),(345,'2026-05-18 16:54:13.878419',NULL,'Không gian tuyệt vời, đồ ăn nước uống chất lượng tốt!',NULL,NULL,5,'APPROVED',NULL,15,43),(346,'2026-05-03 16:54:13.890045',NULL,'Không gian tuyệt vời, đồ ăn nước uống chất lượng tốt!',NULL,NULL,4,'APPROVED',NULL,9,43),(347,'2026-04-20 16:54:13.898710',NULL,'Không gian tuyệt vời, đồ ăn nước uống chất lượng tốt!',NULL,NULL,4,'APPROVED',NULL,47,44),(348,'2026-05-06 16:54:13.907422',NULL,'Không gian tuyệt vời, đồ ăn nước uống chất lượng tốt!',NULL,NULL,4,'APPROVED',NULL,38,44),(350,'2026-05-09 16:54:13.922447',NULL,'Không gian tuyệt vời, đồ ăn nước uống chất lượng tốt!',NULL,NULL,5,'APPROVED',NULL,15,44),(351,'2026-04-16 16:54:13.930377',NULL,'Không gian tuyệt vời, đồ ăn nước uống chất lượng tốt!',NULL,NULL,5,'APPROVED',NULL,10,44),(352,'2026-03-30 16:54:13.940869',NULL,'Không gian tuyệt vời, đồ ăn nước uống chất lượng tốt!',NULL,NULL,4,'APPROVED',NULL,61,44),(353,'2026-05-14 16:54:13.949161',NULL,'Không gian tuyệt vời, đồ ăn nước uống chất lượng tốt!',NULL,NULL,5,'APPROVED',NULL,36,44),(354,'2026-05-19 16:54:13.956950',NULL,'Không gian tuyệt vời, đồ ăn nước uống chất lượng tốt!',NULL,NULL,5,'APPROVED',NULL,9,44),(355,'2026-05-20 16:54:13.967115',NULL,'Không gian tuyệt vời, đồ ăn nước uống chất lượng tốt!',NULL,NULL,4,'APPROVED',NULL,17,45),(356,'2026-04-21 16:54:13.977147',NULL,'Không gian tuyệt vời, đồ ăn nước uống chất lượng tốt!',NULL,NULL,4,'APPROVED',NULL,36,45),(357,'2026-04-06 16:54:13.990552',NULL,'Không gian tuyệt vời, đồ ăn nước uống chất lượng tốt!',NULL,NULL,4,'APPROVED',NULL,61,45),(358,'2026-05-21 16:54:14.000327',NULL,'Không gian tuyệt vời, đồ ăn nước uống chất lượng tốt!',NULL,NULL,5,'APPROVED',NULL,38,45),(359,'2026-04-24 16:54:14.008323',NULL,'Không gian tuyệt vời, đồ ăn nước uống chất lượng tốt!',NULL,NULL,5,'APPROVED',NULL,26,45),(360,'2026-04-06 16:54:14.020126',NULL,'Không gian tuyệt vời, đồ ăn nước uống chất lượng tốt!',NULL,NULL,4,'APPROVED',NULL,10,45),(361,'2026-04-20 16:54:14.028290',NULL,'Không gian tuyệt vời, đồ ăn nước uống chất lượng tốt!',NULL,NULL,5,'APPROVED',NULL,47,45),(362,'2026-05-02 16:54:14.040140',NULL,'Không gian tuyệt vời, đồ ăn nước uống chất lượng tốt!',NULL,NULL,5,'APPROVED',NULL,45,45),(363,'2026-04-07 16:54:14.052816',NULL,'Không gian tuyệt vời, đồ ăn nước uống chất lượng tốt!',NULL,NULL,5,'APPROVED',NULL,26,46),(364,'2026-05-17 16:54:14.060802',NULL,'Không gian tuyệt vời, đồ ăn nước uống chất lượng tốt!',NULL,NULL,4,'APPROVED',NULL,36,46),(365,'2026-04-05 16:54:14.071249',NULL,'Không gian tuyệt vời, đồ ăn nước uống chất lượng tốt!',NULL,NULL,5,'APPROVED',NULL,15,46),(366,'2026-05-14 16:54:14.079002',NULL,'Không gian tuyệt vời, đồ ăn nước uống chất lượng tốt!',NULL,NULL,4,'APPROVED',NULL,38,46),(367,'2026-04-26 16:54:14.089174',NULL,'Không gian tuyệt vời, đồ ăn nước uống chất lượng tốt!',NULL,NULL,5,'APPROVED',NULL,10,46),(368,'2026-04-10 16:54:14.097364',NULL,'Không gian tuyệt vời, đồ ăn nước uống chất lượng tốt!',NULL,NULL,4,'APPROVED',NULL,61,46),(369,'2026-03-31 16:54:14.106968',NULL,'Không gian tuyệt vời, đồ ăn nước uống chất lượng tốt!',NULL,NULL,5,'APPROVED',NULL,45,46),(371,'2026-03-30 16:54:14.124234',NULL,'Không gian tuyệt vời, đồ ăn nước uống chất lượng tốt!',NULL,NULL,5,'APPROVED',NULL,9,47),(372,'2026-04-19 16:54:14.133810',NULL,'Không gian tuyệt vời, đồ ăn nước uống chất lượng tốt!',NULL,NULL,4,'APPROVED',NULL,10,47),(373,'2026-05-21 16:54:14.141989',NULL,'Không gian tuyệt vời, đồ ăn nước uống chất lượng tốt!',NULL,NULL,5,'APPROVED',NULL,47,47),(374,'2026-04-12 16:54:14.151016',NULL,'Không gian tuyệt vời, đồ ăn nước uống chất lượng tốt!',NULL,NULL,5,'APPROVED',NULL,26,47),(375,'2026-05-23 16:54:14.160323',NULL,'Không gian tuyệt vời, đồ ăn nước uống chất lượng tốt!',NULL,NULL,5,'APPROVED',NULL,38,47),(377,'2026-04-14 16:54:14.177328',NULL,'Không gian tuyệt vời, đồ ăn nước uống chất lượng tốt!',NULL,NULL,4,'APPROVED',NULL,45,47),(378,'2026-05-21 16:54:14.182657',NULL,'Không gian tuyệt vời, đồ ăn nước uống chất lượng tốt!',NULL,NULL,5,'APPROVED',NULL,36,47),(379,'2026-04-20 16:54:14.201965',NULL,'Không gian tuyệt vời, đồ ăn nước uống chất lượng tốt!',NULL,NULL,5,'APPROVED',NULL,10,48),(380,'2026-05-10 16:54:14.210109',NULL,'Không gian tuyệt vời, đồ ăn nước uống chất lượng tốt!',NULL,NULL,5,'APPROVED',NULL,38,48),(381,'2026-05-18 16:54:14.221153',NULL,'Không gian tuyệt vời, đồ ăn nước uống chất lượng tốt!',NULL,NULL,4,'APPROVED',NULL,15,48),(382,'2026-05-14 16:54:14.228764',NULL,'Không gian tuyệt vời, đồ ăn nước uống chất lượng tốt!',NULL,NULL,5,'APPROVED',NULL,61,48),(384,'2026-03-29 16:54:14.250389',NULL,'Không gian tuyệt vời, đồ ăn nước uống chất lượng tốt!',NULL,NULL,5,'APPROVED',NULL,9,48),(385,'2026-04-27 16:54:14.258688',NULL,'Không gian tuyệt vời, đồ ăn nước uống chất lượng tốt!',NULL,NULL,4,'APPROVED',NULL,26,48),(386,'2026-05-04 16:54:14.269035',NULL,'Không gian tuyệt vời, đồ ăn nước uống chất lượng tốt!',NULL,NULL,5,'APPROVED',NULL,17,48),(387,'2026-04-01 16:54:14.277361',NULL,'Không gian tuyệt vời, đồ ăn nước uống chất lượng tốt!',NULL,NULL,4,'APPROVED',NULL,36,49),(388,'2026-04-05 16:54:14.287099',NULL,'Không gian tuyệt vời, đồ ăn nước uống chất lượng tốt!',NULL,NULL,4,'APPROVED',NULL,47,49),(389,'2026-05-17 16:54:14.294972',NULL,'Không gian tuyệt vời, đồ ăn nước uống chất lượng tốt!',NULL,NULL,5,'APPROVED',NULL,10,49),(390,'2026-04-22 16:54:14.306198',NULL,'Không gian tuyệt vời, đồ ăn nước uống chất lượng tốt!',NULL,NULL,5,'APPROVED',NULL,15,49),(391,'2026-04-24 16:54:14.314396',NULL,'Không gian tuyệt vời, đồ ăn nước uống chất lượng tốt!',NULL,NULL,5,'APPROVED',NULL,38,49),(392,'2026-04-17 16:54:14.324756',NULL,'Không gian tuyệt vời, đồ ăn nước uống chất lượng tốt!',NULL,NULL,4,'APPROVED',NULL,61,49),(393,'2026-04-24 16:54:14.334417',NULL,'Không gian tuyệt vời, đồ ăn nước uống chất lượng tốt!',NULL,NULL,5,'APPROVED',NULL,17,49),(394,'2026-04-06 16:54:14.342327',NULL,'Không gian tuyệt vời, đồ ăn nước uống chất lượng tốt!',NULL,NULL,4,'APPROVED',NULL,9,49),(395,'2026-04-27 16:54:14.353011',NULL,'Không gian tuyệt vời, đồ ăn nước uống chất lượng tốt!',NULL,NULL,5,'APPROVED',NULL,47,50),(396,'2026-04-01 16:54:14.363004',NULL,'Không gian tuyệt vời, đồ ăn nước uống chất lượng tốt!',NULL,NULL,5,'APPROVED',NULL,10,50),(397,'2026-04-30 16:54:14.373235',NULL,'Không gian tuyệt vời, đồ ăn nước uống chất lượng tốt!',NULL,NULL,4,'APPROVED',NULL,15,50),(398,'2026-04-11 16:54:14.383174',NULL,'Không gian tuyệt vời, đồ ăn nước uống chất lượng tốt!',NULL,NULL,5,'APPROVED',NULL,9,50),(399,'2026-04-02 16:54:14.392039',NULL,'Không gian tuyệt vời, đồ ăn nước uống chất lượng tốt!',NULL,NULL,4,'APPROVED',NULL,38,50),(400,'2026-04-26 16:54:14.400992',NULL,'Không gian tuyệt vời, đồ ăn nước uống chất lượng tốt!',NULL,NULL,5,'APPROVED',NULL,45,50),(401,'2026-05-18 16:54:14.412107',NULL,'Không gian tuyệt vời, đồ ăn nước uống chất lượng tốt!',NULL,NULL,5,'APPROVED',NULL,17,50),(403,'2026-05-13 16:54:14.429701',NULL,'Không gian tuyệt vời, đồ ăn nước uống chất lượng tốt!',NULL,NULL,4,'APPROVED',NULL,38,51),(404,'2026-03-31 16:54:14.439374',NULL,'Không gian tuyệt vời, đồ ăn nước uống chất lượng tốt!',NULL,NULL,5,'APPROVED',NULL,61,51),(405,'2026-05-04 16:54:14.446342',NULL,'Không gian tuyệt vời, đồ ăn nước uống chất lượng tốt!',NULL,NULL,5,'APPROVED',NULL,9,51),(406,'2026-05-02 16:54:14.456151',NULL,'Không gian tuyệt vời, đồ ăn nước uống chất lượng tốt!',NULL,NULL,5,'APPROVED',NULL,36,51),(407,'2026-05-04 16:54:14.464373',NULL,'Không gian tuyệt vời, đồ ăn nước uống chất lượng tốt!',NULL,NULL,4,'APPROVED',NULL,26,51),(408,'2026-04-12 16:54:14.471746',NULL,'Không gian tuyệt vời, đồ ăn nước uống chất lượng tốt!',NULL,NULL,5,'APPROVED',NULL,45,51),(409,'2026-04-19 16:54:14.484897',NULL,'Không gian tuyệt vời, đồ ăn nước uống chất lượng tốt!',NULL,NULL,5,'APPROVED',NULL,47,51),(410,'2026-04-11 16:54:14.494980',NULL,'Không gian tuyệt vời, đồ ăn nước uống chất lượng tốt!',NULL,NULL,5,'APPROVED',NULL,15,51),(411,'2026-04-02 16:54:14.506736',NULL,'Không gian tuyệt vời, đồ ăn nước uống chất lượng tốt!',NULL,NULL,4,'APPROVED',NULL,9,52),(412,'2026-04-21 16:54:14.512488',NULL,'Không gian tuyệt vời, đồ ăn nước uống chất lượng tốt!',NULL,NULL,4,'APPROVED',NULL,10,52),(413,'2026-05-02 16:54:14.523892',NULL,'Không gian tuyệt vời, đồ ăn nước uống chất lượng tốt!',NULL,NULL,4,'APPROVED',NULL,45,52),(414,'2026-04-09 16:54:14.534239',NULL,'Không gian tuyệt vời, đồ ăn nước uống chất lượng tốt!',NULL,NULL,5,'APPROVED',NULL,38,52),(415,'2026-05-04 16:54:14.542565',NULL,'Không gian tuyệt vời, đồ ăn nước uống chất lượng tốt!',NULL,NULL,5,'APPROVED',NULL,15,52),(416,'2026-05-16 16:54:14.552090',NULL,'Không gian tuyệt vời, đồ ăn nước uống chất lượng tốt!',NULL,NULL,4,'APPROVED',NULL,61,52),(417,'2026-05-11 16:54:14.559742',NULL,'Không gian tuyệt vời, đồ ăn nước uống chất lượng tốt!',NULL,NULL,4,'APPROVED',NULL,17,52),(418,'2026-04-07 16:54:14.570755',NULL,'Không gian tuyệt vời, đồ ăn nước uống chất lượng tốt!',NULL,NULL,5,'APPROVED',NULL,36,52),(419,'2026-05-03 16:54:14.579552',NULL,'Không gian tuyệt vời, đồ ăn nước uống chất lượng tốt!',NULL,NULL,5,'APPROVED',NULL,47,53),(421,'2026-03-30 16:54:14.601196',NULL,'Không gian tuyệt vời, đồ ăn nước uống chất lượng tốt!',NULL,NULL,5,'APPROVED',NULL,45,53),(422,'2026-05-19 16:54:14.612415',NULL,'Không gian tuyệt vời, đồ ăn nước uống chất lượng tốt!',NULL,NULL,4,'APPROVED',NULL,38,53),(423,'2026-04-17 16:54:14.623400',NULL,'Không gian tuyệt vời, đồ ăn nước uống chất lượng tốt!',NULL,NULL,5,'APPROVED',NULL,61,53),(424,'2026-04-04 16:54:14.634306',NULL,'Không gian tuyệt vời, đồ ăn nước uống chất lượng tốt!',NULL,NULL,5,'APPROVED',NULL,17,53),(425,'2026-05-20 16:54:14.643362',NULL,'Không gian tuyệt vời, đồ ăn nước uống chất lượng tốt!',NULL,NULL,5,'APPROVED',NULL,26,53),(426,'2026-03-30 16:54:14.654160',NULL,'Không gian tuyệt vời, đồ ăn nước uống chất lượng tốt!',NULL,NULL,5,'APPROVED',NULL,9,53),(427,'2026-06-14 15:08:32.512792','2026-06-17 16:19:00.625626','Trải nghiệm tốt !!','[\"http://res.cloudinary.com/dlh7xxigk/image/upload/v1781424339/cmzzswp72xsnvzuz1i79.jpg\"]',0x00,4,'APPROVED','2026-06-14',1,54),(428,'2026-06-17 16:22:03.519222','2026-06-17 16:22:03.519222','địa điểm hay','[\"http://res.cloudinary.com/dlh7xxigk/image/upload/v1781688139/k9zk6zndrlm1vwcfliak.png\"]',0x00,3,'APPROVED','2026-06-17',2,2),(429,'2026-06-18 00:09:26.698726','2026-06-18 00:09:26.698726','cơm ngon','[]',0x00,5,'APPROVED','2026-06-17',8,2),(430,'2026-05-21 14:07:05.825461',NULL,'Giá cả hợp lý, không gian thoải mái, rất hợp đi cùng gia đình.',NULL,NULL,5,'APPROVED',NULL,63,42),(431,'2026-05-15 14:07:05.856634',NULL,'Một trong những địa danh nổi bật nhất, phục vụ tận tình.',NULL,NULL,5,'APPROVED',NULL,64,25),(432,'2026-06-05 14:07:05.860530',NULL,'Một trong những địa danh nổi bật nhất, phục vụ tận tình.',NULL,NULL,5,'APPROVED',NULL,64,24),(433,'2026-05-31 14:07:05.866477',NULL,'Địa điểm sạch sẽ, nhân viên lịch sự, đồ dùng tiện lợi.',NULL,NULL,4,'APPROVED',NULL,64,41),(434,'2026-05-13 14:07:05.875761',NULL,'Trải nghiệm tuyệt vời, không khí rất dễ chịu và dịch vụ tốt!',NULL,NULL,4,'APPROVED',NULL,64,38),(435,'2026-05-02 14:07:05.885431',NULL,'Địa điểm sạch sẽ, nhân viên lịch sự, đồ dùng tiện lợi.',NULL,NULL,4,'APPROVED',NULL,64,46),(436,'2026-06-12 14:07:05.897707',NULL,'Một trong những địa danh nổi bật nhất, phục vụ tận tình.',NULL,NULL,5,'APPROVED',NULL,64,18),(441,'2026-06-11 14:07:05.975102',NULL,'Trải nghiệm tuyệt vời, không khí rất dễ chịu và dịch vụ tốt!',NULL,NULL,4,'APPROVED',NULL,66,17),(442,'2026-06-11 14:07:05.979683',NULL,'Địa điểm sạch sẽ, nhân viên lịch sự, đồ dùng tiện lợi.',NULL,NULL,4,'APPROVED',NULL,66,13),(443,'2026-05-20 14:07:05.986037',NULL,'Địa điểm sạch sẽ, nhân viên lịch sự, đồ dùng tiện lợi.',NULL,NULL,4,'APPROVED',NULL,66,12),(444,'2026-06-01 14:07:05.996255',NULL,'Địa điểm sạch sẽ, nhân viên lịch sự, đồ dùng tiện lợi.',NULL,NULL,4,'APPROVED',NULL,66,21),(445,'2026-04-26 14:07:06.004988',NULL,'Một trong những địa danh nổi bật nhất, phục vụ tận tình.',NULL,NULL,5,'APPROVED',NULL,66,6),(446,'2026-05-17 14:07:06.016387',NULL,'Một trong những địa danh nổi bật nhất, phục vụ tận tình.',NULL,NULL,5,'APPROVED',NULL,66,15),(447,'2026-04-25 14:07:06.038025',NULL,'Một trong những địa danh nổi bật nhất, phục vụ tận tình.',NULL,NULL,5,'APPROVED',NULL,67,8),(448,'2026-05-03 14:07:06.058151',NULL,'Rất đáng thử khi đến khu vực này. Chắc chắn sẽ quay lại!',NULL,NULL,5,'APPROVED',NULL,67,3),(449,'2026-05-15 14:07:06.063035',NULL,'Giá cả hợp lý, không gian thoải mái, rất hợp đi cùng gia đình.',NULL,NULL,5,'APPROVED',NULL,67,45),(450,'2026-06-10 14:07:06.074609',NULL,'Trải nghiệm tuyệt vời, không khí rất dễ chịu và dịch vụ tốt!',NULL,NULL,5,'APPROVED',NULL,67,27),(453,'2026-05-16 14:07:06.150465',NULL,'Một trong những địa danh nổi bật nhất, phục vụ tận tình.',NULL,NULL,5,'APPROVED',NULL,69,19),(454,'2026-05-17 14:07:06.155495',NULL,'Một trong những địa danh nổi bật nhất, phục vụ tận tình.',NULL,NULL,5,'APPROVED',NULL,69,39),(455,'2026-05-11 14:07:06.163252',NULL,'Trải nghiệm tuyệt vời, không khí rất dễ chịu và dịch vụ tốt!',NULL,NULL,5,'APPROVED',NULL,69,14),(456,'2026-06-09 14:07:06.166267',NULL,'Một trong những địa danh nổi bật nhất, phục vụ tận tình.',NULL,NULL,5,'APPROVED',NULL,69,31),(457,'2026-04-23 14:07:06.175932',NULL,'Một trong những địa danh nổi bật nhất, phục vụ tận tình.',NULL,NULL,5,'APPROVED',NULL,69,40),(458,'2026-05-29 14:07:06.184128',NULL,'Một trong những địa danh nổi bật nhất, phục vụ tận tình.',NULL,NULL,4,'APPROVED',NULL,69,27),(459,'2026-04-24 14:07:06.206047',NULL,'Giá cả hợp lý, không gian thoải mái, rất hợp đi cùng gia đình.',NULL,NULL,5,'APPROVED',NULL,69,46),(460,'2026-04-24 14:07:06.220672',NULL,'Địa điểm sạch sẽ, nhân viên lịch sự, đồ dùng tiện lợi.',NULL,NULL,4,'APPROVED',NULL,69,44),(461,'2026-05-06 14:07:06.229483',NULL,'Giá cả hợp lý, không gian thoải mái, rất hợp đi cùng gia đình.',NULL,NULL,5,'APPROVED',NULL,70,55),(462,'2026-05-15 14:07:06.245200',NULL,'Rất đáng thử khi đến khu vực này. Chắc chắn sẽ quay lại!',NULL,NULL,5,'APPROVED',NULL,70,38),(463,'2026-06-06 14:07:06.270236',NULL,'Giá cả hợp lý, không gian thoải mái, rất hợp đi cùng gia đình.',NULL,NULL,5,'APPROVED',NULL,70,51),(464,'2026-06-08 14:07:06.275375',NULL,'Trải nghiệm tuyệt vời, không khí rất dễ chịu và dịch vụ tốt!',NULL,NULL,5,'APPROVED',NULL,70,30),(465,'2026-05-30 14:07:06.299173',NULL,'Địa điểm sạch sẽ, nhân viên lịch sự, đồ dùng tiện lợi.',NULL,NULL,4,'APPROVED',NULL,71,35),(466,'2026-04-28 14:07:06.307559',NULL,'Giá cả hợp lý, không gian thoải mái, rất hợp đi cùng gia đình.',NULL,NULL,5,'APPROVED',NULL,71,36),(467,'2026-05-28 14:07:06.315416',NULL,'Rất đáng thử khi đến khu vực này. Chắc chắn sẽ quay lại!',NULL,NULL,4,'APPROVED',NULL,71,40),(468,'2026-05-16 14:07:06.333585',NULL,'Địa điểm sạch sẽ, nhân viên lịch sự, đồ dùng tiện lợi.',NULL,NULL,5,'APPROVED',NULL,71,46),(469,'2026-05-12 14:07:06.362562',NULL,'Một trong những địa danh nổi bật nhất, phục vụ tận tình.',NULL,NULL,5,'APPROVED',NULL,71,43),(470,'2026-05-08 14:07:06.378843',NULL,'Rất đáng thử khi đến khu vực này. Chắc chắn sẽ quay lại!',NULL,NULL,5,'APPROVED',NULL,72,18),(471,'2026-06-09 14:07:06.387905',NULL,'Một trong những địa danh nổi bật nhất, phục vụ tận tình.',NULL,NULL,5,'APPROVED',NULL,72,29),(472,'2026-05-22 14:07:06.396574',NULL,'Địa điểm sạch sẽ, nhân viên lịch sự, đồ dùng tiện lợi.',NULL,NULL,5,'APPROVED',NULL,72,30),(473,'2026-05-19 14:07:06.416030',NULL,'Giá cả hợp lý, không gian thoải mái, rất hợp đi cùng gia đình.',NULL,NULL,5,'APPROVED',NULL,72,53),(474,'2026-05-02 14:07:06.423205',NULL,'Trải nghiệm tuyệt vời, không khí rất dễ chịu và dịch vụ tốt!',NULL,NULL,4,'APPROVED',NULL,72,20),(475,'2026-04-29 14:07:06.447436',NULL,'Địa điểm sạch sẽ, nhân viên lịch sự, đồ dùng tiện lợi.',NULL,NULL,5,'APPROVED',NULL,73,23),(476,'2026-06-03 14:07:06.459392',NULL,'Địa điểm sạch sẽ, nhân viên lịch sự, đồ dùng tiện lợi.',NULL,NULL,5,'APPROVED',NULL,73,14),(477,'2026-04-24 14:07:06.471295',NULL,'Rất đáng thử khi đến khu vực này. Chắc chắn sẽ quay lại!',NULL,NULL,4,'APPROVED',NULL,73,11),(478,'2026-06-14 14:07:06.476988',NULL,'Địa điểm sạch sẽ, nhân viên lịch sự, đồ dùng tiện lợi.',NULL,NULL,5,'APPROVED',NULL,74,54),(479,'2026-05-07 14:07:06.487197',NULL,'Giá cả hợp lý, không gian thoải mái, rất hợp đi cùng gia đình.',NULL,NULL,5,'APPROVED',NULL,74,36),(480,'2026-05-31 14:07:06.495979',NULL,'Một trong những địa danh nổi bật nhất, phục vụ tận tình.',NULL,NULL,4,'APPROVED',NULL,74,34),(481,'2026-05-09 14:07:06.499617',NULL,'Giá cả hợp lý, không gian thoải mái, rất hợp đi cùng gia đình.',NULL,NULL,5,'APPROVED',NULL,74,9),(482,'2026-05-07 14:07:06.510417',NULL,'Rất đáng thử khi đến khu vực này. Chắc chắn sẽ quay lại!',NULL,NULL,4,'APPROVED',NULL,74,1),(483,'2026-05-02 14:07:06.520054',NULL,'Rất đáng thử khi đến khu vực này. Chắc chắn sẽ quay lại!',NULL,NULL,5,'APPROVED',NULL,74,52),(484,'2026-05-29 14:07:06.529355',NULL,'Trải nghiệm tuyệt vời, không khí rất dễ chịu và dịch vụ tốt!',NULL,NULL,5,'APPROVED',NULL,74,37),(485,'2026-05-03 14:07:06.544680',NULL,'Rất đáng thử khi đến khu vực này. Chắc chắn sẽ quay lại!',NULL,NULL,4,'APPROVED',NULL,75,19),(486,'2026-04-26 14:07:06.561755',NULL,'Rất đáng thử khi đến khu vực này. Chắc chắn sẽ quay lại!',NULL,NULL,4,'APPROVED',NULL,75,28),(487,'2026-05-03 14:07:06.570763',NULL,'Trải nghiệm tuyệt vời, không khí rất dễ chịu và dịch vụ tốt!',NULL,NULL,5,'APPROVED',NULL,75,41),(488,'2026-05-03 14:07:06.576598',NULL,'Trải nghiệm tuyệt vời, không khí rất dễ chịu và dịch vụ tốt!',NULL,NULL,4,'APPROVED',NULL,75,29),(489,'2026-05-27 14:07:06.594068',NULL,'Một trong những địa danh nổi bật nhất, phục vụ tận tình.',NULL,NULL,5,'APPROVED',NULL,75,18),(490,'2026-04-22 14:07:06.619677',NULL,'Một trong những địa danh nổi bật nhất, phục vụ tận tình.',NULL,NULL,5,'APPROVED',NULL,76,37),(491,'2026-06-05 14:07:06.632968',NULL,'Địa điểm sạch sẽ, nhân viên lịch sự, đồ dùng tiện lợi.',NULL,NULL,5,'APPROVED',NULL,76,51),(492,'2026-05-03 14:07:06.645570',NULL,'Một trong những địa danh nổi bật nhất, phục vụ tận tình.',NULL,NULL,4,'APPROVED',NULL,76,49),(493,'2026-05-24 14:07:06.655852',NULL,'Địa điểm sạch sẽ, nhân viên lịch sự, đồ dùng tiện lợi.',NULL,NULL,4,'APPROVED',NULL,76,45),(494,'2026-05-26 14:07:06.680649',NULL,'Địa điểm sạch sẽ, nhân viên lịch sự, đồ dùng tiện lợi.',NULL,NULL,4,'APPROVED',NULL,77,22),(495,'2026-05-20 14:07:06.690667',NULL,'Địa điểm sạch sẽ, nhân viên lịch sự, đồ dùng tiện lợi.',NULL,NULL,5,'APPROVED',NULL,77,4),(496,'2026-05-22 14:07:06.700430',NULL,'Địa điểm sạch sẽ, nhân viên lịch sự, đồ dùng tiện lợi.',NULL,NULL,5,'APPROVED',NULL,77,56),(497,'2026-06-11 14:07:06.704914',NULL,'Trải nghiệm tuyệt vời, không khí rất dễ chịu và dịch vụ tốt!',NULL,NULL,5,'APPROVED',NULL,77,38),(498,'2026-05-13 14:07:06.734804',NULL,'Giá cả hợp lý, không gian thoải mái, rất hợp đi cùng gia đình.',NULL,NULL,4,'APPROVED',NULL,78,47),(499,'2026-05-26 14:07:06.757739',NULL,'Địa điểm sạch sẽ, nhân viên lịch sự, đồ dùng tiện lợi.',NULL,NULL,4,'APPROVED',NULL,78,12),(500,'2026-06-13 14:07:06.764374',NULL,'Giá cả hợp lý, không gian thoải mái, rất hợp đi cùng gia đình.',NULL,NULL,4,'APPROVED',NULL,78,35),(501,'2026-05-27 14:07:06.780028',NULL,'Một trong những địa danh nổi bật nhất, phục vụ tận tình.',NULL,NULL,4,'APPROVED',NULL,78,4),(502,'2026-05-10 14:07:06.787876',NULL,'Địa điểm sạch sẽ, nhân viên lịch sự, đồ dùng tiện lợi.',NULL,NULL,5,'APPROVED',NULL,79,46),(503,'2026-05-16 14:07:06.802720',NULL,'Địa điểm sạch sẽ, nhân viên lịch sự, đồ dùng tiện lợi.',NULL,NULL,5,'APPROVED',NULL,79,34),(504,'2026-04-29 14:07:06.808110',NULL,'Giá cả hợp lý, không gian thoải mái, rất hợp đi cùng gia đình.',NULL,NULL,5,'APPROVED',NULL,79,48),(505,'2026-05-21 14:07:06.816517',NULL,'Trải nghiệm tuyệt vời, không khí rất dễ chịu và dịch vụ tốt!',NULL,NULL,4,'APPROVED',NULL,79,54),(506,'2026-06-15 14:07:06.858022',NULL,'Trải nghiệm tuyệt vời, không khí rất dễ chịu và dịch vụ tốt!',NULL,NULL,5,'APPROVED',NULL,80,9),(507,'2026-05-31 14:07:06.874404',NULL,'Địa điểm sạch sẽ, nhân viên lịch sự, đồ dùng tiện lợi.',NULL,NULL,4,'APPROVED',NULL,80,22),(508,'2026-06-08 14:07:06.877468',NULL,'Giá cả hợp lý, không gian thoải mái, rất hợp đi cùng gia đình.',NULL,NULL,4,'APPROVED',NULL,80,16),(509,'2026-04-29 14:07:06.882397',NULL,'Trải nghiệm tuyệt vời, không khí rất dễ chịu và dịch vụ tốt!',NULL,NULL,5,'APPROVED',NULL,80,47),(510,'2026-04-29 14:07:06.892409',NULL,'Trải nghiệm tuyệt vời, không khí rất dễ chịu và dịch vụ tốt!',NULL,NULL,5,'APPROVED',NULL,80,29),(511,'2026-05-29 14:07:06.913536',NULL,'Giá cả hợp lý, không gian thoải mái, rất hợp đi cùng gia đình.',NULL,NULL,5,'APPROVED',NULL,80,32),(512,'2026-05-20 14:07:06.923098',NULL,'Địa điểm sạch sẽ, nhân viên lịch sự, đồ dùng tiện lợi.',NULL,NULL,5,'APPROVED',NULL,81,31),(513,'2026-05-22 14:07:06.946555',NULL,'Một trong những địa danh nổi bật nhất, phục vụ tận tình.',NULL,NULL,4,'APPROVED',NULL,81,20),(514,'2026-04-20 14:07:06.958339',NULL,'Trải nghiệm tuyệt vời, không khí rất dễ chịu và dịch vụ tốt!',NULL,NULL,4,'APPROVED',NULL,81,8),(515,'2026-05-28 14:07:06.968145',NULL,'Trải nghiệm tuyệt vời, không khí rất dễ chịu và dịch vụ tốt!',NULL,NULL,5,'APPROVED',NULL,81,7),(516,'2026-06-14 14:07:06.973026',NULL,'Trải nghiệm tuyệt vời, không khí rất dễ chịu và dịch vụ tốt!',NULL,NULL,5,'APPROVED',NULL,81,27),(517,'2026-05-04 14:07:06.979124',NULL,'Địa điểm sạch sẽ, nhân viên lịch sự, đồ dùng tiện lợi.',NULL,NULL,5,'APPROVED',NULL,81,55),(518,'2026-05-27 14:07:07.021372',NULL,'Trải nghiệm tuyệt vời, không khí rất dễ chịu và dịch vụ tốt!',NULL,NULL,5,'APPROVED',NULL,82,20),(519,'2026-04-20 14:07:07.029927',NULL,'Trải nghiệm tuyệt vời, không khí rất dễ chịu và dịch vụ tốt!',NULL,NULL,5,'APPROVED',NULL,82,45),(520,'2026-04-25 14:07:07.039785',NULL,'Trải nghiệm tuyệt vời, không khí rất dễ chịu và dịch vụ tốt!',NULL,NULL,5,'APPROVED',NULL,82,27),(521,'2026-04-28 14:07:07.047013',NULL,'Rất đáng thử khi đến khu vực này. Chắc chắn sẽ quay lại!',NULL,NULL,4,'APPROVED',NULL,82,8),(522,'2026-05-16 14:07:07.058725',NULL,'Địa điểm sạch sẽ, nhân viên lịch sự, đồ dùng tiện lợi.',NULL,NULL,5,'APPROVED',NULL,82,5),(523,'2026-06-03 14:07:07.062409',NULL,'Một trong những địa danh nổi bật nhất, phục vụ tận tình.',NULL,NULL,4,'APPROVED',NULL,82,29),(524,'2026-04-24 14:07:07.071102',NULL,'Một trong những địa danh nổi bật nhất, phục vụ tận tình.',NULL,NULL,5,'APPROVED',NULL,83,1),(525,'2026-06-15 14:07:07.081914',NULL,'Một trong những địa danh nổi bật nhất, phục vụ tận tình.',NULL,NULL,5,'APPROVED',NULL,83,26),(526,'2026-05-15 14:07:07.092575',NULL,'Rất đáng thử khi đến khu vực này. Chắc chắn sẽ quay lại!',NULL,NULL,5,'APPROVED',NULL,83,11),(527,'2026-06-04 14:07:07.097817',NULL,'Trải nghiệm tuyệt vời, không khí rất dễ chịu và dịch vụ tốt!',NULL,NULL,4,'APPROVED',NULL,83,56),(528,'2026-05-05 14:07:07.107817',NULL,'Rất đáng thử khi đến khu vực này. Chắc chắn sẽ quay lại!',NULL,NULL,4,'APPROVED',NULL,83,49),(529,'2026-04-26 14:07:07.118717',NULL,'Một trong những địa danh nổi bật nhất, phục vụ tận tình.',NULL,NULL,5,'APPROVED',NULL,83,5),(530,'2026-05-02 14:07:07.126959',NULL,'Giá cả hợp lý, không gian thoải mái, rất hợp đi cùng gia đình.',NULL,NULL,4,'APPROVED',NULL,83,52),(531,'2026-05-11 14:07:07.136405',NULL,'Địa điểm sạch sẽ, nhân viên lịch sự, đồ dùng tiện lợi.',NULL,NULL,4,'APPROVED',NULL,83,10),(532,'2026-06-12 14:07:07.146215',NULL,'Rất đáng thử khi đến khu vực này. Chắc chắn sẽ quay lại!',NULL,NULL,5,'APPROVED',NULL,84,56),(533,'2026-06-16 14:07:07.153187',NULL,'Rất đáng thử khi đến khu vực này. Chắc chắn sẽ quay lại!',NULL,NULL,5,'APPROVED',NULL,84,55),(534,'2026-04-22 14:07:07.159820',NULL,'Địa điểm sạch sẽ, nhân viên lịch sự, đồ dùng tiện lợi.',NULL,NULL,4,'APPROVED',NULL,84,41),(535,'2026-06-13 14:07:07.171612',NULL,'Trải nghiệm tuyệt vời, không khí rất dễ chịu và dịch vụ tốt!',NULL,NULL,5,'APPROVED',NULL,84,37),(536,'2026-05-13 14:07:07.182090',NULL,'Một trong những địa danh nổi bật nhất, phục vụ tận tình.',NULL,NULL,5,'APPROVED',NULL,84,32),(537,'2026-05-20 14:07:07.190219',NULL,'Một trong những địa danh nổi bật nhất, phục vụ tận tình.',NULL,NULL,4,'APPROVED',NULL,84,27),(538,'2026-05-12 14:07:07.199301',NULL,'Giá cả hợp lý, không gian thoải mái, rất hợp đi cùng gia đình.',NULL,NULL,5,'APPROVED',NULL,84,13),(539,'2026-05-03 14:07:07.206984',NULL,'Giá cả hợp lý, không gian thoải mái, rất hợp đi cùng gia đình.',NULL,NULL,5,'APPROVED',NULL,84,45);
/*!40000 ALTER TABLE `reviews` ENABLE KEYS */;
UNLOCK TABLES;

--
-- Table structure for table `tags`
--

DROP TABLE IF EXISTS `tags`;
/*!40101 SET @saved_cs_client     = @@character_set_client */;
/*!50503 SET character_set_client = utf8mb4 */;
CREATE TABLE `tags` (
  `tag_id` bigint NOT NULL AUTO_INCREMENT,
  `name` varchar(50) NOT NULL,
  `weight` double DEFAULT NULL,
  PRIMARY KEY (`tag_id`),
  UNIQUE KEY `UKt48xdq560gs3gap9g7jg36kgc` (`name`)
) ENGINE=InnoDB AUTO_INCREMENT=73 DEFAULT CHARSET=utf8mb4 COLLATE=utf8mb4_0900_ai_ci;
/*!40101 SET character_set_client = @saved_cs_client */;

--
-- Dumping data for table `tags`
--

LOCK TABLES `tags` WRITE;
/*!40000 ALTER TABLE `tags` DISABLE KEYS */;
INSERT INTO `tags` VALUES (1,'coffee',1),(2,'caphe',1),(3,'thucuong',1),(4,'Sang trọng',1.4),(5,'Bình dân',0.9),(6,'View đẹp',1.3),(7,'Yên tĩnh',1.2),(8,'Trung tâm',1.1),(9,'Hải sản',1.3),(10,'Lãng mạn',1.5),(11,'Gia đình',1),(12,'Sống ảo',1.3),(13,'Đặc sản',1.2),(14,'Món Việt',1),(15,'Món Âu',1.3),(16,'Wifi mạnh',1.1),(17,'Làm việc',1.2),(18,'Gần biển',1.3),(49,'Tâm linh',1.2),(50,'Yên bình',1.2),(51,'Kiến trúc',1.1),(52,'Tham quan',1),(56,'Trò chuyện',1),(57,'Giải trí',1.2),(58,'Sôi động',1.3),(60,'Hẹn hò',1.2),(61,'Ẩm thực',1.2),(66,'Lưu trú',1.1),(67,'Tiện nghi',1.2),(68,'Sạch sẽ',1.1),(69,'Nghỉ ngơi',1);
/*!40000 ALTER TABLE `tags` ENABLE KEYS */;
UNLOCK TABLES;

--
-- Table structure for table `trip_locations`
--

DROP TABLE IF EXISTS `trip_locations`;
/*!40101 SET @saved_cs_client     = @@character_set_client */;
/*!50503 SET character_set_client = utf8mb4 */;
CREATE TABLE `trip_locations` (
  `id` bigint NOT NULL AUTO_INCREMENT,
  `created_at` datetime(6) DEFAULT NULL,
  `updated_at` datetime(6) DEFAULT NULL,
  `day` int NOT NULL,
  `note` varchar(255) DEFAULT NULL,
  `sort_order` int DEFAULT NULL,
  `location_id` bigint NOT NULL,
  `trip_id` bigint NOT NULL,
  PRIMARY KEY (`id`),
  KEY `FKl09impypv6vu9ixdwesgopwxw` (`location_id`),
  KEY `FKl791pj54g4oxd3i8k07br3es3` (`trip_id`),
  CONSTRAINT `FKl09impypv6vu9ixdwesgopwxw` FOREIGN KEY (`location_id`) REFERENCES `locations` (`location_id`),
  CONSTRAINT `FKl791pj54g4oxd3i8k07br3es3` FOREIGN KEY (`trip_id`) REFERENCES `trips` (`id`)
) ENGINE=InnoDB AUTO_INCREMENT=8 DEFAULT CHARSET=utf8mb4 COLLATE=utf8mb4_0900_ai_ci;
/*!40101 SET character_set_client = @saved_cs_client */;

--
-- Dumping data for table `trip_locations`
--

LOCK TABLES `trip_locations` WRITE;
/*!40000 ALTER TABLE `trip_locations` DISABLE KEYS */;
INSERT INTO `trip_locations` VALUES (1,'2026-05-21 16:45:09.988898','2026-05-21 16:45:09.988898',1,NULL,0,1,1),(2,'2026-05-21 16:45:10.038017','2026-05-21 16:45:10.038017',1,NULL,1,3,1),(3,'2026-05-21 16:45:10.052616','2026-05-21 16:45:10.052616',1,NULL,2,4,1),(4,'2026-06-17 15:52:27.868761','2026-06-17 15:52:27.868761',1,NULL,0,2,1),(5,'2026-06-17 15:52:35.026979','2026-06-17 15:52:35.026979',1,NULL,0,2,1),(6,'2026-06-17 15:52:47.947111','2026-06-17 15:52:47.947111',1,NULL,0,2,1),(7,'2026-06-17 23:31:02.943019','2026-06-17 23:31:02.943019',1,NULL,0,2,1);
/*!40000 ALTER TABLE `trip_locations` ENABLE KEYS */;
UNLOCK TABLES;

--
-- Table structure for table `trips`
--

DROP TABLE IF EXISTS `trips`;
/*!40101 SET @saved_cs_client     = @@character_set_client */;
/*!50503 SET character_set_client = utf8mb4 */;
CREATE TABLE `trips` (
  `id` bigint NOT NULL AUTO_INCREMENT,
  `created_at` datetime(6) DEFAULT NULL,
  `updated_at` datetime(6) DEFAULT NULL,
  `description` text,
  `title` varchar(255) NOT NULL,
  `user_id` bigint NOT NULL,
  PRIMARY KEY (`id`),
  KEY `FK8wb14dx6ed0bpp3planbay88u` (`user_id`),
  CONSTRAINT `FK8wb14dx6ed0bpp3planbay88u` FOREIGN KEY (`user_id`) REFERENCES `users` (`user_id`)
) ENGINE=InnoDB AUTO_INCREMENT=2 DEFAULT CHARSET=utf8mb4 COLLATE=utf8mb4_0900_ai_ci;
/*!40101 SET character_set_client = @saved_cs_client */;

--
-- Dumping data for table `trips`
--

LOCK TABLES `trips` WRITE;
/*!40000 ALTER TABLE `trips` DISABLE KEYS */;
INSERT INTO `trips` VALUES (1,'2026-05-21 16:45:09.739599','2026-05-21 16:45:09.739599',NULL,'My Trip',2);
/*!40000 ALTER TABLE `trips` ENABLE KEYS */;
UNLOCK TABLES;

--
-- Table structure for table `user_behavior_logs`
--

DROP TABLE IF EXISTS `user_behavior_logs`;
/*!40101 SET @saved_cs_client     = @@character_set_client */;
/*!50503 SET character_set_client = utf8mb4 */;
CREATE TABLE `user_behavior_logs` (
  `log_id` bigint NOT NULL AUTO_INCREMENT,
  `action_type` enum('ADD_FAVORITE','CLICK_BOOKING','VIEW_DETAILS','VIEW_MAP') NOT NULL,
  `created_at` datetime(6) DEFAULT NULL,
  `device_type` varchar(50) DEFAULT NULL,
  `session_id` varchar(100) DEFAULT NULL,
  `time_spent_seconds` int DEFAULT NULL,
  `location_id` bigint DEFAULT NULL,
  `user_id` bigint DEFAULT NULL,
  PRIMARY KEY (`log_id`),
  KEY `FK2ffa5iaarqdi96qqt5q3ph5jo` (`location_id`),
  KEY `FK8df2ioclts52nwk1wc2pa3nn3` (`user_id`),
  CONSTRAINT `FK2ffa5iaarqdi96qqt5q3ph5jo` FOREIGN KEY (`location_id`) REFERENCES `locations` (`location_id`),
  CONSTRAINT `FK8df2ioclts52nwk1wc2pa3nn3` FOREIGN KEY (`user_id`) REFERENCES `users` (`user_id`)
) ENGINE=InnoDB AUTO_INCREMENT=2518 DEFAULT CHARSET=utf8mb4 COLLATE=utf8mb4_0900_ai_ci;
/*!40101 SET character_set_client = @saved_cs_client */;

--
-- Dumping data for table `user_behavior_logs`
--

LOCK TABLES `user_behavior_logs` WRITE;
/*!40000 ALTER TABLE `user_behavior_logs` DISABLE KEYS */;
INSERT INTO `user_behavior_logs` VALUES (1,'VIEW_DETAILS','2026-04-05 15:54:09.722970',NULL,NULL,NULL,1,1),(2,'ADD_FAVORITE','2026-04-05 15:54:09.722970',NULL,NULL,NULL,1,1),(3,'CLICK_BOOKING','2026-04-05 15:54:09.722970',NULL,NULL,NULL,1,1),(4,'VIEW_DETAILS','2026-05-12 15:54:09.750092',NULL,NULL,NULL,27,1),(5,'ADD_FAVORITE','2026-05-12 15:54:09.750092',NULL,NULL,NULL,27,1),(6,'CLICK_BOOKING','2026-05-12 15:54:09.750092',NULL,NULL,NULL,27,1),(7,'VIEW_DETAILS','2026-05-21 15:54:09.762345',NULL,NULL,NULL,48,1),(8,'ADD_FAVORITE','2026-05-21 15:54:09.762345',NULL,NULL,NULL,48,1),(9,'CLICK_BOOKING','2026-05-21 15:54:09.762345',NULL,NULL,NULL,48,1),(10,'VIEW_DETAILS','2026-04-29 15:54:09.774781',NULL,NULL,NULL,11,1),(11,'ADD_FAVORITE','2026-04-29 15:54:09.774781',NULL,NULL,NULL,11,1),(12,'CLICK_BOOKING','2026-04-29 15:54:09.774781',NULL,NULL,NULL,11,1),(13,'VIEW_DETAILS','2026-05-07 15:54:09.787645',NULL,NULL,NULL,23,1),(14,'ADD_FAVORITE','2026-05-07 15:54:09.787645',NULL,NULL,NULL,23,1),(15,'CLICK_BOOKING','2026-05-07 15:54:09.787645',NULL,NULL,NULL,23,1),(16,'VIEW_DETAILS','2026-04-10 15:54:09.797997',NULL,NULL,NULL,26,1),(17,'ADD_FAVORITE','2026-04-10 15:54:09.797997',NULL,NULL,NULL,26,1),(18,'CLICK_BOOKING','2026-04-10 15:54:09.797997',NULL,NULL,NULL,26,1),(19,'VIEW_DETAILS','2026-04-25 15:54:09.811808',NULL,NULL,NULL,51,1),(20,'ADD_FAVORITE','2026-04-25 15:54:09.811808',NULL,NULL,NULL,51,1),(21,'CLICK_BOOKING','2026-04-25 15:54:09.811808',NULL,NULL,NULL,51,1),(22,'VIEW_DETAILS','2026-04-03 15:54:09.826101',NULL,NULL,NULL,39,1),(23,'ADD_FAVORITE','2026-04-03 15:54:09.826101',NULL,NULL,NULL,39,1),(24,'CLICK_BOOKING','2026-04-03 15:54:09.826101',NULL,NULL,NULL,39,1),(25,'VIEW_DETAILS','2026-05-11 15:54:09.839464',NULL,NULL,NULL,11,1),(26,'ADD_FAVORITE','2026-05-11 15:54:09.839464',NULL,NULL,NULL,11,1),(27,'CLICK_BOOKING','2026-05-11 15:54:09.839464',NULL,NULL,NULL,11,1),(28,'VIEW_DETAILS','2026-04-06 15:54:09.856519',NULL,NULL,NULL,27,3),(29,'ADD_FAVORITE','2026-04-06 15:54:09.856519',NULL,NULL,NULL,27,3),(30,'CLICK_BOOKING','2026-04-06 15:54:09.856519',NULL,NULL,NULL,27,3),(31,'VIEW_DETAILS','2026-05-17 15:54:09.871489',NULL,NULL,NULL,51,3),(32,'ADD_FAVORITE','2026-05-17 15:54:09.871489',NULL,NULL,NULL,51,3),(33,'CLICK_BOOKING','2026-05-17 15:54:09.871489',NULL,NULL,NULL,51,3),(34,'VIEW_DETAILS','2026-04-24 15:54:09.884333',NULL,NULL,NULL,42,3),(35,'ADD_FAVORITE','2026-04-24 15:54:09.884333',NULL,NULL,NULL,42,3),(36,'CLICK_BOOKING','2026-04-24 15:54:09.884333',NULL,NULL,NULL,42,3),(37,'VIEW_DETAILS','2026-04-10 15:54:09.896278',NULL,NULL,NULL,11,3),(38,'ADD_FAVORITE','2026-04-10 15:54:09.896278',NULL,NULL,NULL,11,3),(39,'CLICK_BOOKING','2026-04-10 15:54:09.896278',NULL,NULL,NULL,11,3),(40,'VIEW_DETAILS','2026-05-07 15:54:09.908981',NULL,NULL,NULL,13,3),(41,'ADD_FAVORITE','2026-05-07 15:54:09.908981',NULL,NULL,NULL,13,3),(42,'CLICK_BOOKING','2026-05-07 15:54:09.908981',NULL,NULL,NULL,13,3),(43,'VIEW_DETAILS','2026-05-19 15:54:09.923044',NULL,NULL,NULL,8,3),(44,'ADD_FAVORITE','2026-05-19 15:54:09.923044',NULL,NULL,NULL,8,3),(45,'CLICK_BOOKING','2026-05-19 15:54:09.923044',NULL,NULL,NULL,8,3),(46,'VIEW_DETAILS','2026-04-09 15:54:09.936406',NULL,NULL,NULL,48,3),(47,'ADD_FAVORITE','2026-04-09 15:54:09.936406',NULL,NULL,NULL,48,3),(48,'CLICK_BOOKING','2026-04-09 15:54:09.936406',NULL,NULL,NULL,48,3),(49,'VIEW_DETAILS','2026-04-12 15:54:09.947265',NULL,NULL,NULL,23,3),(50,'ADD_FAVORITE','2026-04-12 15:54:09.947265',NULL,NULL,NULL,23,3),(51,'CLICK_BOOKING','2026-04-12 15:54:09.947265',NULL,NULL,NULL,23,3),(52,'VIEW_DETAILS','2026-04-12 15:54:09.961488',NULL,NULL,NULL,11,3),(53,'ADD_FAVORITE','2026-04-12 15:54:09.961488',NULL,NULL,NULL,11,3),(54,'CLICK_BOOKING','2026-04-12 15:54:09.961488',NULL,NULL,NULL,11,3),(55,'VIEW_DETAILS','2026-05-22 15:54:09.975596',NULL,NULL,NULL,51,4),(56,'ADD_FAVORITE','2026-05-22 15:54:09.975596',NULL,NULL,NULL,51,4),(57,'CLICK_BOOKING','2026-05-22 15:54:09.975596',NULL,NULL,NULL,51,4),(58,'VIEW_DETAILS','2026-04-24 15:54:09.988304',NULL,NULL,NULL,11,4),(59,'ADD_FAVORITE','2026-04-24 15:54:09.988304',NULL,NULL,NULL,11,4),(60,'CLICK_BOOKING','2026-04-24 15:54:09.988304',NULL,NULL,NULL,11,4),(61,'VIEW_DETAILS','2026-04-10 15:54:10.000144',NULL,NULL,NULL,39,4),(62,'ADD_FAVORITE','2026-04-10 15:54:10.000144',NULL,NULL,NULL,39,4),(63,'CLICK_BOOKING','2026-04-10 15:54:10.000144',NULL,NULL,NULL,39,4),(64,'VIEW_DETAILS','2026-05-08 15:54:10.010745',NULL,NULL,NULL,42,4),(65,'ADD_FAVORITE','2026-05-08 15:54:10.010745',NULL,NULL,NULL,42,4),(66,'CLICK_BOOKING','2026-05-08 15:54:10.010745',NULL,NULL,NULL,42,4),(67,'VIEW_DETAILS','2026-05-15 15:54:10.028534',NULL,NULL,NULL,26,4),(68,'ADD_FAVORITE','2026-05-15 15:54:10.028534',NULL,NULL,NULL,26,4),(69,'CLICK_BOOKING','2026-05-15 15:54:10.028534',NULL,NULL,NULL,26,4),(70,'VIEW_DETAILS','2026-04-10 15:54:10.048696',NULL,NULL,NULL,27,4),(71,'ADD_FAVORITE','2026-04-10 15:54:10.048696',NULL,NULL,NULL,27,4),(72,'CLICK_BOOKING','2026-04-10 15:54:10.048696',NULL,NULL,NULL,27,4),(73,'VIEW_DETAILS','2026-05-02 15:54:10.063871',NULL,NULL,NULL,23,4),(74,'ADD_FAVORITE','2026-05-02 15:54:10.063871',NULL,NULL,NULL,23,4),(75,'CLICK_BOOKING','2026-05-02 15:54:10.063871',NULL,NULL,NULL,23,4),(76,'VIEW_DETAILS','2026-04-03 15:54:10.078313',NULL,NULL,NULL,8,4),(77,'ADD_FAVORITE','2026-04-03 15:54:10.078313',NULL,NULL,NULL,8,4),(78,'CLICK_BOOKING','2026-04-03 15:54:10.078313',NULL,NULL,NULL,8,4),(79,'VIEW_DETAILS','2026-04-13 15:54:10.093666',NULL,NULL,NULL,48,4),(80,'ADD_FAVORITE','2026-04-13 15:54:10.093666',NULL,NULL,NULL,48,4),(81,'CLICK_BOOKING','2026-04-13 15:54:10.093666',NULL,NULL,NULL,48,4),(82,'VIEW_DETAILS','2026-05-16 15:54:10.108356',NULL,NULL,NULL,23,5),(83,'ADD_FAVORITE','2026-05-16 15:54:10.108356',NULL,NULL,NULL,23,5),(84,'CLICK_BOOKING','2026-05-16 15:54:10.108356',NULL,NULL,NULL,23,5),(85,'VIEW_DETAILS','2026-05-09 15:54:10.122456',NULL,NULL,NULL,42,5),(86,'ADD_FAVORITE','2026-05-09 15:54:10.122456',NULL,NULL,NULL,42,5),(87,'CLICK_BOOKING','2026-05-09 15:54:10.122456',NULL,NULL,NULL,42,5),(88,'VIEW_DETAILS','2026-04-19 15:54:10.138099',NULL,NULL,NULL,48,5),(89,'ADD_FAVORITE','2026-04-19 15:54:10.138099',NULL,NULL,NULL,48,5),(90,'CLICK_BOOKING','2026-04-19 15:54:10.138099',NULL,NULL,NULL,48,5),(91,'VIEW_DETAILS','2026-05-14 15:54:10.151292',NULL,NULL,NULL,13,5),(92,'ADD_FAVORITE','2026-05-14 15:54:10.151292',NULL,NULL,NULL,13,5),(93,'CLICK_BOOKING','2026-05-14 15:54:10.151292',NULL,NULL,NULL,13,5),(94,'VIEW_DETAILS','2026-05-21 15:54:10.165929',NULL,NULL,NULL,26,5),(95,'ADD_FAVORITE','2026-05-21 15:54:10.165929',NULL,NULL,NULL,26,5),(96,'CLICK_BOOKING','2026-05-21 15:54:10.165929',NULL,NULL,NULL,26,5),(97,'VIEW_DETAILS','2026-03-29 15:54:10.181544',NULL,NULL,NULL,1,5),(98,'ADD_FAVORITE','2026-03-29 15:54:10.181544',NULL,NULL,NULL,1,5),(99,'CLICK_BOOKING','2026-03-29 15:54:10.181544',NULL,NULL,NULL,1,5),(100,'VIEW_DETAILS','2026-04-09 15:54:10.200412',NULL,NULL,NULL,11,5),(101,'ADD_FAVORITE','2026-04-09 15:54:10.200412',NULL,NULL,NULL,11,5),(102,'CLICK_BOOKING','2026-04-09 15:54:10.200412',NULL,NULL,NULL,11,5),(103,'VIEW_DETAILS','2026-05-05 15:54:10.217398',NULL,NULL,NULL,51,5),(104,'ADD_FAVORITE','2026-05-05 15:54:10.217398',NULL,NULL,NULL,51,5),(105,'CLICK_BOOKING','2026-05-05 15:54:10.217398',NULL,NULL,NULL,51,5),(106,'VIEW_DETAILS','2026-04-15 15:54:10.228640',NULL,NULL,NULL,11,5),(107,'ADD_FAVORITE','2026-04-15 15:54:10.228640',NULL,NULL,NULL,11,5),(108,'CLICK_BOOKING','2026-04-15 15:54:10.228640',NULL,NULL,NULL,11,5),(109,'VIEW_DETAILS','2026-05-09 15:54:10.241866',NULL,NULL,NULL,1,6),(110,'ADD_FAVORITE','2026-05-09 15:54:10.241866',NULL,NULL,NULL,1,6),(111,'CLICK_BOOKING','2026-05-09 15:54:10.241866',NULL,NULL,NULL,1,6),(112,'VIEW_DETAILS','2026-04-06 15:54:10.252389',NULL,NULL,NULL,26,6),(113,'ADD_FAVORITE','2026-04-06 15:54:10.252389',NULL,NULL,NULL,26,6),(114,'CLICK_BOOKING','2026-04-06 15:54:10.252389',NULL,NULL,NULL,26,6),(115,'VIEW_DETAILS','2026-04-07 15:54:10.261760',NULL,NULL,NULL,23,6),(116,'ADD_FAVORITE','2026-04-07 15:54:10.261760',NULL,NULL,NULL,23,6),(117,'CLICK_BOOKING','2026-04-07 15:54:10.261760',NULL,NULL,NULL,23,6),(118,'VIEW_DETAILS','2026-04-29 15:54:10.272699',NULL,NULL,NULL,11,6),(119,'ADD_FAVORITE','2026-04-29 15:54:10.272699',NULL,NULL,NULL,11,6),(120,'CLICK_BOOKING','2026-04-29 15:54:10.272699',NULL,NULL,NULL,11,6),(121,'VIEW_DETAILS','2026-04-14 15:54:10.282377',NULL,NULL,NULL,48,6),(122,'ADD_FAVORITE','2026-04-14 15:54:10.282377',NULL,NULL,NULL,48,6),(123,'CLICK_BOOKING','2026-04-14 15:54:10.282377',NULL,NULL,NULL,48,6),(124,'VIEW_DETAILS','2026-05-22 15:54:10.293220',NULL,NULL,NULL,39,6),(125,'ADD_FAVORITE','2026-05-22 15:54:10.293220',NULL,NULL,NULL,39,6),(126,'CLICK_BOOKING','2026-05-22 15:54:10.293220',NULL,NULL,NULL,39,6),(127,'VIEW_DETAILS','2026-04-19 15:54:10.302427',NULL,NULL,NULL,27,6),(128,'ADD_FAVORITE','2026-04-19 15:54:10.302427',NULL,NULL,NULL,27,6),(129,'CLICK_BOOKING','2026-04-19 15:54:10.302427',NULL,NULL,NULL,27,6),(130,'VIEW_DETAILS','2026-04-17 15:54:10.309912',NULL,NULL,NULL,13,6),(131,'ADD_FAVORITE','2026-04-17 15:54:10.309912',NULL,NULL,NULL,13,6),(132,'CLICK_BOOKING','2026-04-17 15:54:10.309912',NULL,NULL,NULL,13,6),(133,'VIEW_DETAILS','2026-04-11 15:54:10.321714',NULL,NULL,NULL,11,6),(134,'ADD_FAVORITE','2026-04-11 15:54:10.321714',NULL,NULL,NULL,11,6),(135,'CLICK_BOOKING','2026-04-11 15:54:10.321714',NULL,NULL,NULL,11,6),(136,'VIEW_DETAILS','2026-04-14 15:54:10.329327',NULL,NULL,NULL,51,7),(137,'ADD_FAVORITE','2026-04-14 15:54:10.329327',NULL,NULL,NULL,51,7),(138,'CLICK_BOOKING','2026-04-14 15:54:10.329327',NULL,NULL,NULL,51,7),(139,'VIEW_DETAILS','2026-05-04 15:54:10.339497',NULL,NULL,NULL,11,7),(140,'ADD_FAVORITE','2026-05-04 15:54:10.339497',NULL,NULL,NULL,11,7),(141,'CLICK_BOOKING','2026-05-04 15:54:10.339497',NULL,NULL,NULL,11,7),(142,'VIEW_DETAILS','2026-04-23 15:54:10.345328',NULL,NULL,NULL,39,7),(143,'ADD_FAVORITE','2026-04-23 15:54:10.345328',NULL,NULL,NULL,39,7),(144,'CLICK_BOOKING','2026-04-23 15:54:10.345328',NULL,NULL,NULL,39,7),(145,'VIEW_DETAILS','2026-04-19 15:54:10.357009',NULL,NULL,NULL,1,7),(146,'ADD_FAVORITE','2026-04-19 15:54:10.357009',NULL,NULL,NULL,1,7),(147,'CLICK_BOOKING','2026-04-19 15:54:10.357009',NULL,NULL,NULL,1,7),(148,'VIEW_DETAILS','2026-04-13 15:54:10.366459',NULL,NULL,NULL,26,7),(149,'ADD_FAVORITE','2026-04-13 15:54:10.366459',NULL,NULL,NULL,26,7),(150,'CLICK_BOOKING','2026-04-13 15:54:10.366459',NULL,NULL,NULL,26,7),(151,'VIEW_DETAILS','2026-04-13 15:54:10.376850',NULL,NULL,NULL,13,7),(152,'ADD_FAVORITE','2026-04-13 15:54:10.376850',NULL,NULL,NULL,13,7),(153,'CLICK_BOOKING','2026-04-13 15:54:10.376850',NULL,NULL,NULL,13,7),(154,'VIEW_DETAILS','2026-04-11 15:54:10.388143',NULL,NULL,NULL,42,7),(155,'ADD_FAVORITE','2026-04-11 15:54:10.388143',NULL,NULL,NULL,42,7),(156,'CLICK_BOOKING','2026-04-11 15:54:10.388143',NULL,NULL,NULL,42,7),(157,'VIEW_DETAILS','2026-03-31 15:54:10.399297',NULL,NULL,NULL,48,7),(158,'ADD_FAVORITE','2026-03-31 15:54:10.399297',NULL,NULL,NULL,48,7),(159,'CLICK_BOOKING','2026-03-31 15:54:10.399297',NULL,NULL,NULL,48,7),(160,'VIEW_DETAILS','2026-04-17 15:54:10.409528',NULL,NULL,NULL,8,7),(161,'ADD_FAVORITE','2026-04-17 15:54:10.409528',NULL,NULL,NULL,8,7),(162,'CLICK_BOOKING','2026-04-17 15:54:10.409528',NULL,NULL,NULL,8,7),(163,'VIEW_DETAILS','2026-04-13 15:54:10.419620',NULL,NULL,NULL,48,8),(164,'ADD_FAVORITE','2026-04-13 15:54:10.419620',NULL,NULL,NULL,48,8),(165,'CLICK_BOOKING','2026-04-13 15:54:10.419620',NULL,NULL,NULL,48,8),(166,'VIEW_DETAILS','2026-04-06 15:54:10.428363',NULL,NULL,NULL,27,8),(167,'ADD_FAVORITE','2026-04-06 15:54:10.428363',NULL,NULL,NULL,27,8),(168,'CLICK_BOOKING','2026-04-06 15:54:10.428363',NULL,NULL,NULL,27,8),(169,'VIEW_DETAILS','2026-05-13 15:54:10.439262',NULL,NULL,NULL,26,8),(170,'ADD_FAVORITE','2026-05-13 15:54:10.439262',NULL,NULL,NULL,26,8),(171,'CLICK_BOOKING','2026-05-13 15:54:10.439262',NULL,NULL,NULL,26,8),(172,'VIEW_DETAILS','2026-04-20 15:54:10.448089',NULL,NULL,NULL,42,8),(173,'ADD_FAVORITE','2026-04-20 15:54:10.448089',NULL,NULL,NULL,42,8),(174,'CLICK_BOOKING','2026-04-20 15:54:10.448089',NULL,NULL,NULL,42,8),(175,'VIEW_DETAILS','2026-05-06 15:54:10.458309',NULL,NULL,NULL,1,8),(176,'ADD_FAVORITE','2026-05-06 15:54:10.458309',NULL,NULL,NULL,1,8),(177,'CLICK_BOOKING','2026-05-06 15:54:10.458309',NULL,NULL,NULL,1,8),(178,'VIEW_DETAILS','2026-04-09 15:54:10.468242',NULL,NULL,NULL,39,8),(179,'ADD_FAVORITE','2026-04-09 15:54:10.468242',NULL,NULL,NULL,39,8),(180,'CLICK_BOOKING','2026-04-09 15:54:10.468242',NULL,NULL,NULL,39,8),(181,'VIEW_DETAILS','2026-05-17 15:54:10.477646',NULL,NULL,NULL,23,8),(182,'ADD_FAVORITE','2026-05-17 15:54:10.477646',NULL,NULL,NULL,23,8),(183,'CLICK_BOOKING','2026-05-17 15:54:10.477646',NULL,NULL,NULL,23,8),(184,'VIEW_DETAILS','2026-04-08 15:54:10.488821',NULL,NULL,NULL,11,8),(185,'ADD_FAVORITE','2026-04-08 15:54:10.488821',NULL,NULL,NULL,11,8),(186,'CLICK_BOOKING','2026-04-08 15:54:10.488821',NULL,NULL,NULL,11,8),(187,'VIEW_DETAILS','2026-04-01 15:54:10.498302',NULL,NULL,NULL,8,8),(188,'ADD_FAVORITE','2026-04-01 15:54:10.498302',NULL,NULL,NULL,8,8),(189,'CLICK_BOOKING','2026-04-01 15:54:10.498302',NULL,NULL,NULL,8,8),(190,'VIEW_DETAILS','2026-04-23 15:54:10.509793',NULL,NULL,NULL,11,9),(191,'ADD_FAVORITE','2026-04-23 15:54:10.509793',NULL,NULL,NULL,11,9),(192,'CLICK_BOOKING','2026-04-23 15:54:10.509793',NULL,NULL,NULL,11,9),(193,'VIEW_DETAILS','2026-03-30 15:54:10.522288',NULL,NULL,NULL,11,9),(194,'ADD_FAVORITE','2026-03-30 15:54:10.522288',NULL,NULL,NULL,11,9),(195,'CLICK_BOOKING','2026-03-30 15:54:10.522288',NULL,NULL,NULL,11,9),(196,'VIEW_DETAILS','2026-04-16 15:54:10.531821',NULL,NULL,NULL,23,9),(197,'ADD_FAVORITE','2026-04-16 15:54:10.531821',NULL,NULL,NULL,23,9),(198,'CLICK_BOOKING','2026-04-16 15:54:10.531821',NULL,NULL,NULL,23,9),(199,'VIEW_DETAILS','2026-05-02 15:54:10.542679',NULL,NULL,NULL,42,9),(200,'ADD_FAVORITE','2026-05-02 15:54:10.542679',NULL,NULL,NULL,42,9),(201,'CLICK_BOOKING','2026-05-02 15:54:10.542679',NULL,NULL,NULL,42,9),(202,'VIEW_DETAILS','2026-04-11 15:54:10.553938',NULL,NULL,NULL,26,9),(203,'ADD_FAVORITE','2026-04-11 15:54:10.553938',NULL,NULL,NULL,26,9),(204,'CLICK_BOOKING','2026-04-11 15:54:10.553938',NULL,NULL,NULL,26,9),(205,'VIEW_DETAILS','2026-04-18 15:54:10.562467',NULL,NULL,NULL,51,9),(206,'ADD_FAVORITE','2026-04-18 15:54:10.562467',NULL,NULL,NULL,51,9),(207,'CLICK_BOOKING','2026-04-18 15:54:10.562467',NULL,NULL,NULL,51,9),(208,'VIEW_DETAILS','2026-04-15 15:54:10.566989',NULL,NULL,NULL,13,9),(209,'ADD_FAVORITE','2026-04-15 15:54:10.566989',NULL,NULL,NULL,13,9),(210,'CLICK_BOOKING','2026-04-15 15:54:10.566989',NULL,NULL,NULL,13,9),(211,'VIEW_DETAILS','2026-04-04 15:54:10.588824',NULL,NULL,NULL,8,9),(212,'ADD_FAVORITE','2026-04-04 15:54:10.588824',NULL,NULL,NULL,8,9),(213,'CLICK_BOOKING','2026-04-04 15:54:10.588824',NULL,NULL,NULL,8,9),(214,'VIEW_DETAILS','2026-05-04 15:54:10.601476',NULL,NULL,NULL,1,9),(215,'ADD_FAVORITE','2026-05-04 15:54:10.601476',NULL,NULL,NULL,1,9),(216,'CLICK_BOOKING','2026-05-04 15:54:10.601476',NULL,NULL,NULL,1,9),(217,'VIEW_DETAILS','2026-05-18 15:54:10.614723',NULL,NULL,NULL,23,10),(218,'ADD_FAVORITE','2026-05-18 15:54:10.614723',NULL,NULL,NULL,23,10),(219,'CLICK_BOOKING','2026-05-18 15:54:10.614723',NULL,NULL,NULL,23,10),(220,'VIEW_DETAILS','2026-05-20 15:54:10.628386',NULL,NULL,NULL,26,10),(221,'ADD_FAVORITE','2026-05-20 15:54:10.628386',NULL,NULL,NULL,26,10),(222,'CLICK_BOOKING','2026-05-20 15:54:10.628386',NULL,NULL,NULL,26,10),(223,'VIEW_DETAILS','2026-04-18 15:54:10.643662',NULL,NULL,NULL,42,10),(224,'ADD_FAVORITE','2026-04-18 15:54:10.643662',NULL,NULL,NULL,42,10),(225,'CLICK_BOOKING','2026-04-18 15:54:10.643662',NULL,NULL,NULL,42,10),(226,'VIEW_DETAILS','2026-05-10 15:54:10.659607',NULL,NULL,NULL,8,10),(227,'ADD_FAVORITE','2026-05-10 15:54:10.659607',NULL,NULL,NULL,8,10),(228,'CLICK_BOOKING','2026-05-10 15:54:10.659607',NULL,NULL,NULL,8,10),(229,'VIEW_DETAILS','2026-04-20 15:54:10.673002',NULL,NULL,NULL,11,10),(230,'ADD_FAVORITE','2026-04-20 15:54:10.673002',NULL,NULL,NULL,11,10),(231,'CLICK_BOOKING','2026-04-20 15:54:10.673002',NULL,NULL,NULL,11,10),(232,'VIEW_DETAILS','2026-05-10 15:54:10.684780',NULL,NULL,NULL,27,10),(233,'ADD_FAVORITE','2026-05-10 15:54:10.684780',NULL,NULL,NULL,27,10),(234,'CLICK_BOOKING','2026-05-10 15:54:10.684780',NULL,NULL,NULL,27,10),(235,'VIEW_DETAILS','2026-04-26 15:54:10.697486',NULL,NULL,NULL,1,10),(236,'ADD_FAVORITE','2026-04-26 15:54:10.697486',NULL,NULL,NULL,1,10),(237,'CLICK_BOOKING','2026-04-26 15:54:10.697486',NULL,NULL,NULL,1,10),(238,'VIEW_DETAILS','2026-04-26 15:54:10.710116',NULL,NULL,NULL,13,10),(239,'ADD_FAVORITE','2026-04-26 15:54:10.710116',NULL,NULL,NULL,13,10),(240,'CLICK_BOOKING','2026-04-26 15:54:10.710116',NULL,NULL,NULL,13,10),(241,'VIEW_DETAILS','2026-05-19 15:54:10.724317',NULL,NULL,NULL,48,10),(242,'ADD_FAVORITE','2026-05-19 15:54:10.724317',NULL,NULL,NULL,48,10),(243,'CLICK_BOOKING','2026-05-19 15:54:10.724317',NULL,NULL,NULL,48,10),(244,'VIEW_DETAILS','2026-04-20 15:54:10.739640',NULL,NULL,NULL,26,11),(245,'ADD_FAVORITE','2026-04-20 15:54:10.739640',NULL,NULL,NULL,26,11),(246,'CLICK_BOOKING','2026-04-20 15:54:10.739640',NULL,NULL,NULL,26,11),(247,'VIEW_DETAILS','2026-05-10 15:54:10.756063',NULL,NULL,NULL,13,11),(248,'ADD_FAVORITE','2026-05-10 15:54:10.756063',NULL,NULL,NULL,13,11),(249,'CLICK_BOOKING','2026-05-10 15:54:10.756063',NULL,NULL,NULL,13,11),(250,'VIEW_DETAILS','2026-04-25 15:54:10.773849',NULL,NULL,NULL,23,11),(251,'ADD_FAVORITE','2026-04-25 15:54:10.773849',NULL,NULL,NULL,23,11),(252,'CLICK_BOOKING','2026-04-25 15:54:10.773849',NULL,NULL,NULL,23,11),(253,'VIEW_DETAILS','2026-05-10 15:54:10.792137',NULL,NULL,NULL,1,11),(254,'ADD_FAVORITE','2026-05-10 15:54:10.792137',NULL,NULL,NULL,1,11),(255,'CLICK_BOOKING','2026-05-10 15:54:10.792137',NULL,NULL,NULL,1,11),(256,'VIEW_DETAILS','2026-03-31 15:54:10.809101',NULL,NULL,NULL,42,11),(257,'ADD_FAVORITE','2026-03-31 15:54:10.809101',NULL,NULL,NULL,42,11),(258,'CLICK_BOOKING','2026-03-31 15:54:10.809101',NULL,NULL,NULL,42,11),(259,'VIEW_DETAILS','2026-04-06 15:54:10.827520',NULL,NULL,NULL,11,11),(260,'ADD_FAVORITE','2026-04-06 15:54:10.827520',NULL,NULL,NULL,11,11),(261,'CLICK_BOOKING','2026-04-06 15:54:10.827520',NULL,NULL,NULL,11,11),(262,'VIEW_DETAILS','2026-05-11 15:54:10.844031',NULL,NULL,NULL,8,11),(263,'ADD_FAVORITE','2026-05-11 15:54:10.844031',NULL,NULL,NULL,8,11),(264,'CLICK_BOOKING','2026-05-11 15:54:10.844031',NULL,NULL,NULL,8,11),(265,'VIEW_DETAILS','2026-05-05 15:54:10.858696',NULL,NULL,NULL,48,11),(266,'ADD_FAVORITE','2026-05-05 15:54:10.858696',NULL,NULL,NULL,48,11),(267,'CLICK_BOOKING','2026-05-05 15:54:10.858696',NULL,NULL,NULL,48,11),(268,'VIEW_DETAILS','2026-04-29 15:54:10.877434',NULL,NULL,NULL,11,11),(269,'ADD_FAVORITE','2026-04-29 15:54:10.877434',NULL,NULL,NULL,11,11),(270,'CLICK_BOOKING','2026-04-29 15:54:10.877434',NULL,NULL,NULL,11,11),(271,'VIEW_DETAILS','2026-05-21 15:54:10.894047',NULL,NULL,NULL,12,12),(272,'ADD_FAVORITE','2026-05-21 15:54:10.894047',NULL,NULL,NULL,12,12),(273,'CLICK_BOOKING','2026-05-21 15:54:10.894047',NULL,NULL,NULL,12,12),(274,'VIEW_DETAILS','2026-05-05 15:54:10.915050',NULL,NULL,NULL,9,12),(275,'ADD_FAVORITE','2026-05-05 15:54:10.915050',NULL,NULL,NULL,9,12),(276,'CLICK_BOOKING','2026-05-05 15:54:10.915050',NULL,NULL,NULL,9,12),(277,'VIEW_DETAILS','2026-04-26 15:54:10.927999',NULL,NULL,NULL,20,12),(278,'ADD_FAVORITE','2026-04-26 15:54:10.927999',NULL,NULL,NULL,20,12),(279,'CLICK_BOOKING','2026-04-26 15:54:10.927999',NULL,NULL,NULL,20,12),(280,'VIEW_DETAILS','2026-04-12 15:54:10.941021',NULL,NULL,NULL,59,12),(281,'ADD_FAVORITE','2026-04-12 15:54:10.941021',NULL,NULL,NULL,59,12),(282,'CLICK_BOOKING','2026-04-12 15:54:10.941021',NULL,NULL,NULL,59,12),(283,'VIEW_DETAILS','2026-04-22 15:54:10.953602',NULL,NULL,NULL,57,12),(284,'ADD_FAVORITE','2026-04-22 15:54:10.953602',NULL,NULL,NULL,57,12),(285,'CLICK_BOOKING','2026-04-22 15:54:10.953602',NULL,NULL,NULL,57,12),(286,'VIEW_DETAILS','2026-04-27 15:54:10.965826',NULL,NULL,NULL,28,12),(287,'ADD_FAVORITE','2026-04-27 15:54:10.965826',NULL,NULL,NULL,28,12),(288,'CLICK_BOOKING','2026-04-27 15:54:10.965826',NULL,NULL,NULL,28,12),(289,'VIEW_DETAILS','2026-05-02 15:54:10.980063',NULL,NULL,NULL,3,12),(290,'ADD_FAVORITE','2026-05-02 15:54:10.980063',NULL,NULL,NULL,3,12),(291,'CLICK_BOOKING','2026-05-02 15:54:10.980063',NULL,NULL,NULL,3,12),(292,'VIEW_DETAILS','2026-05-21 15:54:11.000169',NULL,NULL,NULL,50,12),(293,'ADD_FAVORITE','2026-05-21 15:54:11.000169',NULL,NULL,NULL,50,12),(294,'CLICK_BOOKING','2026-05-21 15:54:11.000169',NULL,NULL,NULL,50,12),(295,'VIEW_DETAILS','2026-05-08 15:54:11.016436',NULL,NULL,NULL,12,13),(296,'ADD_FAVORITE','2026-05-08 15:54:11.016436',NULL,NULL,NULL,12,13),(297,'CLICK_BOOKING','2026-05-08 15:54:11.016436',NULL,NULL,NULL,12,13),(298,'VIEW_DETAILS','2026-04-07 15:54:11.032446',NULL,NULL,NULL,9,13),(299,'ADD_FAVORITE','2026-04-07 15:54:11.032446',NULL,NULL,NULL,9,13),(300,'CLICK_BOOKING','2026-04-07 15:54:11.032446',NULL,NULL,NULL,9,13),(301,'VIEW_DETAILS','2026-04-27 15:54:11.047587',NULL,NULL,NULL,3,13),(302,'ADD_FAVORITE','2026-04-27 15:54:11.047587',NULL,NULL,NULL,3,13),(303,'CLICK_BOOKING','2026-04-27 15:54:11.047587',NULL,NULL,NULL,3,13),(304,'VIEW_DETAILS','2026-04-08 15:54:11.061779',NULL,NULL,NULL,50,13),(305,'ADD_FAVORITE','2026-04-08 15:54:11.061779',NULL,NULL,NULL,50,13),(306,'CLICK_BOOKING','2026-04-08 15:54:11.061779',NULL,NULL,NULL,50,13),(307,'VIEW_DETAILS','2026-05-11 15:54:11.078849',NULL,NULL,NULL,31,13),(308,'ADD_FAVORITE','2026-05-11 15:54:11.078849',NULL,NULL,NULL,31,13),(309,'CLICK_BOOKING','2026-05-11 15:54:11.078849',NULL,NULL,NULL,31,13),(310,'VIEW_DETAILS','2026-04-09 15:54:11.092935',NULL,NULL,NULL,43,13),(311,'ADD_FAVORITE','2026-04-09 15:54:11.092935',NULL,NULL,NULL,43,13),(312,'CLICK_BOOKING','2026-04-09 15:54:11.092935',NULL,NULL,NULL,43,13),(313,'VIEW_DETAILS','2026-05-05 15:54:11.104854',NULL,NULL,NULL,28,13),(314,'ADD_FAVORITE','2026-05-05 15:54:11.104854',NULL,NULL,NULL,28,13),(315,'CLICK_BOOKING','2026-05-05 15:54:11.104854',NULL,NULL,NULL,28,13),(316,'VIEW_DETAILS','2026-04-24 15:54:11.115625',NULL,NULL,NULL,57,13),(317,'ADD_FAVORITE','2026-04-24 15:54:11.115625',NULL,NULL,NULL,57,13),(318,'CLICK_BOOKING','2026-04-24 15:54:11.115625',NULL,NULL,NULL,57,13),(319,'VIEW_DETAILS','2026-03-31 15:54:11.126523',NULL,NULL,NULL,59,14),(320,'ADD_FAVORITE','2026-03-31 15:54:11.126523',NULL,NULL,NULL,59,14),(321,'CLICK_BOOKING','2026-03-31 15:54:11.126523',NULL,NULL,NULL,59,14),(322,'VIEW_DETAILS','2026-05-14 15:54:11.136950',NULL,NULL,NULL,28,14),(323,'ADD_FAVORITE','2026-05-14 15:54:11.136950',NULL,NULL,NULL,28,14),(324,'CLICK_BOOKING','2026-05-14 15:54:11.136950',NULL,NULL,NULL,28,14),(325,'VIEW_DETAILS','2026-04-06 15:54:11.145994',NULL,NULL,NULL,50,14),(326,'ADD_FAVORITE','2026-04-06 15:54:11.145994',NULL,NULL,NULL,50,14),(327,'CLICK_BOOKING','2026-04-06 15:54:11.145994',NULL,NULL,NULL,50,14),(328,'VIEW_DETAILS','2026-04-03 15:54:11.158720',NULL,NULL,NULL,20,14),(329,'ADD_FAVORITE','2026-04-03 15:54:11.158720',NULL,NULL,NULL,20,14),(330,'CLICK_BOOKING','2026-04-03 15:54:11.158720',NULL,NULL,NULL,20,14),(334,'VIEW_DETAILS','2026-03-29 15:54:11.177595',NULL,NULL,NULL,9,14),(335,'ADD_FAVORITE','2026-03-29 15:54:11.177595',NULL,NULL,NULL,9,14),(336,'CLICK_BOOKING','2026-03-29 15:54:11.177595',NULL,NULL,NULL,9,14),(337,'VIEW_DETAILS','2026-05-08 15:54:11.192740',NULL,NULL,NULL,31,14),(338,'ADD_FAVORITE','2026-05-08 15:54:11.192740',NULL,NULL,NULL,31,14),(339,'CLICK_BOOKING','2026-05-08 15:54:11.192740',NULL,NULL,NULL,31,14),(340,'VIEW_DETAILS','2026-05-13 15:54:11.206773',NULL,NULL,NULL,3,14),(341,'ADD_FAVORITE','2026-05-13 15:54:11.206773',NULL,NULL,NULL,3,14),(342,'CLICK_BOOKING','2026-05-13 15:54:11.206773',NULL,NULL,NULL,3,14),(343,'VIEW_DETAILS','2026-04-10 15:54:11.220539',NULL,NULL,NULL,50,15),(344,'ADD_FAVORITE','2026-04-10 15:54:11.220539',NULL,NULL,NULL,50,15),(345,'CLICK_BOOKING','2026-04-10 15:54:11.220539',NULL,NULL,NULL,50,15),(346,'VIEW_DETAILS','2026-05-03 15:54:11.236513',NULL,NULL,NULL,12,15),(347,'ADD_FAVORITE','2026-05-03 15:54:11.236513',NULL,NULL,NULL,12,15),(348,'CLICK_BOOKING','2026-05-03 15:54:11.236513',NULL,NULL,NULL,12,15),(349,'VIEW_DETAILS','2026-03-30 15:54:11.247515',NULL,NULL,NULL,3,15),(350,'ADD_FAVORITE','2026-03-30 15:54:11.247515',NULL,NULL,NULL,3,15),(351,'CLICK_BOOKING','2026-03-30 15:54:11.247515',NULL,NULL,NULL,3,15),(355,'VIEW_DETAILS','2026-04-01 15:54:11.270311',NULL,NULL,NULL,59,15),(356,'ADD_FAVORITE','2026-04-01 15:54:11.270311',NULL,NULL,NULL,59,15),(357,'CLICK_BOOKING','2026-04-01 15:54:11.270311',NULL,NULL,NULL,59,15),(358,'VIEW_DETAILS','2026-04-09 15:54:11.279188',NULL,NULL,NULL,28,15),(359,'ADD_FAVORITE','2026-04-09 15:54:11.279188',NULL,NULL,NULL,28,15),(360,'CLICK_BOOKING','2026-04-09 15:54:11.279188',NULL,NULL,NULL,28,15),(361,'VIEW_DETAILS','2026-04-15 15:54:11.293309',NULL,NULL,NULL,9,15),(362,'ADD_FAVORITE','2026-04-15 15:54:11.293309',NULL,NULL,NULL,9,15),(363,'CLICK_BOOKING','2026-04-15 15:54:11.293309',NULL,NULL,NULL,9,15),(364,'VIEW_DETAILS','2026-04-25 15:54:11.307690',NULL,NULL,NULL,20,15),(365,'ADD_FAVORITE','2026-04-25 15:54:11.307690',NULL,NULL,NULL,20,15),(366,'CLICK_BOOKING','2026-04-25 15:54:11.307690',NULL,NULL,NULL,20,15),(367,'VIEW_DETAILS','2026-03-30 15:54:11.322390',NULL,NULL,NULL,57,16),(368,'ADD_FAVORITE','2026-03-30 15:54:11.322390',NULL,NULL,NULL,57,16),(369,'CLICK_BOOKING','2026-03-30 15:54:11.322390',NULL,NULL,NULL,57,16),(370,'VIEW_DETAILS','2026-04-16 15:54:11.337827',NULL,NULL,NULL,31,16),(371,'ADD_FAVORITE','2026-04-16 15:54:11.337827',NULL,NULL,NULL,31,16),(372,'CLICK_BOOKING','2026-04-16 15:54:11.337827',NULL,NULL,NULL,31,16),(376,'VIEW_DETAILS','2026-05-06 15:54:11.366325',NULL,NULL,NULL,20,16),(377,'ADD_FAVORITE','2026-05-06 15:54:11.366325',NULL,NULL,NULL,20,16),(378,'CLICK_BOOKING','2026-05-06 15:54:11.366325',NULL,NULL,NULL,20,16),(379,'VIEW_DETAILS','2026-05-21 15:54:11.381279',NULL,NULL,NULL,9,16),(380,'ADD_FAVORITE','2026-05-21 15:54:11.381279',NULL,NULL,NULL,9,16),(381,'CLICK_BOOKING','2026-05-21 15:54:11.381279',NULL,NULL,NULL,9,16),(382,'VIEW_DETAILS','2026-04-03 15:54:11.396372',NULL,NULL,NULL,59,16),(383,'ADD_FAVORITE','2026-04-03 15:54:11.396372',NULL,NULL,NULL,59,16),(384,'CLICK_BOOKING','2026-04-03 15:54:11.396372',NULL,NULL,NULL,59,16),(385,'VIEW_DETAILS','2026-05-02 15:54:11.412464',NULL,NULL,NULL,50,16),(386,'ADD_FAVORITE','2026-05-02 15:54:11.412464',NULL,NULL,NULL,50,16),(387,'CLICK_BOOKING','2026-05-02 15:54:11.412464',NULL,NULL,NULL,50,16),(388,'VIEW_DETAILS','2026-04-19 15:54:11.425957',NULL,NULL,NULL,28,16),(389,'ADD_FAVORITE','2026-04-19 15:54:11.425957',NULL,NULL,NULL,28,16),(390,'CLICK_BOOKING','2026-04-19 15:54:11.425957',NULL,NULL,NULL,28,16),(391,'VIEW_DETAILS','2026-04-17 15:54:11.439127',NULL,NULL,NULL,28,17),(392,'ADD_FAVORITE','2026-04-17 15:54:11.439127',NULL,NULL,NULL,28,17),(393,'CLICK_BOOKING','2026-04-17 15:54:11.439127',NULL,NULL,NULL,28,17),(397,'VIEW_DETAILS','2026-05-03 15:54:11.464894',NULL,NULL,NULL,59,17),(398,'ADD_FAVORITE','2026-05-03 15:54:11.464894',NULL,NULL,NULL,59,17),(399,'CLICK_BOOKING','2026-05-03 15:54:11.464894',NULL,NULL,NULL,59,17),(400,'VIEW_DETAILS','2026-04-14 15:54:11.475922',NULL,NULL,NULL,9,17),(401,'ADD_FAVORITE','2026-04-14 15:54:11.475922',NULL,NULL,NULL,9,17),(402,'CLICK_BOOKING','2026-04-14 15:54:11.475922',NULL,NULL,NULL,9,17),(403,'VIEW_DETAILS','2026-04-18 15:54:11.488244',NULL,NULL,NULL,57,17),(404,'ADD_FAVORITE','2026-04-18 15:54:11.488244',NULL,NULL,NULL,57,17),(405,'CLICK_BOOKING','2026-04-18 15:54:11.488244',NULL,NULL,NULL,57,17),(406,'VIEW_DETAILS','2026-05-13 15:54:11.499601',NULL,NULL,NULL,31,17),(407,'ADD_FAVORITE','2026-05-13 15:54:11.499601',NULL,NULL,NULL,31,17),(408,'CLICK_BOOKING','2026-05-13 15:54:11.499601',NULL,NULL,NULL,31,17),(409,'VIEW_DETAILS','2026-05-19 15:54:11.510302',NULL,NULL,NULL,3,17),(410,'ADD_FAVORITE','2026-05-19 15:54:11.510302',NULL,NULL,NULL,3,17),(411,'CLICK_BOOKING','2026-05-19 15:54:11.510302',NULL,NULL,NULL,3,17),(412,'VIEW_DETAILS','2026-05-14 15:54:11.521305',NULL,NULL,NULL,12,17),(413,'ADD_FAVORITE','2026-05-14 15:54:11.521305',NULL,NULL,NULL,12,17),(414,'CLICK_BOOKING','2026-05-14 15:54:11.521305',NULL,NULL,NULL,12,17),(415,'VIEW_DETAILS','2026-04-03 15:54:11.530798',NULL,NULL,NULL,50,18),(416,'ADD_FAVORITE','2026-04-03 15:54:11.530798',NULL,NULL,NULL,50,18),(417,'CLICK_BOOKING','2026-04-03 15:54:11.530798',NULL,NULL,NULL,50,18),(418,'VIEW_DETAILS','2026-03-30 15:54:11.541968',NULL,NULL,NULL,3,18),(419,'ADD_FAVORITE','2026-03-30 15:54:11.541968',NULL,NULL,NULL,3,18),(420,'CLICK_BOOKING','2026-03-30 15:54:11.541968',NULL,NULL,NULL,3,18),(421,'VIEW_DETAILS','2026-04-18 15:54:11.551840',NULL,NULL,NULL,28,18),(422,'ADD_FAVORITE','2026-04-18 15:54:11.551840',NULL,NULL,NULL,28,18),(423,'CLICK_BOOKING','2026-04-18 15:54:11.551840',NULL,NULL,NULL,28,18),(424,'VIEW_DETAILS','2026-04-02 15:54:11.560746',NULL,NULL,NULL,57,18),(425,'ADD_FAVORITE','2026-04-02 15:54:11.560746',NULL,NULL,NULL,57,18),(426,'CLICK_BOOKING','2026-04-02 15:54:11.560746',NULL,NULL,NULL,57,18),(427,'VIEW_DETAILS','2026-05-06 15:54:11.571369',NULL,NULL,NULL,31,18),(428,'ADD_FAVORITE','2026-05-06 15:54:11.571369',NULL,NULL,NULL,31,18),(429,'CLICK_BOOKING','2026-05-06 15:54:11.571369',NULL,NULL,NULL,31,18),(430,'VIEW_DETAILS','2026-04-01 15:54:11.579953',NULL,NULL,NULL,9,18),(431,'ADD_FAVORITE','2026-04-01 15:54:11.579953',NULL,NULL,NULL,9,18),(432,'CLICK_BOOKING','2026-04-01 15:54:11.579953',NULL,NULL,NULL,9,18),(433,'VIEW_DETAILS','2026-04-12 15:54:11.593805',NULL,NULL,NULL,43,18),(434,'ADD_FAVORITE','2026-04-12 15:54:11.593805',NULL,NULL,NULL,43,18),(435,'CLICK_BOOKING','2026-04-12 15:54:11.593805',NULL,NULL,NULL,43,18),(436,'VIEW_DETAILS','2026-05-11 15:54:11.604338',NULL,NULL,NULL,59,18),(437,'ADD_FAVORITE','2026-05-11 15:54:11.604338',NULL,NULL,NULL,59,18),(438,'CLICK_BOOKING','2026-05-11 15:54:11.604338',NULL,NULL,NULL,59,18),(439,'VIEW_DETAILS','2026-05-19 15:54:11.636441',NULL,NULL,NULL,20,19),(440,'ADD_FAVORITE','2026-05-19 15:54:11.636441',NULL,NULL,NULL,20,19),(441,'CLICK_BOOKING','2026-05-19 15:54:11.636441',NULL,NULL,NULL,20,19),(442,'VIEW_DETAILS','2026-05-13 15:54:11.648132',NULL,NULL,NULL,31,19),(443,'ADD_FAVORITE','2026-05-13 15:54:11.648132',NULL,NULL,NULL,31,19),(444,'CLICK_BOOKING','2026-05-13 15:54:11.648132',NULL,NULL,NULL,31,19),(445,'VIEW_DETAILS','2026-05-21 15:54:11.658717',NULL,NULL,NULL,43,19),(446,'ADD_FAVORITE','2026-05-21 15:54:11.658717',NULL,NULL,NULL,43,19),(447,'CLICK_BOOKING','2026-05-21 15:54:11.658717',NULL,NULL,NULL,43,19),(448,'VIEW_DETAILS','2026-04-23 15:54:11.669489',NULL,NULL,NULL,3,19),(449,'ADD_FAVORITE','2026-04-23 15:54:11.669489',NULL,NULL,NULL,3,19),(450,'CLICK_BOOKING','2026-04-23 15:54:11.669489',NULL,NULL,NULL,3,19),(454,'VIEW_DETAILS','2026-04-29 15:54:11.695365',NULL,NULL,NULL,59,19),(455,'ADD_FAVORITE','2026-04-29 15:54:11.695365',NULL,NULL,NULL,59,19),(456,'CLICK_BOOKING','2026-04-29 15:54:11.695365',NULL,NULL,NULL,59,19),(457,'VIEW_DETAILS','2026-04-21 15:54:11.706726',NULL,NULL,NULL,57,19),(458,'ADD_FAVORITE','2026-04-21 15:54:11.706726',NULL,NULL,NULL,57,19),(459,'CLICK_BOOKING','2026-04-21 15:54:11.706726',NULL,NULL,NULL,57,19),(460,'VIEW_DETAILS','2026-05-01 15:54:11.717567',NULL,NULL,NULL,28,19),(461,'ADD_FAVORITE','2026-05-01 15:54:11.717567',NULL,NULL,NULL,28,19),(462,'CLICK_BOOKING','2026-05-01 15:54:11.717567',NULL,NULL,NULL,28,19),(463,'VIEW_DETAILS','2026-04-06 15:54:11.726516',NULL,NULL,NULL,20,20),(464,'ADD_FAVORITE','2026-04-06 15:54:11.726516',NULL,NULL,NULL,20,20),(465,'CLICK_BOOKING','2026-04-06 15:54:11.726516',NULL,NULL,NULL,20,20),(466,'VIEW_DETAILS','2026-05-01 15:54:11.736913',NULL,NULL,NULL,57,20),(467,'ADD_FAVORITE','2026-05-01 15:54:11.736913',NULL,NULL,NULL,57,20),(468,'CLICK_BOOKING','2026-05-01 15:54:11.736913',NULL,NULL,NULL,57,20),(469,'VIEW_DETAILS','2026-04-22 15:54:11.744469',NULL,NULL,NULL,9,20),(470,'ADD_FAVORITE','2026-04-22 15:54:11.744469',NULL,NULL,NULL,9,20),(471,'CLICK_BOOKING','2026-04-22 15:54:11.744469',NULL,NULL,NULL,9,20),(472,'VIEW_DETAILS','2026-05-19 15:54:11.752845',NULL,NULL,NULL,50,20),(473,'ADD_FAVORITE','2026-05-19 15:54:11.752845',NULL,NULL,NULL,50,20),(474,'CLICK_BOOKING','2026-05-19 15:54:11.752845',NULL,NULL,NULL,50,20),(475,'VIEW_DETAILS','2026-04-12 15:54:11.764273',NULL,NULL,NULL,31,20),(476,'ADD_FAVORITE','2026-04-12 15:54:11.764273',NULL,NULL,NULL,31,20),(477,'CLICK_BOOKING','2026-04-12 15:54:11.764273',NULL,NULL,NULL,31,20),(478,'VIEW_DETAILS','2026-05-09 15:54:11.773483',NULL,NULL,NULL,43,20),(479,'ADD_FAVORITE','2026-05-09 15:54:11.773483',NULL,NULL,NULL,43,20),(480,'CLICK_BOOKING','2026-05-09 15:54:11.773483',NULL,NULL,NULL,43,20),(481,'VIEW_DETAILS','2026-05-01 15:54:11.781704',NULL,NULL,NULL,3,20),(482,'ADD_FAVORITE','2026-05-01 15:54:11.781704',NULL,NULL,NULL,3,20),(483,'CLICK_BOOKING','2026-05-01 15:54:11.781704',NULL,NULL,NULL,3,20),(484,'VIEW_DETAILS','2026-05-19 15:54:11.791673',NULL,NULL,NULL,28,20),(485,'ADD_FAVORITE','2026-05-19 15:54:11.791673',NULL,NULL,NULL,28,20),(486,'CLICK_BOOKING','2026-05-19 15:54:11.791673',NULL,NULL,NULL,28,20),(487,'VIEW_DETAILS','2026-05-05 15:54:11.800598',NULL,NULL,NULL,28,21),(488,'ADD_FAVORITE','2026-05-05 15:54:11.800598',NULL,NULL,NULL,28,21),(489,'CLICK_BOOKING','2026-05-05 15:54:11.800598',NULL,NULL,NULL,28,21),(493,'VIEW_DETAILS','2026-04-03 15:54:11.820692',NULL,NULL,NULL,31,21),(494,'ADD_FAVORITE','2026-04-03 15:54:11.820692',NULL,NULL,NULL,31,21),(495,'CLICK_BOOKING','2026-04-03 15:54:11.820692',NULL,NULL,NULL,31,21),(496,'VIEW_DETAILS','2026-04-02 15:54:11.829582',NULL,NULL,NULL,3,21),(497,'ADD_FAVORITE','2026-04-02 15:54:11.829582',NULL,NULL,NULL,3,21),(498,'CLICK_BOOKING','2026-04-02 15:54:11.829582',NULL,NULL,NULL,3,21),(499,'VIEW_DETAILS','2026-04-25 15:54:11.842732',NULL,NULL,NULL,43,21),(500,'ADD_FAVORITE','2026-04-25 15:54:11.842732',NULL,NULL,NULL,43,21),(501,'CLICK_BOOKING','2026-04-25 15:54:11.842732',NULL,NULL,NULL,43,21),(502,'VIEW_DETAILS','2026-04-11 15:54:11.854115',NULL,NULL,NULL,57,21),(503,'ADD_FAVORITE','2026-04-11 15:54:11.854115',NULL,NULL,NULL,57,21),(504,'CLICK_BOOKING','2026-04-11 15:54:11.854115',NULL,NULL,NULL,57,21),(505,'VIEW_DETAILS','2026-04-21 15:54:11.862244',NULL,NULL,NULL,9,21),(506,'ADD_FAVORITE','2026-04-21 15:54:11.862244',NULL,NULL,NULL,9,21),(507,'CLICK_BOOKING','2026-04-21 15:54:11.862244',NULL,NULL,NULL,9,21),(508,'VIEW_DETAILS','2026-05-14 15:54:11.875364',NULL,NULL,NULL,50,21),(509,'ADD_FAVORITE','2026-05-14 15:54:11.875364',NULL,NULL,NULL,50,21),(510,'CLICK_BOOKING','2026-05-14 15:54:11.875364',NULL,NULL,NULL,50,21),(511,'VIEW_DETAILS','2026-04-18 15:54:11.885159',NULL,NULL,NULL,35,22),(512,'ADD_FAVORITE','2026-04-18 15:54:11.885159',NULL,NULL,NULL,35,22),(513,'CLICK_BOOKING','2026-04-18 15:54:11.885159',NULL,NULL,NULL,35,22),(517,'VIEW_DETAILS','2026-05-09 15:54:11.906403',NULL,NULL,NULL,40,22),(518,'ADD_FAVORITE','2026-05-09 15:54:11.906403',NULL,NULL,NULL,40,22),(519,'CLICK_BOOKING','2026-05-09 15:54:11.906403',NULL,NULL,NULL,40,22),(520,'VIEW_DETAILS','2026-04-08 15:54:11.914280',NULL,NULL,NULL,19,22),(521,'ADD_FAVORITE','2026-04-08 15:54:11.914280',NULL,NULL,NULL,19,22),(522,'CLICK_BOOKING','2026-04-08 15:54:11.914280',NULL,NULL,NULL,19,22),(526,'VIEW_DETAILS','2026-04-05 15:54:11.934749',NULL,NULL,NULL,32,22),(527,'ADD_FAVORITE','2026-04-05 15:54:11.934749',NULL,NULL,NULL,32,22),(528,'CLICK_BOOKING','2026-04-05 15:54:11.934749',NULL,NULL,NULL,32,22),(529,'VIEW_DETAILS','2026-04-17 15:54:11.944724',NULL,NULL,NULL,4,22),(530,'ADD_FAVORITE','2026-04-17 15:54:11.944724',NULL,NULL,NULL,4,22),(531,'CLICK_BOOKING','2026-04-17 15:54:11.944724',NULL,NULL,NULL,4,22),(532,'VIEW_DETAILS','2026-04-22 15:54:11.954916',NULL,NULL,NULL,58,22),(533,'ADD_FAVORITE','2026-04-22 15:54:11.954916',NULL,NULL,NULL,58,22),(534,'CLICK_BOOKING','2026-04-22 15:54:11.954916',NULL,NULL,NULL,58,22),(535,'VIEW_DETAILS','2026-04-20 15:54:11.962097',NULL,NULL,NULL,35,23),(536,'ADD_FAVORITE','2026-04-20 15:54:11.962097',NULL,NULL,NULL,35,23),(537,'CLICK_BOOKING','2026-04-20 15:54:11.962097',NULL,NULL,NULL,35,23),(544,'VIEW_DETAILS','2026-05-01 15:54:11.987265',NULL,NULL,NULL,6,23),(545,'ADD_FAVORITE','2026-05-01 15:54:11.987265',NULL,NULL,NULL,6,23),(546,'CLICK_BOOKING','2026-05-01 15:54:11.987265',NULL,NULL,NULL,6,23),(550,'VIEW_DETAILS','2026-04-02 15:54:12.008872',NULL,NULL,NULL,32,23),(551,'ADD_FAVORITE','2026-04-02 15:54:12.008872',NULL,NULL,NULL,32,23),(552,'CLICK_BOOKING','2026-04-02 15:54:12.008872',NULL,NULL,NULL,32,23),(553,'VIEW_DETAILS','2026-04-11 15:54:12.017957',NULL,NULL,NULL,60,23),(554,'ADD_FAVORITE','2026-04-11 15:54:12.017957',NULL,NULL,NULL,60,23),(555,'CLICK_BOOKING','2026-04-11 15:54:12.017957',NULL,NULL,NULL,60,23),(556,'VIEW_DETAILS','2026-05-23 15:54:12.027278',NULL,NULL,NULL,4,23),(557,'ADD_FAVORITE','2026-05-23 15:54:12.027278',NULL,NULL,NULL,4,23),(558,'CLICK_BOOKING','2026-05-23 15:54:12.027278',NULL,NULL,NULL,4,23),(559,'VIEW_DETAILS','2026-04-16 15:54:12.039996',NULL,NULL,NULL,6,24),(560,'ADD_FAVORITE','2026-04-16 15:54:12.039996',NULL,NULL,NULL,6,24),(561,'CLICK_BOOKING','2026-04-16 15:54:12.039996',NULL,NULL,NULL,6,24),(568,'VIEW_DETAILS','2026-05-10 15:54:12.070071',NULL,NULL,NULL,35,24),(569,'ADD_FAVORITE','2026-05-10 15:54:12.070071',NULL,NULL,NULL,35,24),(570,'CLICK_BOOKING','2026-05-10 15:54:12.070071',NULL,NULL,NULL,35,24),(571,'VIEW_DETAILS','2026-04-08 15:54:12.077229',NULL,NULL,NULL,40,24),(572,'ADD_FAVORITE','2026-04-08 15:54:12.077229',NULL,NULL,NULL,40,24),(573,'CLICK_BOOKING','2026-04-08 15:54:12.077229',NULL,NULL,NULL,40,24),(574,'VIEW_DETAILS','2026-04-10 15:54:12.086198',NULL,NULL,NULL,32,24),(575,'ADD_FAVORITE','2026-04-10 15:54:12.086198',NULL,NULL,NULL,32,24),(576,'CLICK_BOOKING','2026-04-10 15:54:12.086198',NULL,NULL,NULL,32,24),(577,'VIEW_DETAILS','2026-04-22 15:54:12.094545',NULL,NULL,NULL,4,24),(578,'ADD_FAVORITE','2026-04-22 15:54:12.094545',NULL,NULL,NULL,4,24),(579,'CLICK_BOOKING','2026-04-22 15:54:12.094545',NULL,NULL,NULL,4,24),(580,'VIEW_DETAILS','2026-05-14 15:54:12.103999',NULL,NULL,NULL,60,24),(581,'ADD_FAVORITE','2026-05-14 15:54:12.103999',NULL,NULL,NULL,60,24),(582,'CLICK_BOOKING','2026-05-14 15:54:12.103999',NULL,NULL,NULL,60,24),(583,'VIEW_DETAILS','2026-04-04 15:54:12.112477',NULL,NULL,NULL,58,25),(584,'ADD_FAVORITE','2026-04-04 15:54:12.112477',NULL,NULL,NULL,58,25),(585,'CLICK_BOOKING','2026-04-04 15:54:12.112477',NULL,NULL,NULL,58,25),(592,'VIEW_DETAILS','2026-03-31 15:54:12.140283',NULL,NULL,NULL,35,25),(593,'ADD_FAVORITE','2026-03-31 15:54:12.140283',NULL,NULL,NULL,35,25),(594,'CLICK_BOOKING','2026-03-31 15:54:12.140283',NULL,NULL,NULL,35,25),(595,'VIEW_DETAILS','2026-05-11 15:54:12.149722',NULL,NULL,NULL,60,25),(596,'ADD_FAVORITE','2026-05-11 15:54:12.149722',NULL,NULL,NULL,60,25),(597,'CLICK_BOOKING','2026-05-11 15:54:12.149722',NULL,NULL,NULL,60,25),(601,'VIEW_DETAILS','2026-04-17 15:54:12.168143',NULL,NULL,NULL,6,25),(602,'ADD_FAVORITE','2026-04-17 15:54:12.168143',NULL,NULL,NULL,6,25),(603,'CLICK_BOOKING','2026-04-17 15:54:12.168143',NULL,NULL,NULL,6,25),(604,'VIEW_DETAILS','2026-04-20 15:54:12.177294',NULL,NULL,NULL,19,25),(605,'ADD_FAVORITE','2026-04-20 15:54:12.177294',NULL,NULL,NULL,19,25),(606,'CLICK_BOOKING','2026-04-20 15:54:12.177294',NULL,NULL,NULL,19,25),(607,'VIEW_DETAILS','2026-05-14 15:54:12.188450',NULL,NULL,NULL,40,26),(608,'ADD_FAVORITE','2026-05-14 15:54:12.188450',NULL,NULL,NULL,40,26),(609,'CLICK_BOOKING','2026-05-14 15:54:12.188450',NULL,NULL,NULL,40,26),(613,'VIEW_DETAILS','2026-05-05 15:54:12.210422',NULL,NULL,NULL,4,26),(614,'ADD_FAVORITE','2026-05-05 15:54:12.210422',NULL,NULL,NULL,4,26),(615,'CLICK_BOOKING','2026-05-05 15:54:12.210422',NULL,NULL,NULL,4,26),(616,'VIEW_DETAILS','2026-04-07 15:54:12.222319',NULL,NULL,NULL,58,26),(617,'ADD_FAVORITE','2026-04-07 15:54:12.222319',NULL,NULL,NULL,58,26),(618,'CLICK_BOOKING','2026-04-07 15:54:12.222319',NULL,NULL,NULL,58,26),(619,'VIEW_DETAILS','2026-05-09 15:54:12.230425',NULL,NULL,NULL,19,26),(620,'ADD_FAVORITE','2026-05-09 15:54:12.230425',NULL,NULL,NULL,19,26),(621,'CLICK_BOOKING','2026-05-09 15:54:12.230425',NULL,NULL,NULL,19,26),(622,'VIEW_DETAILS','2026-04-05 15:54:12.243439',NULL,NULL,NULL,35,26),(623,'ADD_FAVORITE','2026-04-05 15:54:12.243439',NULL,NULL,NULL,35,26),(624,'CLICK_BOOKING','2026-04-05 15:54:12.243439',NULL,NULL,NULL,35,26),(625,'VIEW_DETAILS','2026-05-22 15:54:12.254266',NULL,NULL,NULL,6,26),(626,'ADD_FAVORITE','2026-05-22 15:54:12.254266',NULL,NULL,NULL,6,26),(627,'CLICK_BOOKING','2026-05-22 15:54:12.254266',NULL,NULL,NULL,6,26),(628,'VIEW_DETAILS','2026-04-15 15:54:12.262144',NULL,NULL,NULL,32,26),(629,'ADD_FAVORITE','2026-04-15 15:54:12.262144',NULL,NULL,NULL,32,26),(630,'CLICK_BOOKING','2026-04-15 15:54:12.262144',NULL,NULL,NULL,32,26),(637,'VIEW_DETAILS','2026-05-02 15:54:12.290605',NULL,NULL,NULL,58,27),(638,'ADD_FAVORITE','2026-05-02 15:54:12.290605',NULL,NULL,NULL,58,27),(639,'CLICK_BOOKING','2026-05-02 15:54:12.290605',NULL,NULL,NULL,58,27),(640,'VIEW_DETAILS','2026-05-07 15:54:12.300058',NULL,NULL,NULL,19,27),(641,'ADD_FAVORITE','2026-05-07 15:54:12.300058',NULL,NULL,NULL,19,27),(642,'CLICK_BOOKING','2026-05-07 15:54:12.300058',NULL,NULL,NULL,19,27),(643,'VIEW_DETAILS','2026-05-02 15:54:12.310024',NULL,NULL,NULL,6,27),(644,'ADD_FAVORITE','2026-05-02 15:54:12.310024',NULL,NULL,NULL,6,27),(645,'CLICK_BOOKING','2026-05-02 15:54:12.310024',NULL,NULL,NULL,6,27),(646,'VIEW_DETAILS','2026-04-30 15:54:12.321471',NULL,NULL,NULL,32,27),(647,'ADD_FAVORITE','2026-04-30 15:54:12.321471',NULL,NULL,NULL,32,27),(648,'CLICK_BOOKING','2026-04-30 15:54:12.321471',NULL,NULL,NULL,32,27),(649,'VIEW_DETAILS','2026-04-01 15:54:12.330936',NULL,NULL,NULL,60,27),(650,'ADD_FAVORITE','2026-04-01 15:54:12.330936',NULL,NULL,NULL,60,27),(651,'CLICK_BOOKING','2026-04-01 15:54:12.330936',NULL,NULL,NULL,60,27),(655,'VIEW_DETAILS','2026-03-29 15:54:12.348254',NULL,NULL,NULL,32,28),(656,'ADD_FAVORITE','2026-03-29 15:54:12.348254',NULL,NULL,NULL,32,28),(657,'CLICK_BOOKING','2026-03-29 15:54:12.348254',NULL,NULL,NULL,32,28),(661,'VIEW_DETAILS','2026-04-07 15:54:12.368011',NULL,NULL,NULL,19,28),(662,'ADD_FAVORITE','2026-04-07 15:54:12.368011',NULL,NULL,NULL,19,28),(663,'CLICK_BOOKING','2026-04-07 15:54:12.368011',NULL,NULL,NULL,19,28),(667,'VIEW_DETAILS','2026-04-22 15:54:12.387958',NULL,NULL,NULL,58,28),(668,'ADD_FAVORITE','2026-04-22 15:54:12.387958',NULL,NULL,NULL,58,28),(669,'CLICK_BOOKING','2026-04-22 15:54:12.387958',NULL,NULL,NULL,58,28),(670,'VIEW_DETAILS','2026-04-23 15:54:12.396261',NULL,NULL,NULL,35,28),(671,'ADD_FAVORITE','2026-04-23 15:54:12.396261',NULL,NULL,NULL,35,28),(672,'CLICK_BOOKING','2026-04-23 15:54:12.396261',NULL,NULL,NULL,35,28),(673,'VIEW_DETAILS','2026-05-15 15:54:12.408230',NULL,NULL,NULL,4,28),(674,'ADD_FAVORITE','2026-05-15 15:54:12.408230',NULL,NULL,NULL,4,28),(675,'CLICK_BOOKING','2026-05-15 15:54:12.408230',NULL,NULL,NULL,4,28),(676,'VIEW_DETAILS','2026-04-17 15:54:12.419465',NULL,NULL,NULL,40,28),(677,'ADD_FAVORITE','2026-04-17 15:54:12.419465',NULL,NULL,NULL,40,28),(678,'CLICK_BOOKING','2026-04-17 15:54:12.419465',NULL,NULL,NULL,40,28),(688,'VIEW_DETAILS','2026-05-21 15:54:12.463923',NULL,NULL,NULL,58,29),(689,'ADD_FAVORITE','2026-05-21 15:54:12.463923',NULL,NULL,NULL,58,29),(690,'CLICK_BOOKING','2026-05-21 15:54:12.463923',NULL,NULL,NULL,58,29),(691,'VIEW_DETAILS','2026-04-15 15:54:12.474144',NULL,NULL,NULL,6,29),(692,'ADD_FAVORITE','2026-04-15 15:54:12.474144',NULL,NULL,NULL,6,29),(693,'CLICK_BOOKING','2026-04-15 15:54:12.474144',NULL,NULL,NULL,6,29),(694,'VIEW_DETAILS','2026-05-09 15:54:12.487005',NULL,NULL,NULL,60,29),(695,'ADD_FAVORITE','2026-05-09 15:54:12.487005',NULL,NULL,NULL,60,29),(696,'CLICK_BOOKING','2026-05-09 15:54:12.487005',NULL,NULL,NULL,60,29),(697,'VIEW_DETAILS','2026-04-03 15:54:12.497439',NULL,NULL,NULL,35,29),(698,'ADD_FAVORITE','2026-04-03 15:54:12.497439',NULL,NULL,NULL,35,29),(699,'CLICK_BOOKING','2026-04-03 15:54:12.497439',NULL,NULL,NULL,35,29),(700,'VIEW_DETAILS','2026-05-05 15:54:12.509108',NULL,NULL,NULL,19,29),(701,'ADD_FAVORITE','2026-05-05 15:54:12.509108',NULL,NULL,NULL,19,29),(702,'CLICK_BOOKING','2026-05-05 15:54:12.509108',NULL,NULL,NULL,19,29),(703,'VIEW_DETAILS','2026-04-14 15:54:12.521246',NULL,NULL,NULL,58,30),(704,'ADD_FAVORITE','2026-04-14 15:54:12.521246',NULL,NULL,NULL,58,30),(705,'CLICK_BOOKING','2026-04-14 15:54:12.521246',NULL,NULL,NULL,58,30),(709,'VIEW_DETAILS','2026-05-18 15:54:12.543468',NULL,NULL,NULL,35,30),(710,'ADD_FAVORITE','2026-05-18 15:54:12.543468',NULL,NULL,NULL,35,30),(711,'CLICK_BOOKING','2026-05-18 15:54:12.543468',NULL,NULL,NULL,35,30),(712,'VIEW_DETAILS','2026-05-05 15:54:12.553612',NULL,NULL,NULL,4,30),(713,'ADD_FAVORITE','2026-05-05 15:54:12.553612',NULL,NULL,NULL,4,30),(714,'CLICK_BOOKING','2026-05-05 15:54:12.553612',NULL,NULL,NULL,4,30),(715,'VIEW_DETAILS','2026-04-13 15:54:12.563069',NULL,NULL,NULL,32,30),(716,'ADD_FAVORITE','2026-04-13 15:54:12.563069',NULL,NULL,NULL,32,30),(717,'CLICK_BOOKING','2026-04-13 15:54:12.563069',NULL,NULL,NULL,32,30),(721,'VIEW_DETAILS','2026-04-22 15:54:12.587399',NULL,NULL,NULL,6,30),(722,'ADD_FAVORITE','2026-04-22 15:54:12.587399',NULL,NULL,NULL,6,30),(723,'CLICK_BOOKING','2026-04-22 15:54:12.587399',NULL,NULL,NULL,6,30),(724,'VIEW_DETAILS','2026-04-01 15:54:12.619166',NULL,NULL,NULL,19,30),(725,'ADD_FAVORITE','2026-04-01 15:54:12.619166',NULL,NULL,NULL,19,30),(726,'CLICK_BOOKING','2026-04-01 15:54:12.619166',NULL,NULL,NULL,19,30),(727,'VIEW_DETAILS','2026-05-16 15:54:12.634512',NULL,NULL,NULL,4,31),(728,'ADD_FAVORITE','2026-05-16 15:54:12.634512',NULL,NULL,NULL,4,31),(729,'CLICK_BOOKING','2026-05-16 15:54:12.634512',NULL,NULL,NULL,4,31),(730,'VIEW_DETAILS','2026-04-11 15:54:12.644427',NULL,NULL,NULL,60,31),(731,'ADD_FAVORITE','2026-04-11 15:54:12.644427',NULL,NULL,NULL,60,31),(732,'CLICK_BOOKING','2026-04-11 15:54:12.644427',NULL,NULL,NULL,60,31),(736,'VIEW_DETAILS','2026-04-08 15:54:12.664658',NULL,NULL,NULL,40,31),(737,'ADD_FAVORITE','2026-04-08 15:54:12.664658',NULL,NULL,NULL,40,31),(738,'CLICK_BOOKING','2026-04-08 15:54:12.664658',NULL,NULL,NULL,40,31),(739,'VIEW_DETAILS','2026-04-25 15:54:12.677050',NULL,NULL,NULL,32,31),(740,'ADD_FAVORITE','2026-04-25 15:54:12.677050',NULL,NULL,NULL,32,31),(741,'CLICK_BOOKING','2026-04-25 15:54:12.677050',NULL,NULL,NULL,32,31),(745,'VIEW_DETAILS','2026-05-06 15:54:12.697115',NULL,NULL,NULL,19,31),(746,'ADD_FAVORITE','2026-05-06 15:54:12.697115',NULL,NULL,NULL,19,31),(747,'CLICK_BOOKING','2026-05-06 15:54:12.697115',NULL,NULL,NULL,19,31),(751,'VIEW_DETAILS','2026-04-23 15:54:12.720668',NULL,NULL,NULL,39,32),(752,'ADD_FAVORITE','2026-04-23 15:54:12.720668',NULL,NULL,NULL,39,32),(753,'CLICK_BOOKING','2026-04-23 15:54:12.720668',NULL,NULL,NULL,39,32),(754,'VIEW_DETAILS','2026-05-18 15:54:12.729871',NULL,NULL,NULL,16,32),(755,'ADD_FAVORITE','2026-05-18 15:54:12.729871',NULL,NULL,NULL,16,32),(756,'CLICK_BOOKING','2026-05-18 15:54:12.729871',NULL,NULL,NULL,16,32),(757,'VIEW_DETAILS','2026-04-10 15:54:12.743579',NULL,NULL,NULL,8,32),(758,'ADD_FAVORITE','2026-04-10 15:54:12.743579',NULL,NULL,NULL,8,32),(759,'CLICK_BOOKING','2026-04-10 15:54:12.743579',NULL,NULL,NULL,8,32),(760,'VIEW_DETAILS','2026-05-01 15:54:12.754094',NULL,NULL,NULL,41,32),(761,'ADD_FAVORITE','2026-05-01 15:54:12.754094',NULL,NULL,NULL,41,32),(762,'CLICK_BOOKING','2026-05-01 15:54:12.754094',NULL,NULL,NULL,41,32),(763,'VIEW_DETAILS','2026-05-22 15:54:12.762748',NULL,NULL,NULL,2,32),(764,'ADD_FAVORITE','2026-05-22 15:54:12.762748',NULL,NULL,NULL,2,32),(765,'CLICK_BOOKING','2026-05-22 15:54:12.762748',NULL,NULL,NULL,2,32),(766,'VIEW_DETAILS','2026-04-24 15:54:12.773380',NULL,NULL,NULL,5,32),(767,'ADD_FAVORITE','2026-04-24 15:54:12.773380',NULL,NULL,NULL,5,32),(768,'CLICK_BOOKING','2026-04-24 15:54:12.773380',NULL,NULL,NULL,5,32),(769,'VIEW_DETAILS','2026-04-30 15:54:12.782725',NULL,NULL,NULL,62,32),(770,'ADD_FAVORITE','2026-04-30 15:54:12.782725',NULL,NULL,NULL,62,32),(771,'CLICK_BOOKING','2026-04-30 15:54:12.782725',NULL,NULL,NULL,62,32),(772,'VIEW_DETAILS','2026-04-21 15:54:12.792806',NULL,NULL,NULL,46,32),(773,'ADD_FAVORITE','2026-04-21 15:54:12.792806',NULL,NULL,NULL,46,32),(774,'CLICK_BOOKING','2026-04-21 15:54:12.792806',NULL,NULL,NULL,46,32),(775,'VIEW_DETAILS','2026-04-19 15:54:12.803436',NULL,NULL,NULL,29,33),(776,'ADD_FAVORITE','2026-04-19 15:54:12.803436',NULL,NULL,NULL,29,33),(777,'CLICK_BOOKING','2026-04-19 15:54:12.803436',NULL,NULL,NULL,29,33),(778,'VIEW_DETAILS','2026-04-16 15:54:12.814563',NULL,NULL,NULL,7,33),(779,'ADD_FAVORITE','2026-04-16 15:54:12.814563',NULL,NULL,NULL,7,33),(780,'CLICK_BOOKING','2026-04-16 15:54:12.814563',NULL,NULL,NULL,7,33),(781,'VIEW_DETAILS','2026-04-23 15:54:12.827213',NULL,NULL,NULL,41,33),(782,'ADD_FAVORITE','2026-04-23 15:54:12.827213',NULL,NULL,NULL,41,33),(783,'CLICK_BOOKING','2026-04-23 15:54:12.827213',NULL,NULL,NULL,41,33),(784,'VIEW_DETAILS','2026-04-27 15:54:12.839460',NULL,NULL,NULL,39,33),(785,'ADD_FAVORITE','2026-04-27 15:54:12.839460',NULL,NULL,NULL,39,33),(786,'CLICK_BOOKING','2026-04-27 15:54:12.839460',NULL,NULL,NULL,39,33),(787,'VIEW_DETAILS','2026-04-29 15:54:12.849470',NULL,NULL,NULL,5,33),(788,'ADD_FAVORITE','2026-04-29 15:54:12.849470',NULL,NULL,NULL,5,33),(789,'CLICK_BOOKING','2026-04-29 15:54:12.849470',NULL,NULL,NULL,5,33),(790,'VIEW_DETAILS','2026-04-30 15:54:12.863408',NULL,NULL,NULL,62,33),(791,'ADD_FAVORITE','2026-04-30 15:54:12.863408',NULL,NULL,NULL,62,33),(792,'CLICK_BOOKING','2026-04-30 15:54:12.863408',NULL,NULL,NULL,62,33),(793,'VIEW_DETAILS','2026-04-19 15:54:12.875477',NULL,NULL,NULL,37,33),(794,'ADD_FAVORITE','2026-04-19 15:54:12.875477',NULL,NULL,NULL,37,33),(795,'CLICK_BOOKING','2026-04-19 15:54:12.875477',NULL,NULL,NULL,37,33),(796,'VIEW_DETAILS','2026-05-09 15:54:12.890250',NULL,NULL,NULL,16,33),(797,'ADD_FAVORITE','2026-05-09 15:54:12.890250',NULL,NULL,NULL,16,33),(798,'CLICK_BOOKING','2026-05-09 15:54:12.890250',NULL,NULL,NULL,16,33),(799,'VIEW_DETAILS','2026-04-20 15:54:12.901800',NULL,NULL,NULL,46,34),(800,'ADD_FAVORITE','2026-04-20 15:54:12.901800',NULL,NULL,NULL,46,34),(801,'CLICK_BOOKING','2026-04-20 15:54:12.901800',NULL,NULL,NULL,46,34),(802,'VIEW_DETAILS','2026-05-21 15:54:12.911188',NULL,NULL,NULL,16,34),(803,'ADD_FAVORITE','2026-05-21 15:54:12.911188',NULL,NULL,NULL,16,34),(804,'CLICK_BOOKING','2026-05-21 15:54:12.911188',NULL,NULL,NULL,16,34),(805,'VIEW_DETAILS','2026-04-18 15:54:12.923264',NULL,NULL,NULL,5,34),(806,'ADD_FAVORITE','2026-04-18 15:54:12.923264',NULL,NULL,NULL,5,34),(807,'CLICK_BOOKING','2026-04-18 15:54:12.923264',NULL,NULL,NULL,5,34),(808,'VIEW_DETAILS','2026-05-08 15:54:12.934907',NULL,NULL,NULL,41,34),(809,'ADD_FAVORITE','2026-05-08 15:54:12.934907',NULL,NULL,NULL,41,34),(810,'CLICK_BOOKING','2026-05-08 15:54:12.934907',NULL,NULL,NULL,41,34),(811,'VIEW_DETAILS','2026-04-01 15:54:12.944398',NULL,NULL,NULL,37,34),(812,'ADD_FAVORITE','2026-04-01 15:54:12.944398',NULL,NULL,NULL,37,34),(813,'CLICK_BOOKING','2026-04-01 15:54:12.944398',NULL,NULL,NULL,37,34),(814,'VIEW_DETAILS','2026-05-05 15:54:12.959824',NULL,NULL,NULL,62,34),(815,'ADD_FAVORITE','2026-05-05 15:54:12.959824',NULL,NULL,NULL,62,34),(816,'CLICK_BOOKING','2026-05-05 15:54:12.959824',NULL,NULL,NULL,62,34),(817,'VIEW_DETAILS','2026-04-16 15:54:12.972373',NULL,NULL,NULL,2,34),(818,'ADD_FAVORITE','2026-04-16 15:54:12.972373',NULL,NULL,NULL,2,34),(819,'CLICK_BOOKING','2026-04-16 15:54:12.972373',NULL,NULL,NULL,2,34),(820,'VIEW_DETAILS','2026-05-10 15:54:12.982804',NULL,NULL,NULL,7,34),(821,'ADD_FAVORITE','2026-05-10 15:54:12.982804',NULL,NULL,NULL,7,34),(822,'CLICK_BOOKING','2026-05-10 15:54:12.982804',NULL,NULL,NULL,7,34),(823,'VIEW_DETAILS','2026-04-02 15:54:12.994682',NULL,NULL,NULL,7,35),(824,'ADD_FAVORITE','2026-04-02 15:54:12.994682',NULL,NULL,NULL,7,35),(825,'CLICK_BOOKING','2026-04-02 15:54:12.994682',NULL,NULL,NULL,7,35),(826,'VIEW_DETAILS','2026-04-12 15:54:13.001642',NULL,NULL,NULL,5,35),(827,'ADD_FAVORITE','2026-04-12 15:54:13.001642',NULL,NULL,NULL,5,35),(828,'CLICK_BOOKING','2026-04-12 15:54:13.001642',NULL,NULL,NULL,5,35),(829,'VIEW_DETAILS','2026-05-04 15:54:13.015547',NULL,NULL,NULL,16,35),(830,'ADD_FAVORITE','2026-05-04 15:54:13.015547',NULL,NULL,NULL,16,35),(831,'CLICK_BOOKING','2026-05-04 15:54:13.015547',NULL,NULL,NULL,16,35),(832,'VIEW_DETAILS','2026-05-18 15:54:13.027240',NULL,NULL,NULL,29,35),(833,'ADD_FAVORITE','2026-05-18 15:54:13.027240',NULL,NULL,NULL,29,35),(834,'CLICK_BOOKING','2026-05-18 15:54:13.027240',NULL,NULL,NULL,29,35),(835,'VIEW_DETAILS','2026-04-29 15:54:13.040011',NULL,NULL,NULL,2,35),(836,'ADD_FAVORITE','2026-04-29 15:54:13.040011',NULL,NULL,NULL,2,35),(837,'CLICK_BOOKING','2026-04-29 15:54:13.040011',NULL,NULL,NULL,2,35),(838,'VIEW_DETAILS','2026-03-29 15:54:13.052602',NULL,NULL,NULL,46,35),(839,'ADD_FAVORITE','2026-03-29 15:54:13.052602',NULL,NULL,NULL,46,35),(840,'CLICK_BOOKING','2026-03-29 15:54:13.052602',NULL,NULL,NULL,46,35),(841,'VIEW_DETAILS','2026-04-09 15:54:13.063660',NULL,NULL,NULL,8,35),(842,'ADD_FAVORITE','2026-04-09 15:54:13.063660',NULL,NULL,NULL,8,35),(843,'CLICK_BOOKING','2026-04-09 15:54:13.063660',NULL,NULL,NULL,8,35),(844,'VIEW_DETAILS','2026-04-11 15:54:13.075312',NULL,NULL,NULL,37,35),(845,'ADD_FAVORITE','2026-04-11 15:54:13.075312',NULL,NULL,NULL,37,35),(846,'CLICK_BOOKING','2026-04-11 15:54:13.075312',NULL,NULL,NULL,37,35),(847,'VIEW_DETAILS','2026-04-16 15:54:13.087336',NULL,NULL,NULL,8,36),(848,'ADD_FAVORITE','2026-04-16 15:54:13.087336',NULL,NULL,NULL,8,36),(849,'CLICK_BOOKING','2026-04-16 15:54:13.087336',NULL,NULL,NULL,8,36),(850,'VIEW_DETAILS','2026-04-18 15:54:13.098432',NULL,NULL,NULL,62,36),(851,'ADD_FAVORITE','2026-04-18 15:54:13.098432',NULL,NULL,NULL,62,36),(852,'CLICK_BOOKING','2026-04-18 15:54:13.098432',NULL,NULL,NULL,62,36),(853,'VIEW_DETAILS','2026-04-26 15:54:13.106860',NULL,NULL,NULL,29,36),(854,'ADD_FAVORITE','2026-04-26 15:54:13.106860',NULL,NULL,NULL,29,36),(855,'CLICK_BOOKING','2026-04-26 15:54:13.106860',NULL,NULL,NULL,29,36),(856,'VIEW_DETAILS','2026-04-03 15:54:13.125941',NULL,NULL,NULL,46,36),(857,'ADD_FAVORITE','2026-04-03 15:54:13.125941',NULL,NULL,NULL,46,36),(858,'CLICK_BOOKING','2026-04-03 15:54:13.125941',NULL,NULL,NULL,46,36),(859,'VIEW_DETAILS','2026-05-14 15:54:13.144333',NULL,NULL,NULL,7,36),(860,'ADD_FAVORITE','2026-05-14 15:54:13.144333',NULL,NULL,NULL,7,36),(861,'CLICK_BOOKING','2026-05-14 15:54:13.144333',NULL,NULL,NULL,7,36),(862,'VIEW_DETAILS','2026-04-04 15:54:13.159160',NULL,NULL,NULL,16,36),(863,'ADD_FAVORITE','2026-04-04 15:54:13.159160',NULL,NULL,NULL,16,36),(864,'CLICK_BOOKING','2026-04-04 15:54:13.159160',NULL,NULL,NULL,16,36),(865,'VIEW_DETAILS','2026-05-08 15:54:13.174408',NULL,NULL,NULL,2,36),(866,'ADD_FAVORITE','2026-05-08 15:54:13.174408',NULL,NULL,NULL,2,36),(867,'CLICK_BOOKING','2026-05-08 15:54:13.174408',NULL,NULL,NULL,2,36),(868,'VIEW_DETAILS','2026-05-10 15:54:13.189866',NULL,NULL,NULL,39,36),(869,'ADD_FAVORITE','2026-05-10 15:54:13.189866',NULL,NULL,NULL,39,36),(870,'CLICK_BOOKING','2026-05-10 15:54:13.189866',NULL,NULL,NULL,39,36),(871,'VIEW_DETAILS','2026-04-15 15:54:13.206535',NULL,NULL,NULL,29,37),(872,'ADD_FAVORITE','2026-04-15 15:54:13.206535',NULL,NULL,NULL,29,37),(873,'CLICK_BOOKING','2026-04-15 15:54:13.206535',NULL,NULL,NULL,29,37),(874,'VIEW_DETAILS','2026-04-03 15:54:13.225498',NULL,NULL,NULL,39,37),(875,'ADD_FAVORITE','2026-04-03 15:54:13.225498',NULL,NULL,NULL,39,37),(876,'CLICK_BOOKING','2026-04-03 15:54:13.225498',NULL,NULL,NULL,39,37),(877,'VIEW_DETAILS','2026-03-31 15:54:13.243520',NULL,NULL,NULL,2,37),(878,'ADD_FAVORITE','2026-03-31 15:54:13.243520',NULL,NULL,NULL,2,37),(879,'CLICK_BOOKING','2026-03-31 15:54:13.243520',NULL,NULL,NULL,2,37),(880,'VIEW_DETAILS','2026-05-13 15:54:13.261324',NULL,NULL,NULL,62,37),(881,'ADD_FAVORITE','2026-05-13 15:54:13.261324',NULL,NULL,NULL,62,37),(882,'CLICK_BOOKING','2026-05-13 15:54:13.261324',NULL,NULL,NULL,62,37),(883,'VIEW_DETAILS','2026-03-30 15:54:13.277237',NULL,NULL,NULL,16,37),(884,'ADD_FAVORITE','2026-03-30 15:54:13.277237',NULL,NULL,NULL,16,37),(885,'CLICK_BOOKING','2026-03-30 15:54:13.277237',NULL,NULL,NULL,16,37),(886,'VIEW_DETAILS','2026-05-05 15:54:13.294620',NULL,NULL,NULL,46,37),(887,'ADD_FAVORITE','2026-05-05 15:54:13.294620',NULL,NULL,NULL,46,37),(888,'CLICK_BOOKING','2026-05-05 15:54:13.294620',NULL,NULL,NULL,46,37),(889,'VIEW_DETAILS','2026-04-05 15:54:13.311719',NULL,NULL,NULL,7,37),(890,'ADD_FAVORITE','2026-04-05 15:54:13.311719',NULL,NULL,NULL,7,37),(891,'CLICK_BOOKING','2026-04-05 15:54:13.311719',NULL,NULL,NULL,7,37),(892,'VIEW_DETAILS','2026-04-18 15:54:13.324921',NULL,NULL,NULL,41,37),(893,'ADD_FAVORITE','2026-04-18 15:54:13.324921',NULL,NULL,NULL,41,37),(894,'CLICK_BOOKING','2026-04-18 15:54:13.324921',NULL,NULL,NULL,41,37),(895,'VIEW_DETAILS','2026-04-19 15:54:13.336999',NULL,NULL,NULL,46,38),(896,'ADD_FAVORITE','2026-04-19 15:54:13.336999',NULL,NULL,NULL,46,38),(897,'CLICK_BOOKING','2026-04-19 15:54:13.336999',NULL,NULL,NULL,46,38),(898,'VIEW_DETAILS','2026-04-11 15:54:13.348798',NULL,NULL,NULL,8,38),(899,'ADD_FAVORITE','2026-04-11 15:54:13.348798',NULL,NULL,NULL,8,38),(900,'CLICK_BOOKING','2026-04-11 15:54:13.348798',NULL,NULL,NULL,8,38),(901,'VIEW_DETAILS','2026-05-09 15:54:13.360600',NULL,NULL,NULL,41,38),(902,'ADD_FAVORITE','2026-05-09 15:54:13.360600',NULL,NULL,NULL,41,38),(903,'CLICK_BOOKING','2026-05-09 15:54:13.360600',NULL,NULL,NULL,41,38),(904,'VIEW_DETAILS','2026-04-05 15:54:13.373352',NULL,NULL,NULL,29,38),(905,'ADD_FAVORITE','2026-04-05 15:54:13.373352',NULL,NULL,NULL,29,38),(906,'CLICK_BOOKING','2026-04-05 15:54:13.373352',NULL,NULL,NULL,29,38),(907,'VIEW_DETAILS','2026-05-06 15:54:13.385776',NULL,NULL,NULL,5,38),(908,'ADD_FAVORITE','2026-05-06 15:54:13.385776',NULL,NULL,NULL,5,38),(909,'CLICK_BOOKING','2026-05-06 15:54:13.385776',NULL,NULL,NULL,5,38),(910,'VIEW_DETAILS','2026-04-05 15:54:13.395869',NULL,NULL,NULL,16,38),(911,'ADD_FAVORITE','2026-04-05 15:54:13.395869',NULL,NULL,NULL,16,38),(912,'CLICK_BOOKING','2026-04-05 15:54:13.395869',NULL,NULL,NULL,16,38),(913,'VIEW_DETAILS','2026-05-10 15:54:13.407584',NULL,NULL,NULL,62,38),(914,'ADD_FAVORITE','2026-05-10 15:54:13.407584',NULL,NULL,NULL,62,38),(915,'CLICK_BOOKING','2026-05-10 15:54:13.407584',NULL,NULL,NULL,62,38),(916,'VIEW_DETAILS','2026-05-17 15:54:13.418963',NULL,NULL,NULL,2,38),(917,'ADD_FAVORITE','2026-05-17 15:54:13.418963',NULL,NULL,NULL,2,38),(918,'CLICK_BOOKING','2026-05-17 15:54:13.418963',NULL,NULL,NULL,2,38),(919,'VIEW_DETAILS','2026-04-23 15:54:13.428890',NULL,NULL,NULL,7,39),(920,'ADD_FAVORITE','2026-04-23 15:54:13.428890',NULL,NULL,NULL,7,39),(921,'CLICK_BOOKING','2026-04-23 15:54:13.428890',NULL,NULL,NULL,7,39),(922,'VIEW_DETAILS','2026-05-03 15:54:13.440506',NULL,NULL,NULL,39,39),(923,'ADD_FAVORITE','2026-05-03 15:54:13.440506',NULL,NULL,NULL,39,39),(924,'CLICK_BOOKING','2026-05-03 15:54:13.440506',NULL,NULL,NULL,39,39),(925,'VIEW_DETAILS','2026-05-03 15:54:13.451276',NULL,NULL,NULL,37,39),(926,'ADD_FAVORITE','2026-05-03 15:54:13.451276',NULL,NULL,NULL,37,39),(927,'CLICK_BOOKING','2026-05-03 15:54:13.451276',NULL,NULL,NULL,37,39),(928,'VIEW_DETAILS','2026-04-29 15:54:13.461674',NULL,NULL,NULL,2,39),(929,'ADD_FAVORITE','2026-04-29 15:54:13.461674',NULL,NULL,NULL,2,39),(930,'CLICK_BOOKING','2026-04-29 15:54:13.461674',NULL,NULL,NULL,2,39),(931,'VIEW_DETAILS','2026-04-19 15:54:13.476064',NULL,NULL,NULL,46,39),(932,'ADD_FAVORITE','2026-04-19 15:54:13.476064',NULL,NULL,NULL,46,39),(933,'CLICK_BOOKING','2026-04-19 15:54:13.476064',NULL,NULL,NULL,46,39),(934,'VIEW_DETAILS','2026-03-31 15:54:13.488927',NULL,NULL,NULL,5,39),(935,'ADD_FAVORITE','2026-03-31 15:54:13.488927',NULL,NULL,NULL,5,39),(936,'CLICK_BOOKING','2026-03-31 15:54:13.488927',NULL,NULL,NULL,5,39),(937,'VIEW_DETAILS','2026-05-14 15:54:13.501774',NULL,NULL,NULL,16,39),(938,'ADD_FAVORITE','2026-05-14 15:54:13.501774',NULL,NULL,NULL,16,39),(939,'CLICK_BOOKING','2026-05-14 15:54:13.501774',NULL,NULL,NULL,16,39),(940,'VIEW_DETAILS','2026-04-21 15:54:13.512841',NULL,NULL,NULL,41,39),(941,'ADD_FAVORITE','2026-04-21 15:54:13.512841',NULL,NULL,NULL,41,39),(942,'CLICK_BOOKING','2026-04-21 15:54:13.512841',NULL,NULL,NULL,41,39),(943,'VIEW_DETAILS','2026-04-10 15:54:13.524480',NULL,NULL,NULL,2,40),(944,'ADD_FAVORITE','2026-04-10 15:54:13.524480',NULL,NULL,NULL,2,40),(945,'CLICK_BOOKING','2026-04-10 15:54:13.524480',NULL,NULL,NULL,2,40),(946,'VIEW_DETAILS','2026-04-23 15:54:13.535854',NULL,NULL,NULL,46,40),(947,'ADD_FAVORITE','2026-04-23 15:54:13.535854',NULL,NULL,NULL,46,40),(948,'CLICK_BOOKING','2026-04-23 15:54:13.535854',NULL,NULL,NULL,46,40),(949,'VIEW_DETAILS','2026-05-16 15:54:13.546392',NULL,NULL,NULL,7,40),(950,'ADD_FAVORITE','2026-05-16 15:54:13.546392',NULL,NULL,NULL,7,40),(951,'CLICK_BOOKING','2026-05-16 15:54:13.546392',NULL,NULL,NULL,7,40),(952,'VIEW_DETAILS','2026-04-16 15:54:13.558054',NULL,NULL,NULL,62,40),(953,'ADD_FAVORITE','2026-04-16 15:54:13.558054',NULL,NULL,NULL,62,40),(954,'CLICK_BOOKING','2026-04-16 15:54:13.558054',NULL,NULL,NULL,62,40),(955,'VIEW_DETAILS','2026-04-13 15:54:13.569224',NULL,NULL,NULL,29,40),(956,'ADD_FAVORITE','2026-04-13 15:54:13.569224',NULL,NULL,NULL,29,40),(957,'CLICK_BOOKING','2026-04-13 15:54:13.569224',NULL,NULL,NULL,29,40),(958,'VIEW_DETAILS','2026-04-11 15:54:13.578970',NULL,NULL,NULL,41,40),(959,'ADD_FAVORITE','2026-04-11 15:54:13.578970',NULL,NULL,NULL,41,40),(960,'CLICK_BOOKING','2026-04-11 15:54:13.578970',NULL,NULL,NULL,41,40),(961,'VIEW_DETAILS','2026-05-03 15:54:13.590576',NULL,NULL,NULL,39,40),(962,'ADD_FAVORITE','2026-05-03 15:54:13.590576',NULL,NULL,NULL,39,40),(963,'CLICK_BOOKING','2026-05-03 15:54:13.590576',NULL,NULL,NULL,39,40),(964,'VIEW_DETAILS','2026-04-06 15:54:13.604545',NULL,NULL,NULL,5,40),(965,'ADD_FAVORITE','2026-04-06 15:54:13.604545',NULL,NULL,NULL,5,40),(966,'CLICK_BOOKING','2026-04-06 15:54:13.604545',NULL,NULL,NULL,5,40),(967,'VIEW_DETAILS','2026-05-03 15:54:13.617646',NULL,NULL,NULL,8,41),(968,'ADD_FAVORITE','2026-05-03 15:54:13.617646',NULL,NULL,NULL,8,41),(969,'CLICK_BOOKING','2026-05-03 15:54:13.617646',NULL,NULL,NULL,8,41),(970,'VIEW_DETAILS','2026-04-25 15:54:13.630231',NULL,NULL,NULL,5,41),(971,'ADD_FAVORITE','2026-04-25 15:54:13.630231',NULL,NULL,NULL,5,41),(972,'CLICK_BOOKING','2026-04-25 15:54:13.630231',NULL,NULL,NULL,5,41),(973,'VIEW_DETAILS','2026-05-06 15:54:13.642364',NULL,NULL,NULL,7,41),(974,'ADD_FAVORITE','2026-05-06 15:54:13.642364',NULL,NULL,NULL,7,41),(975,'CLICK_BOOKING','2026-05-06 15:54:13.642364',NULL,NULL,NULL,7,41),(976,'VIEW_DETAILS','2026-04-24 15:54:13.654305',NULL,NULL,NULL,41,41),(977,'ADD_FAVORITE','2026-04-24 15:54:13.654305',NULL,NULL,NULL,41,41),(978,'CLICK_BOOKING','2026-04-24 15:54:13.654305',NULL,NULL,NULL,41,41),(979,'VIEW_DETAILS','2026-04-08 15:54:13.665062',NULL,NULL,NULL,62,41),(980,'ADD_FAVORITE','2026-04-08 15:54:13.665062',NULL,NULL,NULL,62,41),(981,'CLICK_BOOKING','2026-04-08 15:54:13.665062',NULL,NULL,NULL,62,41),(982,'VIEW_DETAILS','2026-04-25 15:54:13.678008',NULL,NULL,NULL,46,41),(983,'ADD_FAVORITE','2026-04-25 15:54:13.678008',NULL,NULL,NULL,46,41),(984,'CLICK_BOOKING','2026-04-25 15:54:13.678008',NULL,NULL,NULL,46,41),(985,'VIEW_DETAILS','2026-04-22 15:54:13.693149',NULL,NULL,NULL,16,41),(986,'ADD_FAVORITE','2026-04-22 15:54:13.693149',NULL,NULL,NULL,16,41),(987,'CLICK_BOOKING','2026-04-22 15:54:13.693149',NULL,NULL,NULL,16,41),(988,'VIEW_DETAILS','2026-05-11 15:54:13.709217',NULL,NULL,NULL,39,41),(989,'ADD_FAVORITE','2026-05-11 15:54:13.709217',NULL,NULL,NULL,39,41),(990,'CLICK_BOOKING','2026-05-11 15:54:13.709217',NULL,NULL,NULL,39,41),(991,'VIEW_DETAILS','2026-05-07 15:54:13.725071',NULL,NULL,NULL,38,42),(992,'ADD_FAVORITE','2026-05-07 15:54:13.725071',NULL,NULL,NULL,38,42),(993,'CLICK_BOOKING','2026-05-07 15:54:13.725071',NULL,NULL,NULL,38,42),(994,'VIEW_DETAILS','2026-05-03 15:54:13.737280',NULL,NULL,NULL,9,42),(995,'ADD_FAVORITE','2026-05-03 15:54:13.737280',NULL,NULL,NULL,9,42),(996,'CLICK_BOOKING','2026-05-03 15:54:13.737280',NULL,NULL,NULL,9,42),(997,'VIEW_DETAILS','2026-05-03 15:54:13.744790',NULL,NULL,NULL,45,42),(998,'ADD_FAVORITE','2026-05-03 15:54:13.744790',NULL,NULL,NULL,45,42),(999,'CLICK_BOOKING','2026-05-03 15:54:13.744790',NULL,NULL,NULL,45,42),(1000,'VIEW_DETAILS','2026-04-17 15:54:13.758512',NULL,NULL,NULL,61,42),(1001,'ADD_FAVORITE','2026-04-17 15:54:13.758512',NULL,NULL,NULL,61,42),(1002,'CLICK_BOOKING','2026-04-17 15:54:13.758512',NULL,NULL,NULL,61,42),(1003,'VIEW_DETAILS','2026-05-11 15:54:13.770370',NULL,NULL,NULL,15,42),(1004,'ADD_FAVORITE','2026-05-11 15:54:13.770370',NULL,NULL,NULL,15,42),(1005,'CLICK_BOOKING','2026-05-11 15:54:13.770370',NULL,NULL,NULL,15,42),(1006,'VIEW_DETAILS','2026-04-28 15:54:13.780757',NULL,NULL,NULL,10,42),(1007,'ADD_FAVORITE','2026-04-28 15:54:13.780757',NULL,NULL,NULL,10,42),(1008,'CLICK_BOOKING','2026-04-28 15:54:13.780757',NULL,NULL,NULL,10,42),(1009,'VIEW_DETAILS','2026-03-31 15:54:13.790550',NULL,NULL,NULL,38,42),(1010,'ADD_FAVORITE','2026-03-31 15:54:13.790550',NULL,NULL,NULL,38,42),(1011,'CLICK_BOOKING','2026-03-31 15:54:13.790550',NULL,NULL,NULL,38,42),(1012,'VIEW_DETAILS','2026-04-27 15:54:13.802702',NULL,NULL,NULL,47,42),(1013,'ADD_FAVORITE','2026-04-27 15:54:13.802702',NULL,NULL,NULL,47,42),(1014,'CLICK_BOOKING','2026-04-27 15:54:13.802702',NULL,NULL,NULL,47,42),(1015,'VIEW_DETAILS','2026-05-04 15:54:13.813242',NULL,NULL,NULL,10,43),(1016,'ADD_FAVORITE','2026-05-04 15:54:13.813242',NULL,NULL,NULL,10,43),(1017,'CLICK_BOOKING','2026-05-04 15:54:13.813242',NULL,NULL,NULL,10,43),(1018,'VIEW_DETAILS','2026-05-07 15:54:13.829664',NULL,NULL,NULL,36,43),(1019,'ADD_FAVORITE','2026-05-07 15:54:13.829664',NULL,NULL,NULL,36,43),(1020,'CLICK_BOOKING','2026-05-07 15:54:13.829664',NULL,NULL,NULL,36,43),(1021,'VIEW_DETAILS','2026-05-11 15:54:13.839448',NULL,NULL,NULL,38,43),(1022,'ADD_FAVORITE','2026-05-11 15:54:13.839448',NULL,NULL,NULL,38,43),(1023,'CLICK_BOOKING','2026-05-11 15:54:13.839448',NULL,NULL,NULL,38,43),(1024,'VIEW_DETAILS','2026-04-26 15:54:13.847804',NULL,NULL,NULL,45,43),(1025,'ADD_FAVORITE','2026-04-26 15:54:13.847804',NULL,NULL,NULL,45,43),(1026,'CLICK_BOOKING','2026-04-26 15:54:13.847804',NULL,NULL,NULL,45,43),(1027,'VIEW_DETAILS','2026-03-31 15:54:13.859233',NULL,NULL,NULL,26,43),(1028,'ADD_FAVORITE','2026-03-31 15:54:13.859233',NULL,NULL,NULL,26,43),(1029,'CLICK_BOOKING','2026-03-31 15:54:13.859233',NULL,NULL,NULL,26,43),(1030,'VIEW_DETAILS','2026-05-20 15:54:13.869526',NULL,NULL,NULL,61,43),(1031,'ADD_FAVORITE','2026-05-20 15:54:13.869526',NULL,NULL,NULL,61,43),(1032,'CLICK_BOOKING','2026-05-20 15:54:13.869526',NULL,NULL,NULL,61,43),(1033,'VIEW_DETAILS','2026-05-18 15:54:13.878419',NULL,NULL,NULL,15,43),(1034,'ADD_FAVORITE','2026-05-18 15:54:13.878419',NULL,NULL,NULL,15,43),(1035,'CLICK_BOOKING','2026-05-18 15:54:13.878419',NULL,NULL,NULL,15,43),(1036,'VIEW_DETAILS','2026-05-03 15:54:13.890045',NULL,NULL,NULL,9,43),(1037,'ADD_FAVORITE','2026-05-03 15:54:13.890045',NULL,NULL,NULL,9,43),(1038,'CLICK_BOOKING','2026-05-03 15:54:13.890045',NULL,NULL,NULL,9,43),(1039,'VIEW_DETAILS','2026-04-20 15:54:13.898710',NULL,NULL,NULL,47,44),(1040,'ADD_FAVORITE','2026-04-20 15:54:13.898710',NULL,NULL,NULL,47,44),(1041,'CLICK_BOOKING','2026-04-20 15:54:13.898710',NULL,NULL,NULL,47,44),(1042,'VIEW_DETAILS','2026-05-06 15:54:13.907422',NULL,NULL,NULL,38,44),(1043,'ADD_FAVORITE','2026-05-06 15:54:13.907422',NULL,NULL,NULL,38,44),(1044,'CLICK_BOOKING','2026-05-06 15:54:13.907422',NULL,NULL,NULL,38,44),(1045,'VIEW_DETAILS','2026-05-15 15:54:13.914800',NULL,NULL,NULL,38,44),(1046,'ADD_FAVORITE','2026-05-15 15:54:13.914800',NULL,NULL,NULL,38,44),(1047,'CLICK_BOOKING','2026-05-15 15:54:13.914800',NULL,NULL,NULL,38,44),(1048,'VIEW_DETAILS','2026-05-09 15:54:13.922447',NULL,NULL,NULL,15,44),(1049,'ADD_FAVORITE','2026-05-09 15:54:13.922447',NULL,NULL,NULL,15,44),(1050,'CLICK_BOOKING','2026-05-09 15:54:13.922447',NULL,NULL,NULL,15,44),(1051,'VIEW_DETAILS','2026-04-16 15:54:13.930377',NULL,NULL,NULL,10,44),(1052,'ADD_FAVORITE','2026-04-16 15:54:13.930377',NULL,NULL,NULL,10,44),(1053,'CLICK_BOOKING','2026-04-16 15:54:13.930377',NULL,NULL,NULL,10,44),(1054,'VIEW_DETAILS','2026-03-30 15:54:13.940869',NULL,NULL,NULL,61,44),(1055,'ADD_FAVORITE','2026-03-30 15:54:13.940869',NULL,NULL,NULL,61,44),(1056,'CLICK_BOOKING','2026-03-30 15:54:13.940869',NULL,NULL,NULL,61,44),(1057,'VIEW_DETAILS','2026-05-14 15:54:13.949161',NULL,NULL,NULL,36,44),(1058,'ADD_FAVORITE','2026-05-14 15:54:13.949161',NULL,NULL,NULL,36,44),(1059,'CLICK_BOOKING','2026-05-14 15:54:13.949161',NULL,NULL,NULL,36,44),(1060,'VIEW_DETAILS','2026-05-19 15:54:13.956950',NULL,NULL,NULL,9,44),(1061,'ADD_FAVORITE','2026-05-19 15:54:13.956950',NULL,NULL,NULL,9,44),(1062,'CLICK_BOOKING','2026-05-19 15:54:13.956950',NULL,NULL,NULL,9,44),(1063,'VIEW_DETAILS','2026-05-20 15:54:13.967115',NULL,NULL,NULL,17,45),(1064,'ADD_FAVORITE','2026-05-20 15:54:13.967115',NULL,NULL,NULL,17,45),(1065,'CLICK_BOOKING','2026-05-20 15:54:13.967115',NULL,NULL,NULL,17,45),(1066,'VIEW_DETAILS','2026-04-21 15:54:13.977147',NULL,NULL,NULL,36,45),(1067,'ADD_FAVORITE','2026-04-21 15:54:13.977147',NULL,NULL,NULL,36,45),(1068,'CLICK_BOOKING','2026-04-21 15:54:13.977147',NULL,NULL,NULL,36,45),(1069,'VIEW_DETAILS','2026-04-06 15:54:13.990552',NULL,NULL,NULL,61,45),(1070,'ADD_FAVORITE','2026-04-06 15:54:13.990552',NULL,NULL,NULL,61,45),(1071,'CLICK_BOOKING','2026-04-06 15:54:13.990552',NULL,NULL,NULL,61,45),(1072,'VIEW_DETAILS','2026-05-21 15:54:14.000327',NULL,NULL,NULL,38,45),(1073,'ADD_FAVORITE','2026-05-21 15:54:14.000327',NULL,NULL,NULL,38,45),(1074,'CLICK_BOOKING','2026-05-21 15:54:14.000327',NULL,NULL,NULL,38,45),(1075,'VIEW_DETAILS','2026-04-24 15:54:14.008323',NULL,NULL,NULL,26,45),(1076,'ADD_FAVORITE','2026-04-24 15:54:14.008323',NULL,NULL,NULL,26,45),(1077,'CLICK_BOOKING','2026-04-24 15:54:14.008323',NULL,NULL,NULL,26,45),(1078,'VIEW_DETAILS','2026-04-06 15:54:14.020126',NULL,NULL,NULL,10,45),(1079,'ADD_FAVORITE','2026-04-06 15:54:14.020126',NULL,NULL,NULL,10,45),(1080,'CLICK_BOOKING','2026-04-06 15:54:14.020126',NULL,NULL,NULL,10,45),(1081,'VIEW_DETAILS','2026-04-20 15:54:14.028290',NULL,NULL,NULL,47,45),(1082,'ADD_FAVORITE','2026-04-20 15:54:14.028290',NULL,NULL,NULL,47,45),(1083,'CLICK_BOOKING','2026-04-20 15:54:14.028290',NULL,NULL,NULL,47,45),(1084,'VIEW_DETAILS','2026-05-02 15:54:14.040140',NULL,NULL,NULL,45,45),(1085,'ADD_FAVORITE','2026-05-02 15:54:14.040140',NULL,NULL,NULL,45,45),(1086,'CLICK_BOOKING','2026-05-02 15:54:14.040140',NULL,NULL,NULL,45,45),(1087,'VIEW_DETAILS','2026-04-07 15:54:14.052816',NULL,NULL,NULL,26,46),(1088,'ADD_FAVORITE','2026-04-07 15:54:14.052816',NULL,NULL,NULL,26,46),(1089,'CLICK_BOOKING','2026-04-07 15:54:14.052816',NULL,NULL,NULL,26,46),(1090,'VIEW_DETAILS','2026-05-17 15:54:14.060802',NULL,NULL,NULL,36,46),(1091,'ADD_FAVORITE','2026-05-17 15:54:14.060802',NULL,NULL,NULL,36,46),(1092,'CLICK_BOOKING','2026-05-17 15:54:14.060802',NULL,NULL,NULL,36,46),(1093,'VIEW_DETAILS','2026-04-05 15:54:14.071249',NULL,NULL,NULL,15,46),(1094,'ADD_FAVORITE','2026-04-05 15:54:14.071249',NULL,NULL,NULL,15,46),(1095,'CLICK_BOOKING','2026-04-05 15:54:14.071249',NULL,NULL,NULL,15,46),(1096,'VIEW_DETAILS','2026-05-14 15:54:14.079002',NULL,NULL,NULL,38,46),(1097,'ADD_FAVORITE','2026-05-14 15:54:14.079002',NULL,NULL,NULL,38,46),(1098,'CLICK_BOOKING','2026-05-14 15:54:14.079002',NULL,NULL,NULL,38,46),(1099,'VIEW_DETAILS','2026-04-26 15:54:14.089174',NULL,NULL,NULL,10,46),(1100,'ADD_FAVORITE','2026-04-26 15:54:14.089174',NULL,NULL,NULL,10,46),(1101,'CLICK_BOOKING','2026-04-26 15:54:14.089174',NULL,NULL,NULL,10,46),(1102,'VIEW_DETAILS','2026-04-10 15:54:14.097364',NULL,NULL,NULL,61,46),(1103,'ADD_FAVORITE','2026-04-10 15:54:14.097364',NULL,NULL,NULL,61,46),(1104,'CLICK_BOOKING','2026-04-10 15:54:14.097364',NULL,NULL,NULL,61,46),(1105,'VIEW_DETAILS','2026-03-31 15:54:14.106968',NULL,NULL,NULL,45,46),(1106,'ADD_FAVORITE','2026-03-31 15:54:14.106968',NULL,NULL,NULL,45,46),(1107,'CLICK_BOOKING','2026-03-31 15:54:14.106968',NULL,NULL,NULL,45,46),(1108,'VIEW_DETAILS','2026-04-15 15:54:14.114698',NULL,NULL,NULL,38,46),(1109,'ADD_FAVORITE','2026-04-15 15:54:14.114698',NULL,NULL,NULL,38,46),(1110,'CLICK_BOOKING','2026-04-15 15:54:14.114698',NULL,NULL,NULL,38,46),(1111,'VIEW_DETAILS','2026-03-30 15:54:14.124234',NULL,NULL,NULL,9,47),(1112,'ADD_FAVORITE','2026-03-30 15:54:14.124234',NULL,NULL,NULL,9,47),(1113,'CLICK_BOOKING','2026-03-30 15:54:14.124234',NULL,NULL,NULL,9,47),(1114,'VIEW_DETAILS','2026-04-19 15:54:14.133810',NULL,NULL,NULL,10,47),(1115,'ADD_FAVORITE','2026-04-19 15:54:14.133810',NULL,NULL,NULL,10,47),(1116,'CLICK_BOOKING','2026-04-19 15:54:14.133810',NULL,NULL,NULL,10,47),(1117,'VIEW_DETAILS','2026-05-21 15:54:14.141989',NULL,NULL,NULL,47,47),(1118,'ADD_FAVORITE','2026-05-21 15:54:14.141989',NULL,NULL,NULL,47,47),(1119,'CLICK_BOOKING','2026-05-21 15:54:14.141989',NULL,NULL,NULL,47,47),(1120,'VIEW_DETAILS','2026-04-12 15:54:14.151016',NULL,NULL,NULL,26,47),(1121,'ADD_FAVORITE','2026-04-12 15:54:14.151016',NULL,NULL,NULL,26,47),(1122,'CLICK_BOOKING','2026-04-12 15:54:14.151016',NULL,NULL,NULL,26,47),(1123,'VIEW_DETAILS','2026-05-23 15:54:14.160323',NULL,NULL,NULL,38,47),(1124,'ADD_FAVORITE','2026-05-23 15:54:14.160323',NULL,NULL,NULL,38,47),(1125,'CLICK_BOOKING','2026-05-23 15:54:14.160323',NULL,NULL,NULL,38,47),(1126,'VIEW_DETAILS','2026-05-14 15:54:14.170148',NULL,NULL,NULL,38,47),(1127,'ADD_FAVORITE','2026-05-14 15:54:14.170148',NULL,NULL,NULL,38,47),(1128,'CLICK_BOOKING','2026-05-14 15:54:14.170148',NULL,NULL,NULL,38,47),(1129,'VIEW_DETAILS','2026-04-14 15:54:14.177328',NULL,NULL,NULL,45,47),(1130,'ADD_FAVORITE','2026-04-14 15:54:14.177328',NULL,NULL,NULL,45,47),(1131,'CLICK_BOOKING','2026-04-14 15:54:14.177328',NULL,NULL,NULL,45,47),(1132,'VIEW_DETAILS','2026-05-21 15:54:14.182657',NULL,NULL,NULL,36,47),(1133,'ADD_FAVORITE','2026-05-21 15:54:14.182657',NULL,NULL,NULL,36,47),(1134,'CLICK_BOOKING','2026-05-21 15:54:14.182657',NULL,NULL,NULL,36,47),(1135,'VIEW_DETAILS','2026-04-20 15:54:14.201965',NULL,NULL,NULL,10,48),(1136,'ADD_FAVORITE','2026-04-20 15:54:14.201965',NULL,NULL,NULL,10,48),(1137,'CLICK_BOOKING','2026-04-20 15:54:14.201965',NULL,NULL,NULL,10,48),(1138,'VIEW_DETAILS','2026-05-10 15:54:14.210109',NULL,NULL,NULL,38,48),(1139,'ADD_FAVORITE','2026-05-10 15:54:14.210109',NULL,NULL,NULL,38,48),(1140,'CLICK_BOOKING','2026-05-10 15:54:14.210109',NULL,NULL,NULL,38,48),(1141,'VIEW_DETAILS','2026-05-18 15:54:14.221153',NULL,NULL,NULL,15,48),(1142,'ADD_FAVORITE','2026-05-18 15:54:14.221153',NULL,NULL,NULL,15,48),(1143,'CLICK_BOOKING','2026-05-18 15:54:14.221153',NULL,NULL,NULL,15,48),(1144,'VIEW_DETAILS','2026-05-14 15:54:14.228764',NULL,NULL,NULL,61,48),(1145,'ADD_FAVORITE','2026-05-14 15:54:14.228764',NULL,NULL,NULL,61,48),(1146,'CLICK_BOOKING','2026-05-14 15:54:14.228764',NULL,NULL,NULL,61,48),(1147,'VIEW_DETAILS','2026-05-11 15:54:14.240006',NULL,NULL,NULL,38,48),(1148,'ADD_FAVORITE','2026-05-11 15:54:14.240006',NULL,NULL,NULL,38,48),(1149,'CLICK_BOOKING','2026-05-11 15:54:14.240006',NULL,NULL,NULL,38,48),(1150,'VIEW_DETAILS','2026-03-29 15:54:14.250389',NULL,NULL,NULL,9,48),(1151,'ADD_FAVORITE','2026-03-29 15:54:14.250389',NULL,NULL,NULL,9,48),(1152,'CLICK_BOOKING','2026-03-29 15:54:14.250389',NULL,NULL,NULL,9,48),(1153,'VIEW_DETAILS','2026-04-27 15:54:14.258688',NULL,NULL,NULL,26,48),(1154,'ADD_FAVORITE','2026-04-27 15:54:14.258688',NULL,NULL,NULL,26,48),(1155,'CLICK_BOOKING','2026-04-27 15:54:14.258688',NULL,NULL,NULL,26,48),(1156,'VIEW_DETAILS','2026-05-04 15:54:14.269035',NULL,NULL,NULL,17,48),(1157,'ADD_FAVORITE','2026-05-04 15:54:14.269035',NULL,NULL,NULL,17,48),(1158,'CLICK_BOOKING','2026-05-04 15:54:14.269035',NULL,NULL,NULL,17,48),(1159,'VIEW_DETAILS','2026-04-01 15:54:14.277361',NULL,NULL,NULL,36,49),(1160,'ADD_FAVORITE','2026-04-01 15:54:14.277361',NULL,NULL,NULL,36,49),(1161,'CLICK_BOOKING','2026-04-01 15:54:14.277361',NULL,NULL,NULL,36,49),(1162,'VIEW_DETAILS','2026-04-05 15:54:14.287099',NULL,NULL,NULL,47,49),(1163,'ADD_FAVORITE','2026-04-05 15:54:14.287099',NULL,NULL,NULL,47,49),(1164,'CLICK_BOOKING','2026-04-05 15:54:14.287099',NULL,NULL,NULL,47,49),(1165,'VIEW_DETAILS','2026-05-17 15:54:14.294972',NULL,NULL,NULL,10,49),(1166,'ADD_FAVORITE','2026-05-17 15:54:14.294972',NULL,NULL,NULL,10,49),(1167,'CLICK_BOOKING','2026-05-17 15:54:14.294972',NULL,NULL,NULL,10,49),(1168,'VIEW_DETAILS','2026-04-22 15:54:14.306198',NULL,NULL,NULL,15,49),(1169,'ADD_FAVORITE','2026-04-22 15:54:14.306198',NULL,NULL,NULL,15,49),(1170,'CLICK_BOOKING','2026-04-22 15:54:14.306198',NULL,NULL,NULL,15,49),(1171,'VIEW_DETAILS','2026-04-24 15:54:14.314396',NULL,NULL,NULL,38,49),(1172,'ADD_FAVORITE','2026-04-24 15:54:14.314396',NULL,NULL,NULL,38,49),(1173,'CLICK_BOOKING','2026-04-24 15:54:14.314396',NULL,NULL,NULL,38,49),(1174,'VIEW_DETAILS','2026-04-17 15:54:14.324756',NULL,NULL,NULL,61,49),(1175,'ADD_FAVORITE','2026-04-17 15:54:14.324756',NULL,NULL,NULL,61,49),(1176,'CLICK_BOOKING','2026-04-17 15:54:14.324756',NULL,NULL,NULL,61,49),(1177,'VIEW_DETAILS','2026-04-24 15:54:14.334417',NULL,NULL,NULL,17,49),(1178,'ADD_FAVORITE','2026-04-24 15:54:14.334417',NULL,NULL,NULL,17,49),(1179,'CLICK_BOOKING','2026-04-24 15:54:14.334417',NULL,NULL,NULL,17,49),(1180,'VIEW_DETAILS','2026-04-06 15:54:14.342327',NULL,NULL,NULL,9,49),(1181,'ADD_FAVORITE','2026-04-06 15:54:14.342327',NULL,NULL,NULL,9,49),(1182,'CLICK_BOOKING','2026-04-06 15:54:14.342327',NULL,NULL,NULL,9,49),(1183,'VIEW_DETAILS','2026-04-27 15:54:14.353011',NULL,NULL,NULL,47,50),(1184,'ADD_FAVORITE','2026-04-27 15:54:14.353011',NULL,NULL,NULL,47,50),(1185,'CLICK_BOOKING','2026-04-27 15:54:14.353011',NULL,NULL,NULL,47,50),(1186,'VIEW_DETAILS','2026-04-01 15:54:14.363004',NULL,NULL,NULL,10,50),(1187,'ADD_FAVORITE','2026-04-01 15:54:14.363004',NULL,NULL,NULL,10,50),(1188,'CLICK_BOOKING','2026-04-01 15:54:14.363004',NULL,NULL,NULL,10,50),(1189,'VIEW_DETAILS','2026-04-30 15:54:14.373235',NULL,NULL,NULL,15,50),(1190,'ADD_FAVORITE','2026-04-30 15:54:14.373235',NULL,NULL,NULL,15,50),(1191,'CLICK_BOOKING','2026-04-30 15:54:14.373235',NULL,NULL,NULL,15,50),(1192,'VIEW_DETAILS','2026-04-11 15:54:14.383174',NULL,NULL,NULL,9,50),(1193,'ADD_FAVORITE','2026-04-11 15:54:14.383174',NULL,NULL,NULL,9,50),(1194,'CLICK_BOOKING','2026-04-11 15:54:14.383174',NULL,NULL,NULL,9,50),(1195,'VIEW_DETAILS','2026-04-02 15:54:14.392039',NULL,NULL,NULL,38,50),(1196,'ADD_FAVORITE','2026-04-02 15:54:14.392039',NULL,NULL,NULL,38,50),(1197,'CLICK_BOOKING','2026-04-02 15:54:14.392039',NULL,NULL,NULL,38,50),(1198,'VIEW_DETAILS','2026-04-26 15:54:14.400992',NULL,NULL,NULL,45,50),(1199,'ADD_FAVORITE','2026-04-26 15:54:14.400992',NULL,NULL,NULL,45,50),(1200,'CLICK_BOOKING','2026-04-26 15:54:14.400992',NULL,NULL,NULL,45,50),(1201,'VIEW_DETAILS','2026-05-18 15:54:14.412107',NULL,NULL,NULL,17,50),(1202,'ADD_FAVORITE','2026-05-18 15:54:14.412107',NULL,NULL,NULL,17,50),(1203,'CLICK_BOOKING','2026-05-18 15:54:14.412107',NULL,NULL,NULL,17,50),(1204,'VIEW_DETAILS','2026-04-25 15:54:14.421955',NULL,NULL,NULL,38,50),(1205,'ADD_FAVORITE','2026-04-25 15:54:14.421955',NULL,NULL,NULL,38,50),(1206,'CLICK_BOOKING','2026-04-25 15:54:14.421955',NULL,NULL,NULL,38,50),(1207,'VIEW_DETAILS','2026-05-13 15:54:14.429701',NULL,NULL,NULL,38,51),(1208,'ADD_FAVORITE','2026-05-13 15:54:14.429701',NULL,NULL,NULL,38,51),(1209,'CLICK_BOOKING','2026-05-13 15:54:14.429701',NULL,NULL,NULL,38,51),(1210,'VIEW_DETAILS','2026-03-31 15:54:14.439374',NULL,NULL,NULL,61,51),(1211,'ADD_FAVORITE','2026-03-31 15:54:14.439374',NULL,NULL,NULL,61,51),(1212,'CLICK_BOOKING','2026-03-31 15:54:14.439374',NULL,NULL,NULL,61,51),(1213,'VIEW_DETAILS','2026-05-04 15:54:14.446342',NULL,NULL,NULL,9,51),(1214,'ADD_FAVORITE','2026-05-04 15:54:14.446342',NULL,NULL,NULL,9,51),(1215,'CLICK_BOOKING','2026-05-04 15:54:14.446342',NULL,NULL,NULL,9,51),(1216,'VIEW_DETAILS','2026-05-02 15:54:14.456151',NULL,NULL,NULL,36,51),(1217,'ADD_FAVORITE','2026-05-02 15:54:14.456151',NULL,NULL,NULL,36,51),(1218,'CLICK_BOOKING','2026-05-02 15:54:14.456151',NULL,NULL,NULL,36,51),(1219,'VIEW_DETAILS','2026-05-04 15:54:14.464373',NULL,NULL,NULL,26,51),(1220,'ADD_FAVORITE','2026-05-04 15:54:14.464373',NULL,NULL,NULL,26,51),(1221,'CLICK_BOOKING','2026-05-04 15:54:14.464373',NULL,NULL,NULL,26,51),(1222,'VIEW_DETAILS','2026-04-12 15:54:14.471746',NULL,NULL,NULL,45,51),(1223,'ADD_FAVORITE','2026-04-12 15:54:14.471746',NULL,NULL,NULL,45,51),(1224,'CLICK_BOOKING','2026-04-12 15:54:14.471746',NULL,NULL,NULL,45,51),(1225,'VIEW_DETAILS','2026-04-19 15:54:14.484897',NULL,NULL,NULL,47,51),(1226,'ADD_FAVORITE','2026-04-19 15:54:14.484897',NULL,NULL,NULL,47,51),(1227,'CLICK_BOOKING','2026-04-19 15:54:14.484897',NULL,NULL,NULL,47,51),(1228,'VIEW_DETAILS','2026-04-11 15:54:14.494980',NULL,NULL,NULL,15,51),(1229,'ADD_FAVORITE','2026-04-11 15:54:14.494980',NULL,NULL,NULL,15,51),(1230,'CLICK_BOOKING','2026-04-11 15:54:14.494980',NULL,NULL,NULL,15,51),(1231,'VIEW_DETAILS','2026-04-02 15:54:14.506736',NULL,NULL,NULL,9,52),(1232,'ADD_FAVORITE','2026-04-02 15:54:14.506736',NULL,NULL,NULL,9,52),(1233,'CLICK_BOOKING','2026-04-02 15:54:14.506736',NULL,NULL,NULL,9,52),(1234,'VIEW_DETAILS','2026-04-21 15:54:14.512488',NULL,NULL,NULL,10,52),(1235,'ADD_FAVORITE','2026-04-21 15:54:14.512488',NULL,NULL,NULL,10,52),(1236,'CLICK_BOOKING','2026-04-21 15:54:14.512488',NULL,NULL,NULL,10,52),(1237,'VIEW_DETAILS','2026-05-02 15:54:14.523892',NULL,NULL,NULL,45,52),(1238,'ADD_FAVORITE','2026-05-02 15:54:14.523892',NULL,NULL,NULL,45,52),(1239,'CLICK_BOOKING','2026-05-02 15:54:14.523892',NULL,NULL,NULL,45,52),(1240,'VIEW_DETAILS','2026-04-09 15:54:14.534239',NULL,NULL,NULL,38,52),(1241,'ADD_FAVORITE','2026-04-09 15:54:14.534239',NULL,NULL,NULL,38,52),(1242,'CLICK_BOOKING','2026-04-09 15:54:14.534239',NULL,NULL,NULL,38,52),(1243,'VIEW_DETAILS','2026-05-04 15:54:14.542565',NULL,NULL,NULL,15,52),(1244,'ADD_FAVORITE','2026-05-04 15:54:14.542565',NULL,NULL,NULL,15,52),(1245,'CLICK_BOOKING','2026-05-04 15:54:14.542565',NULL,NULL,NULL,15,52),(1246,'VIEW_DETAILS','2026-05-16 15:54:14.552090',NULL,NULL,NULL,61,52),(1247,'ADD_FAVORITE','2026-05-16 15:54:14.552090',NULL,NULL,NULL,61,52),(1248,'CLICK_BOOKING','2026-05-16 15:54:14.552090',NULL,NULL,NULL,61,52),(1249,'VIEW_DETAILS','2026-05-11 15:54:14.559742',NULL,NULL,NULL,17,52),(1250,'ADD_FAVORITE','2026-05-11 15:54:14.559742',NULL,NULL,NULL,17,52),(1251,'CLICK_BOOKING','2026-05-11 15:54:14.559742',NULL,NULL,NULL,17,52),(1252,'VIEW_DETAILS','2026-04-07 15:54:14.570755',NULL,NULL,NULL,36,52),(1253,'ADD_FAVORITE','2026-04-07 15:54:14.570755',NULL,NULL,NULL,36,52),(1254,'CLICK_BOOKING','2026-04-07 15:54:14.570755',NULL,NULL,NULL,36,52),(1255,'VIEW_DETAILS','2026-05-03 15:54:14.579552',NULL,NULL,NULL,47,53),(1256,'ADD_FAVORITE','2026-05-03 15:54:14.579552',NULL,NULL,NULL,47,53),(1257,'CLICK_BOOKING','2026-05-03 15:54:14.579552',NULL,NULL,NULL,47,53),(1258,'VIEW_DETAILS','2026-05-21 15:54:14.590241',NULL,NULL,NULL,38,53),(1259,'ADD_FAVORITE','2026-05-21 15:54:14.590241',NULL,NULL,NULL,38,53),(1260,'CLICK_BOOKING','2026-05-21 15:54:14.590241',NULL,NULL,NULL,38,53),(1261,'VIEW_DETAILS','2026-03-30 15:54:14.601196',NULL,NULL,NULL,45,53),(1262,'ADD_FAVORITE','2026-03-30 15:54:14.601196',NULL,NULL,NULL,45,53),(1263,'CLICK_BOOKING','2026-03-30 15:54:14.601196',NULL,NULL,NULL,45,53),(1264,'VIEW_DETAILS','2026-05-19 15:54:14.612415',NULL,NULL,NULL,38,53),(1265,'ADD_FAVORITE','2026-05-19 15:54:14.612415',NULL,NULL,NULL,38,53),(1266,'CLICK_BOOKING','2026-05-19 15:54:14.612415',NULL,NULL,NULL,38,53),(1267,'VIEW_DETAILS','2026-04-17 15:54:14.623400',NULL,NULL,NULL,61,53),(1268,'ADD_FAVORITE','2026-04-17 15:54:14.623400',NULL,NULL,NULL,61,53),(1269,'CLICK_BOOKING','2026-04-17 15:54:14.623400',NULL,NULL,NULL,61,53),(1270,'VIEW_DETAILS','2026-04-04 15:54:14.634306',NULL,NULL,NULL,17,53),(1271,'ADD_FAVORITE','2026-04-04 15:54:14.634306',NULL,NULL,NULL,17,53),(1272,'CLICK_BOOKING','2026-04-04 15:54:14.634306',NULL,NULL,NULL,17,53),(1273,'VIEW_DETAILS','2026-05-20 15:54:14.643362',NULL,NULL,NULL,26,53),(1274,'ADD_FAVORITE','2026-05-20 15:54:14.643362',NULL,NULL,NULL,26,53),(1275,'CLICK_BOOKING','2026-05-20 15:54:14.643362',NULL,NULL,NULL,26,53),(1276,'VIEW_DETAILS','2026-03-30 15:54:14.654160',NULL,NULL,NULL,9,53),(1277,'ADD_FAVORITE','2026-03-30 15:54:14.654160',NULL,NULL,NULL,9,53),(1278,'CLICK_BOOKING','2026-03-30 15:54:14.654160',NULL,NULL,NULL,9,53),(1279,'VIEW_DETAILS','2026-05-23 16:54:14.662328',NULL,NULL,NULL,15,1),(1281,'VIEW_DETAILS','2026-05-22 16:54:14.666478',NULL,NULL,NULL,15,1),(1282,'VIEW_DETAILS','2026-05-01 16:54:14.667959',NULL,NULL,NULL,38,1),(1283,'VIEW_DETAILS','2026-05-14 16:54:14.670467',NULL,NULL,NULL,45,1),(1284,'VIEW_DETAILS','2026-04-29 16:54:14.670467',NULL,NULL,NULL,36,3),(1285,'VIEW_DETAILS','2026-05-05 16:54:14.670467',NULL,NULL,NULL,12,3),(1286,'VIEW_DETAILS','2026-05-21 16:54:14.670467',NULL,NULL,NULL,45,3),(1287,'VIEW_DETAILS','2026-05-19 16:54:14.670467',NULL,NULL,NULL,60,3),(1288,'VIEW_DETAILS','2026-05-07 16:54:14.670467',NULL,NULL,NULL,19,4),(1289,'VIEW_DETAILS','2026-05-24 16:54:14.670467',NULL,NULL,NULL,5,4),(1290,'VIEW_DETAILS','2026-05-16 16:54:14.680813',NULL,NULL,NULL,28,4),(1291,'VIEW_DETAILS','2026-05-21 16:54:14.682723',NULL,NULL,NULL,17,5),(1292,'VIEW_DETAILS','2026-05-25 16:54:14.685114',NULL,NULL,NULL,38,5),(1293,'VIEW_DETAILS','2026-05-05 16:54:14.686785',NULL,NULL,NULL,31,5),(1294,'VIEW_DETAILS','2026-05-13 16:54:14.688442',NULL,NULL,NULL,16,5),(1295,'VIEW_DETAILS','2026-05-09 16:54:14.689542',NULL,NULL,NULL,28,6),(1296,'VIEW_DETAILS','2026-05-06 16:54:14.691181',NULL,NULL,NULL,19,6),(1297,'VIEW_DETAILS','2026-05-03 16:54:14.692830',NULL,NULL,NULL,38,6),(1298,'VIEW_DETAILS','2026-05-27 16:54:14.694515',NULL,NULL,NULL,46,7),(1299,'VIEW_DETAILS','2026-04-30 16:54:14.695664',NULL,NULL,NULL,38,7),(1300,'VIEW_DETAILS','2026-05-18 16:54:14.697204',NULL,NULL,NULL,26,7),(1301,'VIEW_DETAILS','2026-05-12 16:54:14.699415',NULL,NULL,NULL,37,7),(1302,'VIEW_DETAILS','2026-05-10 16:54:14.701867',NULL,NULL,NULL,20,7),(1303,'VIEW_DETAILS','2026-05-20 16:54:14.704086',NULL,NULL,NULL,31,8),(1304,'VIEW_DETAILS','2026-05-22 16:54:14.705205',NULL,NULL,NULL,62,8),(1305,'VIEW_DETAILS','2026-05-13 16:54:14.706872',NULL,NULL,NULL,35,8),(1306,'VIEW_DETAILS','2026-04-30 16:54:14.708507',NULL,NULL,NULL,5,8),(1307,'VIEW_DETAILS','2026-05-23 16:54:14.712976',NULL,NULL,NULL,15,9),(1308,'VIEW_DETAILS','2026-05-10 16:54:14.715314',NULL,NULL,NULL,45,9),(1309,'VIEW_DETAILS','2026-05-23 16:54:14.718296',NULL,NULL,NULL,17,9),(1310,'VIEW_DETAILS','2026-05-08 16:54:14.719985',NULL,NULL,NULL,32,10),(1311,'VIEW_DETAILS','2026-05-13 16:54:14.721663',NULL,NULL,NULL,28,10),(1312,'VIEW_DETAILS','2026-05-08 16:54:14.723956',NULL,NULL,NULL,58,10),(1313,'VIEW_DETAILS','2026-05-22 16:54:14.725058',NULL,NULL,NULL,29,10),(1314,'VIEW_DETAILS','2026-05-12 16:54:14.726779',NULL,NULL,NULL,16,11),(1315,'VIEW_DETAILS','2026-05-20 16:54:14.728424',NULL,NULL,NULL,61,11),(1316,'VIEW_DETAILS','2026-05-17 16:54:14.728424',NULL,NULL,NULL,37,11),(1317,'VIEW_DETAILS','2026-05-07 16:54:14.729955',NULL,NULL,NULL,31,11),(1318,'VIEW_DETAILS','2026-05-10 16:54:14.733187',NULL,NULL,NULL,15,12),(1319,'VIEW_DETAILS','2026-05-23 16:54:14.733187',NULL,NULL,NULL,26,12),(1320,'VIEW_DETAILS','2026-05-20 16:54:14.733187',NULL,NULL,NULL,15,12),(1321,'VIEW_DETAILS','2026-05-24 16:54:14.738837',NULL,NULL,NULL,26,12),(1322,'VIEW_DETAILS','2026-05-13 16:54:14.740439',NULL,NULL,NULL,15,13),(1323,'VIEW_DETAILS','2026-05-24 16:54:14.741549',NULL,NULL,NULL,7,13),(1324,'VIEW_DETAILS','2026-05-02 16:54:14.743224',NULL,NULL,NULL,11,13),(1325,'VIEW_DETAILS','2026-05-01 16:54:14.745003',NULL,NULL,NULL,5,13),(1326,'VIEW_DETAILS','2026-05-07 16:54:14.746152',NULL,NULL,NULL,40,13),(1327,'VIEW_DETAILS','2026-05-17 16:54:14.747965',NULL,NULL,NULL,23,14),(1328,'VIEW_DETAILS','2026-05-15 16:54:14.751070',NULL,NULL,NULL,35,14),(1329,'VIEW_DETAILS','2026-05-20 16:54:14.752752',NULL,NULL,NULL,38,14),(1330,'VIEW_DETAILS','2026-05-09 16:54:14.754963',NULL,NULL,NULL,27,14),(1331,'VIEW_DETAILS','2026-05-25 16:54:14.756591',NULL,NULL,NULL,51,15),(1332,'VIEW_DETAILS','2026-05-22 16:54:14.760402',NULL,NULL,NULL,47,15),(1333,'VIEW_DETAILS','2026-05-10 16:54:14.761990',NULL,NULL,NULL,4,15),(1334,'VIEW_DETAILS','2026-05-25 16:54:14.763728',NULL,NULL,NULL,39,16),(1336,'VIEW_DETAILS','2026-05-19 16:54:14.767634',NULL,NULL,NULL,32,16),(1337,'VIEW_DETAILS','2026-05-08 16:54:14.769342',NULL,NULL,NULL,58,17),(1338,'VIEW_DETAILS','2026-05-12 16:54:14.770997',NULL,NULL,NULL,13,17),(1339,'VIEW_DETAILS','2026-04-30 16:54:14.772603',NULL,NULL,NULL,41,17),(1340,'VIEW_DETAILS','2026-05-02 16:54:14.773718',NULL,NULL,NULL,15,17),(1341,'VIEW_DETAILS','2026-05-01 16:54:14.774786',NULL,NULL,NULL,19,18),(1342,'VIEW_DETAILS','2026-05-01 16:54:14.776427',NULL,NULL,NULL,39,18),(1343,'VIEW_DETAILS','2026-04-29 16:54:14.777538',NULL,NULL,NULL,13,18),(1344,'VIEW_DETAILS','2026-05-24 16:54:14.778623',NULL,NULL,NULL,1,18),(1345,'VIEW_DETAILS','2026-05-17 16:54:14.780347',NULL,NULL,NULL,26,19),(1346,'VIEW_DETAILS','2026-05-21 16:54:14.781995',NULL,NULL,NULL,58,19),(1347,'VIEW_DETAILS','2026-05-05 16:54:14.784242',NULL,NULL,NULL,27,19),(1348,'VIEW_DETAILS','2026-04-29 16:54:14.785309',NULL,NULL,NULL,60,19),(1349,'VIEW_DETAILS','2026-05-02 16:54:14.786940',NULL,NULL,NULL,11,20),(1350,'VIEW_DETAILS','2026-05-23 16:54:14.788011',NULL,NULL,NULL,1,20),(1351,'VIEW_DETAILS','2026-05-22 16:54:14.789647',NULL,NULL,NULL,23,20),(1352,'VIEW_DETAILS','2026-04-29 16:54:14.790772',NULL,NULL,NULL,39,20),(1353,'VIEW_DETAILS','2026-05-17 16:54:14.791874',NULL,NULL,NULL,47,21),(1354,'VIEW_DETAILS','2026-05-12 16:54:14.792968',NULL,NULL,NULL,36,21),(1355,'VIEW_DETAILS','2026-05-26 16:54:14.794040',NULL,NULL,NULL,6,21),(1356,'VIEW_DETAILS','2026-05-25 16:54:14.795653',NULL,NULL,NULL,26,21),(1357,'VIEW_DETAILS','2026-05-24 16:54:14.796726',NULL,NULL,NULL,47,22),(1358,'VIEW_DETAILS','2026-05-12 16:54:14.797974',NULL,NULL,NULL,9,22),(1359,'VIEW_DETAILS','2026-04-29 16:54:14.800217',NULL,NULL,NULL,23,22),(1360,'VIEW_DETAILS','2026-05-26 16:54:14.801994',NULL,NULL,NULL,11,23),(1361,'VIEW_DETAILS','2026-05-09 16:54:14.803582',NULL,NULL,NULL,23,23),(1362,'VIEW_DETAILS','2026-05-13 16:54:14.805184',NULL,NULL,NULL,57,23),(1363,'VIEW_DETAILS','2026-05-06 16:54:14.806840',NULL,NULL,NULL,28,24),(1364,'VIEW_DETAILS','2026-05-25 16:54:14.808987',NULL,NULL,NULL,9,24),(1365,'VIEW_DETAILS','2026-05-15 16:54:14.810639',NULL,NULL,NULL,3,24),(1366,'VIEW_DETAILS','2026-05-10 16:54:14.811766',NULL,NULL,NULL,31,25),(1367,'VIEW_DETAILS','2026-05-19 16:54:14.812886',NULL,NULL,NULL,42,25),(1368,'VIEW_DETAILS','2026-05-26 16:54:14.814590',NULL,NULL,NULL,12,25),(1369,'VIEW_DETAILS','2026-05-03 16:54:14.816216',NULL,NULL,NULL,29,25),(1370,'VIEW_DETAILS','2026-05-20 16:54:14.818548',NULL,NULL,NULL,50,26),(1371,'VIEW_DETAILS','2026-05-07 16:54:14.820701',NULL,NULL,NULL,2,26),(1372,'VIEW_DETAILS','2026-04-28 16:54:14.822293',NULL,NULL,NULL,48,26),(1373,'VIEW_DETAILS','2026-05-26 16:54:14.823915',NULL,NULL,NULL,16,26),(1374,'VIEW_DETAILS','2026-05-18 16:54:14.825507',NULL,NULL,NULL,31,27),(1375,'VIEW_DETAILS','2026-05-07 16:54:14.826607',NULL,NULL,NULL,48,27),(1376,'VIEW_DETAILS','2026-05-05 16:54:14.828254',NULL,NULL,NULL,38,27),(1377,'VIEW_DETAILS','2026-05-19 16:54:14.829320',NULL,NULL,NULL,62,27),(1378,'VIEW_DETAILS','2026-05-15 16:54:14.831612',NULL,NULL,NULL,10,28),(1379,'VIEW_DETAILS','2026-05-01 16:54:14.834142',NULL,NULL,NULL,13,28),(1380,'VIEW_DETAILS','2026-05-04 16:54:14.836318',NULL,NULL,NULL,46,28),(1381,'VIEW_DETAILS','2026-05-04 16:54:14.838055',NULL,NULL,NULL,50,28),(1382,'VIEW_DETAILS','2026-05-15 16:54:14.839666',NULL,NULL,NULL,12,28),(1383,'VIEW_DETAILS','2026-05-17 16:54:14.840739',NULL,NULL,NULL,59,29),(1384,'VIEW_DETAILS','2026-05-07 16:54:14.842300',NULL,NULL,NULL,42,29),(1385,'VIEW_DETAILS','2026-05-06 16:54:14.842300',NULL,NULL,NULL,62,29),(1386,'VIEW_DETAILS','2026-05-15 16:54:14.842300',NULL,NULL,NULL,41,30),(1387,'VIEW_DETAILS','2026-05-08 16:54:14.842300',NULL,NULL,NULL,46,30),(1388,'VIEW_DETAILS','2026-05-01 16:54:14.842300',NULL,NULL,NULL,1,30),(1389,'VIEW_DETAILS','2026-04-30 16:54:14.849667',NULL,NULL,NULL,50,30),(1390,'VIEW_DETAILS','2026-05-23 16:54:14.852517',NULL,NULL,NULL,28,30),(1391,'VIEW_DETAILS','2026-05-10 16:54:14.854524',NULL,NULL,NULL,9,31),(1392,'VIEW_DETAILS','2026-05-03 16:54:14.855631',NULL,NULL,NULL,15,31),(1393,'VIEW_DETAILS','2026-05-26 16:54:14.857288',NULL,NULL,NULL,36,31),(1394,'VIEW_DETAILS','2026-05-26 16:54:14.858872',NULL,NULL,NULL,7,31),(1395,'VIEW_DETAILS','2026-05-19 16:54:14.859961',NULL,NULL,NULL,38,31),(1396,'VIEW_DETAILS','2026-04-28 16:54:14.861611',NULL,NULL,NULL,17,32),(1399,'VIEW_DETAILS','2026-05-27 16:54:14.866719',NULL,NULL,NULL,26,32),(1400,'VIEW_DETAILS','2026-05-14 16:54:14.868398',NULL,NULL,NULL,10,33),(1401,'VIEW_DETAILS','2026-04-28 16:54:14.870056',NULL,NULL,NULL,48,33),(1402,'VIEW_DETAILS','2026-05-04 16:54:14.871173',NULL,NULL,NULL,15,33),(1403,'VIEW_DETAILS','2026-05-27 16:54:14.872800',NULL,NULL,NULL,50,33),(1404,'VIEW_DETAILS','2026-05-11 16:54:14.873861',NULL,NULL,NULL,20,34),(1405,'VIEW_DETAILS','2026-05-02 16:54:14.875559',NULL,NULL,NULL,59,34),(1406,'VIEW_DETAILS','2026-04-29 16:54:14.876666',NULL,NULL,NULL,27,34),(1408,'VIEW_DETAILS','2026-05-02 16:54:14.879891',NULL,NULL,NULL,60,34),(1409,'VIEW_DETAILS','2026-05-17 16:54:14.881087',NULL,NULL,NULL,60,35),(1411,'VIEW_DETAILS','2026-05-15 16:54:14.888792',NULL,NULL,NULL,45,35),(1412,'VIEW_DETAILS','2026-05-09 16:54:14.890388',NULL,NULL,NULL,3,36),(1413,'VIEW_DETAILS','2026-04-29 16:54:14.892043',NULL,NULL,NULL,28,36),(1414,'VIEW_DETAILS','2026-05-11 16:54:14.893225',NULL,NULL,NULL,20,36),(1416,'VIEW_DETAILS','2026-05-10 16:54:14.895373',NULL,NULL,NULL,11,37),(1417,'VIEW_DETAILS','2026-05-06 16:54:14.896501',NULL,NULL,NULL,51,37),(1418,'VIEW_DETAILS','2026-05-12 16:54:14.898652',NULL,NULL,NULL,42,37),(1419,'VIEW_DETAILS','2026-05-15 16:54:14.900851',NULL,NULL,NULL,48,38),(1420,'VIEW_DETAILS','2026-05-04 16:54:14.902486',NULL,NULL,NULL,4,38),(1421,'VIEW_DETAILS','2026-05-17 16:54:14.904100',NULL,NULL,NULL,50,38),(1422,'VIEW_DETAILS','2026-05-14 16:54:14.905162',NULL,NULL,NULL,8,39),(1423,'VIEW_DETAILS','2026-05-25 16:54:14.906248',NULL,NULL,NULL,42,39),(1424,'VIEW_DETAILS','2026-05-06 16:54:14.907859',NULL,NULL,NULL,26,39),(1425,'VIEW_DETAILS','2026-05-22 16:54:14.908916',NULL,NULL,NULL,9,39),(1426,'VIEW_DETAILS','2026-05-05 16:54:14.910536',NULL,NULL,NULL,4,39),(1427,'VIEW_DETAILS','2026-05-20 16:54:14.911624',NULL,NULL,NULL,11,40),(1429,'VIEW_DETAILS','2026-04-29 16:54:14.915788',NULL,NULL,NULL,60,40),(1430,'VIEW_DETAILS','2026-05-09 16:54:14.917637',NULL,NULL,NULL,60,40),(1431,'VIEW_DETAILS','2026-05-24 16:54:14.919270',NULL,NULL,NULL,10,41),(1432,'VIEW_DETAILS','2026-05-25 16:54:14.920881',NULL,NULL,NULL,31,41),(1433,'VIEW_DETAILS','2026-05-26 16:54:14.921960',NULL,NULL,NULL,48,41),(1434,'VIEW_DETAILS','2026-05-05 16:54:14.923035',NULL,NULL,NULL,8,41),(1435,'VIEW_DETAILS','2026-05-19 16:54:14.924118',NULL,NULL,NULL,39,42),(1436,'VIEW_DETAILS','2026-05-19 16:54:14.925731',NULL,NULL,NULL,3,42),(1437,'VIEW_DETAILS','2026-05-13 16:54:14.930044',NULL,NULL,NULL,31,42),(1439,'VIEW_DETAILS','2026-05-04 16:54:14.934522',NULL,NULL,NULL,32,43),(1440,'VIEW_DETAILS','2026-05-06 16:54:14.936115',NULL,NULL,NULL,2,43),(1441,'VIEW_DETAILS','2026-05-18 16:54:14.937188',NULL,NULL,NULL,42,43),(1442,'VIEW_DETAILS','2026-05-09 16:54:14.938862',NULL,NULL,NULL,20,43),(1443,'VIEW_DETAILS','2026-05-01 16:54:14.939938',NULL,NULL,NULL,11,44),(1444,'VIEW_DETAILS','2026-05-17 16:54:14.941032',NULL,NULL,NULL,11,44),(1445,'VIEW_DETAILS','2026-04-29 16:54:14.942673',NULL,NULL,NULL,3,44),(1446,'VIEW_DETAILS','2026-05-02 16:54:14.943777',NULL,NULL,NULL,28,45),(1447,'VIEW_DETAILS','2026-05-16 16:54:14.945474',NULL,NULL,NULL,60,45),(1448,'VIEW_DETAILS','2026-04-28 16:54:14.946585',NULL,NULL,NULL,37,45),(1449,'VIEW_DETAILS','2026-04-28 16:54:14.947701',NULL,NULL,NULL,51,46),(1450,'VIEW_DETAILS','2026-05-06 16:54:14.950355',NULL,NULL,NULL,11,46),(1451,'VIEW_DETAILS','2026-05-01 16:54:14.952083',NULL,NULL,NULL,35,46),(1452,'VIEW_DETAILS','2026-05-03 16:54:14.953737',NULL,NULL,NULL,46,47),(1453,'VIEW_DETAILS','2026-05-01 16:54:14.954879',NULL,NULL,NULL,27,47),(1454,'VIEW_DETAILS','2026-05-24 16:54:14.955986',NULL,NULL,NULL,28,47),(1456,'VIEW_DETAILS','2026-04-28 16:54:14.958681',NULL,NULL,NULL,7,48),(1457,'VIEW_DETAILS','2026-05-10 16:54:14.959747',NULL,NULL,NULL,31,48),(1458,'VIEW_DETAILS','2026-05-04 16:54:14.960856',NULL,NULL,NULL,11,48),(1459,'VIEW_DETAILS','2026-05-12 16:54:14.962456',NULL,NULL,NULL,3,49),(1460,'VIEW_DETAILS','2026-05-18 16:54:14.963527',NULL,NULL,NULL,43,49),(1461,'VIEW_DETAILS','2026-05-05 16:54:14.965180',NULL,NULL,NULL,31,49),(1462,'VIEW_DETAILS','2026-05-27 16:54:14.967483',NULL,NULL,NULL,42,49),(1463,'VIEW_DETAILS','2026-05-09 16:54:14.969094',NULL,NULL,NULL,6,50),(1464,'VIEW_DETAILS','2026-05-10 16:54:14.970765',NULL,NULL,NULL,2,50),(1465,'VIEW_DETAILS','2026-05-11 16:54:14.971860',NULL,NULL,NULL,3,50),(1466,'VIEW_DETAILS','2026-04-28 16:54:14.973537',NULL,NULL,NULL,8,50),(1467,'VIEW_DETAILS','2026-05-27 16:54:14.974631',NULL,NULL,NULL,13,51),(1468,'VIEW_DETAILS','2026-05-15 16:54:14.975699',NULL,NULL,NULL,20,51),(1469,'VIEW_DETAILS','2026-05-10 16:54:14.976763',NULL,NULL,NULL,2,51),(1471,'VIEW_DETAILS','2026-05-13 16:54:14.980211',NULL,NULL,NULL,8,51),(1472,'VIEW_DETAILS','2026-05-15 16:54:14.981349',NULL,NULL,NULL,62,52),(1473,'VIEW_DETAILS','2026-05-02 16:54:14.983716',NULL,NULL,NULL,5,52),(1474,'VIEW_DETAILS','2026-05-20 16:54:14.985365',NULL,NULL,NULL,50,52),(1475,'VIEW_DETAILS','2026-05-06 16:54:14.986986',NULL,NULL,NULL,41,53),(1476,'VIEW_DETAILS','2026-04-30 16:54:14.988363',NULL,NULL,NULL,42,53),(1477,'VIEW_DETAILS','2026-05-07 16:54:14.989428',NULL,NULL,NULL,50,53),(1478,'VIEW_DETAILS','2026-05-05 16:54:14.991066',NULL,NULL,NULL,5,53),(1479,'VIEW_DETAILS','2026-05-01 16:54:14.992154',NULL,NULL,NULL,13,53),(1481,'VIEW_DETAILS','2026-05-29 13:50:10.470159',NULL,NULL,0,4,2),(1483,'VIEW_DETAILS','2026-05-29 14:03:59.298129',NULL,NULL,0,1,2),(1484,'VIEW_DETAILS','2026-05-29 14:06:50.131596',NULL,NULL,0,28,2),(1486,'VIEW_DETAILS','2026-06-11 18:36:44.278715',NULL,NULL,0,1,1),(1487,'VIEW_DETAILS','2026-06-11 18:36:44.829758',NULL,NULL,0,1,1),(1488,'VIEW_DETAILS','2026-06-11 18:38:46.397357',NULL,NULL,0,8,1),(1490,'VIEW_DETAILS','2026-06-11 18:39:30.514445',NULL,NULL,0,6,1),(1491,'VIEW_DETAILS','2026-06-11 18:39:30.780797',NULL,NULL,0,6,1),(1492,'VIEW_DETAILS','2026-06-11 18:39:33.623908',NULL,NULL,0,4,1),(1494,'VIEW_DETAILS','2026-06-11 18:39:35.833512',NULL,NULL,0,19,1),(1498,'VIEW_DETAILS','2026-06-11 18:39:39.500427',NULL,NULL,0,32,1),(1500,'VIEW_DETAILS','2026-06-11 18:39:42.460432',NULL,NULL,0,4,1),(1501,'VIEW_DETAILS','2026-06-11 18:39:43.083587',NULL,NULL,0,4,1),(1502,'VIEW_DETAILS','2026-06-11 18:39:47.976805',NULL,NULL,0,9,1),(1504,'VIEW_DETAILS','2026-06-11 18:40:01.231580',NULL,NULL,0,1,1),(1506,'VIEW_DETAILS','2026-06-11 19:18:28.076960',NULL,NULL,0,1,1),(1508,'VIEW_DETAILS','2026-06-11 19:18:36.264730',NULL,NULL,0,11,1),(1510,'VIEW_DETAILS','2026-06-11 19:18:38.443328',NULL,NULL,0,13,1),(1513,'VIEW_DETAILS','2026-06-11 19:18:51.193512',NULL,NULL,0,1,1),(1514,'ADD_FAVORITE','2026-06-11 19:21:12.083073',NULL,NULL,0,1,1),(1515,'CLICK_BOOKING','2026-06-11 19:29:40.336409',NULL,NULL,0,1,1),(1517,'VIEW_DETAILS','2026-06-11 19:37:18.252222',NULL,NULL,0,2,1),(1518,'VIEW_DETAILS','2026-06-11 19:37:24.709587',NULL,NULL,0,5,1),(1520,'VIEW_DETAILS','2026-06-11 19:37:47.564115',NULL,NULL,0,3,1),(1521,'VIEW_DETAILS','2026-06-11 19:37:47.658512',NULL,NULL,0,3,1),(1523,'VIEW_DETAILS','2026-06-14 02:36:29.708790',NULL,NULL,0,1,1),(1524,'VIEW_DETAILS','2026-06-14 02:37:57.856630',NULL,NULL,0,1,1),(1525,'VIEW_DETAILS','2026-06-14 02:37:57.959395',NULL,NULL,0,1,1),(1526,'VIEW_DETAILS','2026-06-14 02:38:02.885975',NULL,NULL,0,8,1),(1528,'VIEW_DETAILS','2026-06-14 02:38:04.260467',NULL,NULL,0,13,1),(1531,'VIEW_DETAILS','2026-06-14 02:38:09.601007',NULL,NULL,0,7,1),(1532,'VIEW_DETAILS','2026-06-14 02:38:13.168680',NULL,NULL,0,5,1),(1535,'VIEW_DETAILS','2026-06-14 02:38:33.992810',NULL,NULL,0,9,1),(1536,'VIEW_DETAILS','2026-06-14 02:38:46.857963',NULL,NULL,0,15,1),(1538,'VIEW_DETAILS','2026-06-14 02:40:59.245210',NULL,NULL,0,9,1),(1540,'VIEW_DETAILS','2026-06-14 02:41:14.085165',NULL,NULL,0,1,1),(1542,'VIEW_DETAILS','2026-06-14 02:42:47.798375',NULL,NULL,0,7,1),(1545,'VIEW_DETAILS','2026-06-14 02:42:53.859255',NULL,NULL,0,1,1),(1548,'VIEW_DETAILS','2026-06-14 02:43:09.106444',NULL,NULL,0,32,1),(1550,'VIEW_DETAILS','2026-06-14 02:44:25.780648',NULL,NULL,0,1,1),(1554,'VIEW_DETAILS','2026-06-14 02:44:32.549442',NULL,NULL,0,35,1),(1558,'VIEW_DETAILS','2026-06-14 02:45:54.248367',NULL,NULL,0,40,1),(1561,'VIEW_DETAILS','2026-06-14 02:47:15.203496',NULL,NULL,0,1,1),(1565,'VIEW_DETAILS','2026-06-14 02:48:11.816024',NULL,NULL,0,9,1),(1566,'VIEW_DETAILS','2026-06-14 02:49:57.363961',NULL,NULL,0,1,1),(1567,'VIEW_DETAILS','2026-06-14 02:49:57.494326',NULL,NULL,0,1,1),(1569,'VIEW_DETAILS','2026-06-14 02:51:26.917782',NULL,NULL,0,42,1),(1570,'VIEW_DETAILS','2026-06-14 02:57:09.593661',NULL,NULL,0,1,1),(1571,'VIEW_DETAILS','2026-06-14 02:57:09.696846',NULL,NULL,0,1,1),(1572,'VIEW_DETAILS','2026-06-14 02:57:12.940007',NULL,NULL,0,42,1),(1573,'VIEW_DETAILS','2026-06-14 02:57:13.488699',NULL,NULL,0,42,1),(1574,'VIEW_DETAILS','2026-06-14 02:57:15.111883',NULL,NULL,0,31,1),(1575,'VIEW_DETAILS','2026-06-14 02:57:15.165965',NULL,NULL,0,31,1),(1576,'VIEW_DETAILS','2026-06-14 02:57:16.541484',NULL,NULL,0,12,1),(1577,'VIEW_DETAILS','2026-06-14 02:57:16.630851',NULL,NULL,0,12,1),(1578,'VIEW_DETAILS','2026-06-14 02:57:17.942260',NULL,NULL,0,59,1),(1580,'VIEW_DETAILS','2026-06-14 02:57:22.417246',NULL,NULL,0,10,1),(1581,'VIEW_DETAILS','2026-06-14 02:57:22.502927',NULL,NULL,0,10,1),(1582,'VIEW_DETAILS','2026-06-14 02:57:26.693501',NULL,NULL,0,17,1),(1583,'VIEW_DETAILS','2026-06-14 02:57:26.751321',NULL,NULL,0,17,1),(1584,'VIEW_DETAILS','2026-06-14 02:57:28.006095',NULL,NULL,0,38,1),(1586,'VIEW_DETAILS','2026-06-14 02:57:29.188260',NULL,NULL,0,10,1),(1588,'VIEW_DETAILS','2026-06-14 02:57:33.491506',NULL,NULL,0,5,1),(1590,'VIEW_DETAILS','2026-06-14 02:57:39.417006',NULL,NULL,0,2,1),(1593,'VIEW_DETAILS','2026-06-14 02:57:44.051085',NULL,NULL,0,4,1),(1594,'VIEW_DETAILS','2026-06-14 02:57:51.324322',NULL,NULL,0,7,1),(1596,'VIEW_DETAILS','2026-06-14 02:57:58.718612',NULL,NULL,0,1,1),(1598,'VIEW_DETAILS','2026-06-14 02:58:08.682797',NULL,NULL,0,42,1),(1602,'VIEW_DETAILS','2026-06-14 02:58:22.244986',NULL,NULL,0,42,1),(1604,'VIEW_DETAILS','2026-06-14 02:58:23.700017',NULL,NULL,0,20,1),(1606,'VIEW_DETAILS','2026-06-14 02:58:25.313778',NULL,NULL,0,17,1),(1608,'VIEW_DETAILS','2026-06-14 02:58:26.525822',NULL,NULL,0,26,1),(1610,'VIEW_DETAILS','2026-06-14 02:58:30.163820',NULL,NULL,0,1,1),(1612,'VIEW_DETAILS','2026-06-14 02:58:38.494921',NULL,NULL,0,7,1),(1615,'VIEW_DETAILS','2026-06-14 02:58:51.685813',NULL,NULL,0,58,1),(1616,'VIEW_DETAILS','2026-06-14 02:58:52.994299',NULL,NULL,0,10,1),(1618,'VIEW_DETAILS','2026-06-14 02:58:54.613926',NULL,NULL,0,47,1),(1621,'VIEW_DETAILS','2026-06-14 02:58:56.059686',NULL,NULL,0,38,1),(1622,'VIEW_DETAILS','2026-06-14 02:58:59.940449',NULL,NULL,0,4,1),(1624,'VIEW_DETAILS','2026-06-14 02:59:05.249342',NULL,NULL,0,6,1),(1626,'VIEW_DETAILS','2026-06-14 02:59:11.028593',NULL,NULL,0,1,1),(1629,'VIEW_DETAILS','2026-06-14 02:59:16.439901',NULL,NULL,0,2,1),(1630,'VIEW_DETAILS','2026-06-14 02:59:21.622562',NULL,NULL,0,3,1),(1632,'VIEW_DETAILS','2026-06-14 02:59:26.795262',NULL,NULL,0,4,1),(1634,'VIEW_DETAILS','2026-06-14 02:59:33.354138',NULL,NULL,0,1,1),(1636,'VIEW_DETAILS','2026-06-14 02:59:37.015982',NULL,NULL,0,11,1),(1639,'VIEW_DETAILS','2026-06-14 02:59:46.672522',NULL,NULL,0,9,1),(1640,'VIEW_DETAILS','2026-06-14 03:00:22.751324',NULL,NULL,0,9,1),(1642,'VIEW_DETAILS','2026-06-14 03:01:45.675952',NULL,NULL,0,1,1),(1645,'VIEW_DETAILS','2026-06-14 03:01:53.867584',NULL,NULL,0,1,1),(1646,'ADD_FAVORITE','2026-06-14 03:02:00.700400',NULL,NULL,0,1,1),(1647,'VIEW_DETAILS','2026-06-14 03:02:04.853296',NULL,NULL,0,42,1),(1650,'VIEW_DETAILS','2026-06-14 03:02:14.132624',NULL,NULL,0,10,1),(1651,'VIEW_DETAILS','2026-06-14 03:02:18.639205',NULL,NULL,0,9,1),(1653,'VIEW_DETAILS','2026-06-14 03:02:23.043453',NULL,NULL,0,8,1),(1655,'VIEW_DETAILS','2026-06-14 03:02:26.886359',NULL,NULL,0,6,1),(1657,'VIEW_DETAILS','2026-06-14 03:02:33.420241',NULL,NULL,0,1,1),(1659,'VIEW_DETAILS','2026-06-14 03:02:38.448426',NULL,NULL,0,4,1),(1661,'VIEW_DETAILS','2026-06-14 03:02:44.758635',NULL,NULL,0,2,1),(1663,'VIEW_DETAILS','2026-06-14 03:03:00.470236',NULL,NULL,0,9,1),(1665,'VIEW_DETAILS','2026-06-14 03:03:09.423800',NULL,NULL,0,7,1),(1666,'VIEW_DETAILS','2026-06-14 03:03:09.444945',NULL,NULL,0,7,1),(1667,'VIEW_DETAILS','2026-06-14 03:03:25.129617',NULL,NULL,0,58,1),(1669,'VIEW_DETAILS','2026-06-14 03:03:30.077056',NULL,NULL,0,7,1),(1670,'VIEW_DETAILS','2026-06-14 03:05:37.496664',NULL,NULL,0,7,1),(1674,'VIEW_DETAILS','2026-06-14 03:06:05.089201',NULL,NULL,0,1,1),(1675,'VIEW_DETAILS','2026-06-14 03:06:16.119501',NULL,NULL,0,2,1),(1677,'VIEW_DETAILS','2026-06-14 03:06:21.409901',NULL,NULL,0,4,1),(1679,'VIEW_DETAILS','2026-06-14 03:06:27.600492',NULL,NULL,0,5,1),(1681,'VIEW_DETAILS','2026-06-14 03:06:34.403536',NULL,NULL,0,2,1),(1684,'VIEW_DETAILS','2026-06-14 03:06:46.122002',NULL,NULL,0,7,1),(1685,'VIEW_DETAILS','2026-06-14 03:06:53.838223',NULL,NULL,0,60,1),(1688,'VIEW_DETAILS','2026-06-14 03:07:01.346458',NULL,NULL,0,10,1),(1689,'VIEW_DETAILS','2026-06-14 03:07:07.535548',NULL,NULL,0,26,1),(1691,'VIEW_DETAILS','2026-06-14 03:07:09.488681',NULL,NULL,0,10,1),(1693,'VIEW_DETAILS','2026-06-14 03:07:16.408165',NULL,NULL,0,7,1),(1695,'VIEW_DETAILS','2026-06-14 03:08:42.150426',NULL,NULL,0,7,1),(1697,'VIEW_DETAILS','2026-06-14 03:08:48.099547',NULL,NULL,0,16,1),(1698,'VIEW_DETAILS','2026-06-14 03:09:16.473606',NULL,NULL,0,7,1),(1699,'VIEW_DETAILS','2026-06-14 03:09:48.720081',NULL,NULL,0,16,1),(1701,'VIEW_DETAILS','2026-06-14 03:09:57.337440',NULL,NULL,0,7,1),(1702,'VIEW_DETAILS','2026-06-14 03:09:59.124001',NULL,NULL,0,16,1),(1703,'VIEW_DETAILS','2026-06-14 03:10:07.286667',NULL,NULL,0,7,1),(1704,'VIEW_DETAILS','2026-06-14 03:11:31.824578',NULL,NULL,0,7,1),(1705,'ADD_FAVORITE','2026-06-14 14:43:49.162788',NULL,NULL,0,1,54),(1706,'ADD_FAVORITE','2026-06-14 14:43:50.904627',NULL,NULL,0,5,54),(1707,'VIEW_DETAILS','2026-06-14 14:45:14.540575',NULL,NULL,0,1,54),(1708,'VIEW_DETAILS','2026-06-14 14:45:14.820409',NULL,NULL,0,1,54),(1709,'VIEW_MAP','2026-06-14 14:45:18.102960',NULL,NULL,0,1,54),(1711,'VIEW_DETAILS','2026-06-14 14:48:29.912133',NULL,NULL,0,1,54),(1712,'VIEW_DETAILS','2026-06-14 14:49:59.018322',NULL,NULL,0,7,54),(1713,'VIEW_DETAILS','2026-06-14 14:49:59.076386',NULL,NULL,0,7,54),(1714,'VIEW_DETAILS','2026-06-14 14:52:58.525795',NULL,NULL,0,1,54),(1715,'VIEW_DETAILS','2026-06-14 14:52:58.584886',NULL,NULL,0,1,54),(1716,'CLICK_BOOKING','2026-06-14 14:55:17.617537',NULL,NULL,0,1,54),(1717,'VIEW_DETAILS','2026-06-14 14:56:21.368118',NULL,NULL,0,1,54),(1718,'VIEW_DETAILS','2026-06-14 14:56:54.439261',NULL,NULL,0,1,54),(1720,'VIEW_DETAILS','2026-06-14 14:57:07.374087',NULL,NULL,0,1,54),(1721,'VIEW_DETAILS','2026-06-14 14:57:07.451128',NULL,NULL,0,1,54),(1722,'CLICK_BOOKING','2026-06-14 14:57:13.331696',NULL,NULL,0,1,54),(1723,'VIEW_DETAILS','2026-06-14 14:57:26.205019',NULL,NULL,0,1,54),(1724,'VIEW_DETAILS','2026-06-14 14:57:34.868012',NULL,NULL,0,1,54),(1726,'VIEW_DETAILS','2026-06-14 14:57:53.693337',NULL,NULL,0,1,54),(1727,'VIEW_DETAILS','2026-06-14 14:58:34.364645',NULL,NULL,0,1,54),(1728,'VIEW_DETAILS','2026-06-14 14:58:34.755715',NULL,NULL,0,1,54),(1729,'VIEW_DETAILS','2026-06-14 15:03:26.969999',NULL,NULL,0,1,54),(1730,'VIEW_DETAILS','2026-06-14 15:03:33.276016',NULL,NULL,0,1,54),(1731,'VIEW_DETAILS','2026-06-17 14:43:51.380202',NULL,NULL,0,1,54),(1733,'VIEW_DETAILS','2026-06-17 15:01:17.265166',NULL,NULL,0,1,2),(1735,'VIEW_DETAILS','2026-06-17 15:01:22.625354',NULL,NULL,0,3,2),(1737,'VIEW_DETAILS','2026-06-17 15:01:31.146371',NULL,NULL,0,1,2),(1740,'VIEW_DETAILS','2026-06-17 15:06:52.406947',NULL,NULL,0,2,2),(1741,'ADD_FAVORITE','2026-06-17 15:08:49.633362',NULL,NULL,0,1,2),(1742,'ADD_FAVORITE','2026-06-17 15:08:51.066955',NULL,NULL,0,3,2),(1743,'VIEW_DETAILS','2026-06-17 15:12:00.566388',NULL,NULL,0,1,2),(1745,'VIEW_DETAILS','2026-06-17 15:12:13.015488',NULL,NULL,0,1,2),(1748,'VIEW_DETAILS','2026-06-17 15:16:31.363206',NULL,NULL,0,1,2),(1749,'VIEW_DETAILS','2026-06-17 15:16:55.393962',NULL,NULL,0,1,2),(1750,'VIEW_DETAILS','2026-06-17 15:17:00.825720',NULL,NULL,0,1,2),(1752,'VIEW_DETAILS','2026-06-17 15:17:11.134144',NULL,NULL,0,1,2),(1754,'ADD_FAVORITE','2026-06-17 15:17:52.434435',NULL,NULL,0,2,2),(1755,'ADD_FAVORITE','2026-06-17 15:17:55.427031',NULL,NULL,0,4,2),(1757,'VIEW_DETAILS','2026-06-17 15:17:56.025779',NULL,NULL,0,4,2),(1759,'VIEW_DETAILS','2026-06-17 15:26:00.798544',NULL,NULL,0,1,2),(1760,'VIEW_DETAILS','2026-06-17 15:28:16.254784',NULL,NULL,0,2,2),(1762,'VIEW_DETAILS','2026-06-17 15:28:21.976573',NULL,NULL,0,4,2),(1763,'VIEW_DETAILS','2026-06-17 15:28:24.988419',NULL,NULL,0,2,2),(1765,'VIEW_DETAILS','2026-06-17 15:28:30.137959',NULL,NULL,0,1,2),(1767,'VIEW_DETAILS','2026-06-17 15:30:13.875830',NULL,NULL,0,4,2),(1768,'VIEW_DETAILS','2026-06-17 15:32:31.093160',NULL,NULL,0,2,2),(1770,'VIEW_DETAILS','2026-06-17 15:37:28.141308',NULL,NULL,0,2,2),(1772,'VIEW_DETAILS','2026-06-17 15:37:31.631758',NULL,NULL,0,2,2),(1774,'VIEW_DETAILS','2026-06-17 15:37:33.812413',NULL,NULL,0,1,2),(1776,'VIEW_DETAILS','2026-06-17 15:37:36.531104',NULL,NULL,0,4,2),(1777,'VIEW_DETAILS','2026-06-17 15:37:38.861488',NULL,NULL,0,3,2),(1779,'VIEW_DETAILS','2026-06-17 15:37:41.845942',NULL,NULL,0,8,2),(1782,'VIEW_DETAILS','2026-06-17 15:42:36.814333',NULL,NULL,0,2,2),(1783,'VIEW_DETAILS','2026-06-17 15:52:16.732944',NULL,NULL,0,2,2),(1785,'VIEW_DETAILS','2026-06-17 15:56:43.056072',NULL,NULL,0,1,2),(1787,'ADD_FAVORITE','2026-06-17 15:58:02.899386',NULL,NULL,0,5,2),(1789,'VIEW_DETAILS','2026-06-17 16:06:03.434221',NULL,NULL,0,5,1),(1790,'VIEW_DETAILS','2026-06-17 16:07:20.705056',NULL,NULL,0,5,1),(1792,'ADD_FAVORITE','2026-06-17 16:07:26.807663',NULL,NULL,0,5,1),(1793,'ADD_FAVORITE','2026-06-17 16:07:27.897630',NULL,NULL,0,5,1),(1794,'VIEW_DETAILS','2026-06-17 16:07:31.034160',NULL,NULL,0,23,1),(1796,'ADD_FAVORITE','2026-06-17 16:07:33.282867',NULL,NULL,0,23,1),(1797,'VIEW_DETAILS','2026-06-17 16:07:42.749960',NULL,NULL,0,8,1),(1798,'VIEW_DETAILS','2026-06-17 16:07:42.773726',NULL,NULL,0,8,1),(1799,'VIEW_DETAILS','2026-06-17 16:07:49.638955',NULL,NULL,0,27,1),(1802,'VIEW_DETAILS','2026-06-17 16:21:00.151449',NULL,NULL,0,2,2),(1803,'ADD_FAVORITE','2026-06-17 16:21:02.272376',NULL,NULL,0,2,2),(1804,'VIEW_DETAILS','2026-06-17 16:21:10.706558',NULL,NULL,0,2,2),(1806,'CLICK_BOOKING','2026-06-17 16:21:20.584960',NULL,NULL,0,2,2),(1807,'VIEW_DETAILS','2026-06-17 16:21:37.274660',NULL,NULL,0,2,2),(1809,'VIEW_MAP','2026-06-17 16:22:07.449254',NULL,NULL,0,2,2),(1811,'VIEW_DETAILS','2026-06-17 23:25:35.633457',NULL,NULL,0,1,2),(1812,'VIEW_DETAILS','2026-06-17 23:25:51.639923',NULL,NULL,0,2,2),(1814,'VIEW_DETAILS','2026-06-17 23:30:57.197517',NULL,NULL,0,2,2),(1816,'VIEW_DETAILS','2026-06-17 23:31:13.682846',NULL,NULL,0,1,2),(1818,'CLICK_BOOKING','2026-06-17 23:31:19.129130',NULL,NULL,0,1,2),(1819,'ADD_FAVORITE','2026-06-17 23:31:28.675294',NULL,NULL,0,5,2),(1820,'VIEW_DETAILS','2026-06-17 23:38:20.671899',NULL,NULL,0,1,56),(1823,'VIEW_DETAILS','2026-06-17 23:38:27.807610',NULL,NULL,0,27,56),(1824,'VIEW_DETAILS','2026-06-17 23:38:31.331899',NULL,NULL,0,51,56),(1825,'VIEW_DETAILS','2026-06-17 23:38:36.529521',NULL,NULL,0,2,56),(1827,'VIEW_DETAILS','2026-06-17 23:38:40.820048',NULL,NULL,0,39,56),(1829,'VIEW_DETAILS','2026-06-17 23:38:43.902695',NULL,NULL,0,29,56),(1830,'VIEW_DETAILS','2026-06-17 23:38:43.934806',NULL,NULL,0,29,56),(1831,'VIEW_DETAILS','2026-06-17 23:38:46.802823',NULL,NULL,0,8,56),(1833,'VIEW_DETAILS','2026-06-17 23:38:49.625562',NULL,NULL,0,39,56),(1835,'VIEW_DETAILS','2026-06-17 23:38:53.315342',NULL,NULL,0,29,56),(1837,'VIEW_DETAILS','2026-06-17 23:45:36.921934',NULL,NULL,0,2,56),(1839,'VIEW_DETAILS','2026-06-17 23:47:08.639364',NULL,NULL,0,2,56),(1841,'VIEW_DETAILS','2026-06-17 23:48:37.603915',NULL,NULL,0,11,56),(1842,'VIEW_DETAILS','2026-06-17 23:50:38.688410',NULL,NULL,0,2,56),(1843,'VIEW_DETAILS','2026-06-17 23:59:33.087790',NULL,NULL,0,2,2),(1845,'VIEW_DETAILS','2026-06-18 00:01:16.240555',NULL,NULL,0,2,2),(1848,'VIEW_DETAILS','2026-06-18 00:03:25.844738',NULL,NULL,0,2,2),(1849,'CLICK_BOOKING','2026-06-18 00:03:30.294580',NULL,NULL,0,2,2),(1851,'VIEW_DETAILS','2026-06-18 00:08:23.332126',NULL,NULL,0,2,2),(1852,'VIEW_DETAILS','2026-06-18 00:08:55.770246',NULL,NULL,0,8,2),(1854,'CLICK_BOOKING','2026-06-18 00:09:00.679915',NULL,NULL,0,8,2),(1855,'VIEW_DETAILS','2026-06-18 00:09:18.704644',NULL,NULL,0,8,2),(1856,'VIEW_DETAILS','2026-06-18 00:09:18.740622',NULL,NULL,0,8,2),(1857,'VIEW_DETAILS','2026-06-18 07:05:12.328227',NULL,NULL,0,5,2),(1858,'VIEW_DETAILS','2026-05-28 14:07:05.792012',NULL,NULL,NULL,63,53),(1859,'ADD_FAVORITE','2026-05-17 14:07:05.793333',NULL,NULL,NULL,63,53),(1860,'CLICK_BOOKING','2026-05-08 14:07:05.795980',NULL,NULL,NULL,63,53),(1861,'VIEW_DETAILS','2026-04-27 14:07:05.795980',NULL,NULL,NULL,63,34),(1862,'VIEW_DETAILS','2026-05-25 14:07:05.795980',NULL,NULL,NULL,63,37),(1863,'CLICK_BOOKING','2026-05-27 14:07:05.799657',NULL,NULL,NULL,63,40),(1864,'ADD_FAVORITE','2026-05-09 14:07:05.800703',NULL,NULL,NULL,63,40),(1865,'VIEW_DETAILS','2026-05-08 14:07:05.802366',NULL,NULL,NULL,63,33),(1866,'VIEW_DETAILS','2026-04-20 14:07:05.805859',NULL,NULL,NULL,63,13),(1867,'ADD_FAVORITE','2026-06-13 14:07:05.806981',NULL,NULL,NULL,63,13),(1868,'CLICK_BOOKING','2026-06-05 14:07:05.808677',NULL,NULL,NULL,63,13),(1869,'CLICK_BOOKING','2026-06-04 14:07:05.809814',NULL,NULL,NULL,63,51),(1870,'ADD_FAVORITE','2026-05-10 14:07:05.810960',NULL,NULL,NULL,63,51),(1871,'VIEW_DETAILS','2026-05-26 14:07:05.813328',NULL,NULL,NULL,63,51),(1872,'CLICK_BOOKING','2026-04-21 14:07:05.814412',NULL,NULL,NULL,63,29),(1873,'ADD_FAVORITE','2026-04-22 14:07:05.814986',NULL,NULL,NULL,63,41),(1874,'CLICK_BOOKING','2026-05-23 14:07:05.817444',NULL,NULL,NULL,63,41),(1875,'VIEW_DETAILS','2026-06-08 14:07:05.819568',NULL,NULL,NULL,63,7),(1876,'ADD_FAVORITE','2026-05-06 14:07:05.821347',NULL,NULL,NULL,63,7),(1877,'ADD_FAVORITE','2026-05-20 14:07:05.823633',NULL,NULL,NULL,63,42),(1878,'VIEW_DETAILS','2026-04-24 14:07:05.829097',NULL,NULL,NULL,63,25),(1879,'CLICK_BOOKING','2026-05-31 14:07:05.829691',NULL,NULL,NULL,63,16),(1880,'VIEW_DETAILS','2026-06-08 14:07:05.831008',NULL,NULL,NULL,63,16),(1881,'ADD_FAVORITE','2026-06-16 14:07:05.832372',NULL,NULL,NULL,63,16),(1882,'CLICK_BOOKING','2026-06-08 14:07:05.834298',NULL,NULL,NULL,63,32),(1883,'ADD_FAVORITE','2026-06-05 14:07:05.836091',NULL,NULL,NULL,63,32),(1884,'ADD_FAVORITE','2026-04-25 14:07:05.839342',NULL,NULL,NULL,63,55),(1885,'CLICK_BOOKING','2026-05-13 14:07:05.841610',NULL,NULL,NULL,64,30),(1886,'ADD_FAVORITE','2026-04-28 14:07:05.842811',NULL,NULL,NULL,64,30),(1887,'VIEW_DETAILS','2026-06-01 14:07:05.845354',NULL,NULL,NULL,64,48),(1888,'VIEW_DETAILS','2026-06-02 14:07:05.845968',NULL,NULL,NULL,64,42),(1889,'CLICK_BOOKING','2026-05-16 14:07:05.847274',NULL,NULL,NULL,64,42),(1890,'ADD_FAVORITE','2026-05-25 14:07:05.848496',NULL,NULL,NULL,64,42),(1891,'VIEW_DETAILS','2026-04-20 14:07:05.850540',NULL,NULL,NULL,64,25),(1892,'CLICK_BOOKING','2026-06-10 14:07:05.852691',NULL,NULL,NULL,64,25),(1893,'ADD_FAVORITE','2026-05-06 14:07:05.853933',NULL,NULL,NULL,64,25),(1894,'VIEW_DETAILS','2026-05-08 14:07:05.859232',NULL,NULL,NULL,64,24),(1895,'CLICK_BOOKING','2026-05-17 14:07:05.863089',NULL,NULL,NULL,64,41),(1896,'ADD_FAVORITE','2026-04-19 14:07:05.864382',NULL,NULL,NULL,64,41),(1897,'CLICK_BOOKING','2026-05-26 14:07:05.869499',NULL,NULL,NULL,64,15),(1898,'VIEW_DETAILS','2026-05-05 14:07:05.871254',NULL,NULL,NULL,64,15),(1899,'ADD_FAVORITE','2026-05-24 14:07:05.873030',NULL,NULL,NULL,64,38),(1900,'CLICK_BOOKING','2026-05-28 14:07:05.874073',NULL,NULL,NULL,64,38),(1901,'ADD_FAVORITE','2026-05-04 14:07:05.878841',NULL,NULL,NULL,64,27),(1902,'VIEW_DETAILS','2026-06-11 14:07:05.878841',NULL,NULL,NULL,64,27),(1903,'CLICK_BOOKING','2026-05-10 14:07:05.878841',NULL,NULL,NULL,64,27),(1904,'VIEW_DETAILS','2026-06-01 14:07:05.878841',NULL,NULL,NULL,64,46),(1905,'VIEW_DETAILS','2026-05-12 14:07:05.885431',NULL,NULL,NULL,64,31),(1906,'ADD_FAVORITE','2026-06-02 14:07:05.885431',NULL,NULL,NULL,64,31),(1907,'CLICK_BOOKING','2026-05-25 14:07:05.891337',NULL,NULL,NULL,64,31),(1908,'VIEW_DETAILS','2026-05-08 14:07:05.894098',NULL,NULL,NULL,64,12),(1909,'VIEW_DETAILS','2026-06-04 14:07:05.895288',NULL,NULL,NULL,64,18),(1910,'CLICK_BOOKING','2026-04-30 14:07:05.896445',NULL,NULL,NULL,64,18),(1911,'VIEW_DETAILS','2026-05-20 14:07:05.900252',NULL,NULL,NULL,64,34),(1912,'ADD_FAVORITE','2026-06-13 14:07:05.902338',NULL,NULL,NULL,64,34),(1913,'VIEW_DETAILS','2026-05-20 14:07:05.907035',NULL,NULL,NULL,64,50),(1943,'VIEW_DETAILS','2026-05-02 14:07:05.971810',NULL,NULL,NULL,66,17),(1944,'ADD_FAVORITE','2026-05-27 14:07:05.972884',NULL,NULL,NULL,66,17),(1945,'CLICK_BOOKING','2026-05-29 14:07:05.976857',NULL,NULL,NULL,66,19),(1946,'ADD_FAVORITE','2026-06-06 14:07:05.978036',NULL,NULL,NULL,66,13),(1947,'ADD_FAVORITE','2026-04-30 14:07:05.981502',NULL,NULL,NULL,66,12),(1948,'VIEW_DETAILS','2026-05-22 14:07:05.984275',NULL,NULL,NULL,66,12),(1949,'ADD_FAVORITE','2026-05-24 14:07:05.989041',NULL,NULL,NULL,66,51),(1950,'VIEW_DETAILS','2026-05-28 14:07:05.991489',NULL,NULL,NULL,66,21),(1951,'CLICK_BOOKING','2026-06-12 14:07:05.992739',NULL,NULL,NULL,66,21),(1952,'ADD_FAVORITE','2026-06-01 14:07:05.993944',NULL,NULL,NULL,66,21),(1953,'CLICK_BOOKING','2026-04-21 14:07:05.998507',NULL,NULL,NULL,66,50),(1954,'VIEW_DETAILS','2026-04-19 14:07:05.999387',NULL,NULL,NULL,66,6),(1955,'ADD_FAVORITE','2026-05-16 14:07:06.000539',NULL,NULL,NULL,66,6),(1956,'CLICK_BOOKING','2026-04-29 14:07:06.003308',NULL,NULL,NULL,66,6),(1957,'ADD_FAVORITE','2026-06-11 14:07:06.007326',NULL,NULL,NULL,66,27),(1958,'CLICK_BOOKING','2026-06-08 14:07:06.009171',NULL,NULL,NULL,66,27),(1959,'VIEW_DETAILS','2026-04-28 14:07:06.010502',NULL,NULL,NULL,66,27),(1960,'VIEW_DETAILS','2026-05-03 14:07:06.011711',NULL,NULL,NULL,66,31),(1961,'ADD_FAVORITE','2026-05-25 14:07:06.012263',NULL,NULL,NULL,66,15),(1962,'CLICK_BOOKING','2026-04-24 14:07:06.014061',NULL,NULL,NULL,66,15),(1963,'VIEW_DETAILS','2026-05-13 14:07:06.015102',NULL,NULL,NULL,66,15),(1964,'CLICK_BOOKING','2026-05-22 14:07:06.020068',NULL,NULL,NULL,66,22),(1965,'ADD_FAVORITE','2026-06-03 14:07:06.021960',NULL,NULL,NULL,66,22),(1966,'VIEW_DETAILS','2026-05-06 14:07:06.024312',NULL,NULL,NULL,66,22),(1967,'VIEW_DETAILS','2026-06-02 14:07:06.025607',NULL,NULL,NULL,66,49),(1968,'CLICK_BOOKING','2026-05-26 14:07:06.026178',NULL,NULL,NULL,66,49),(1969,'CLICK_BOOKING','2026-04-19 14:07:06.027416',NULL,NULL,NULL,66,30),(1970,'CLICK_BOOKING','2026-06-04 14:07:06.028723',NULL,NULL,NULL,66,28),(1971,'VIEW_DETAILS','2026-05-02 14:07:06.029960',NULL,NULL,NULL,66,28),(1972,'ADD_FAVORITE','2026-04-28 14:07:06.031255',NULL,NULL,NULL,66,28),(1973,'VIEW_DETAILS','2026-04-21 14:07:06.033855',NULL,NULL,NULL,67,8),(1974,'ADD_FAVORITE','2026-06-16 14:07:06.035027',NULL,NULL,NULL,67,8),(1975,'ADD_FAVORITE','2026-05-24 14:07:06.040320',NULL,NULL,NULL,67,14),(1976,'VIEW_DETAILS','2026-05-05 14:07:06.042067',NULL,NULL,NULL,67,14),(1977,'VIEW_DETAILS','2026-05-20 14:07:06.043233',NULL,NULL,NULL,67,12),(1978,'ADD_FAVORITE','2026-05-29 14:07:06.044322',NULL,NULL,NULL,67,33),(1979,'ADD_FAVORITE','2026-05-31 14:07:06.046022',NULL,NULL,NULL,67,22),(1980,'CLICK_BOOKING','2026-05-16 14:07:06.047705',NULL,NULL,NULL,67,18),(1981,'VIEW_DETAILS','2026-05-24 14:07:06.048322',NULL,NULL,NULL,67,18),(1982,'VIEW_DETAILS','2026-06-07 14:07:06.049406',NULL,NULL,NULL,67,51),(1983,'ADD_FAVORITE','2026-05-26 14:07:06.050585',NULL,NULL,NULL,67,3),(1984,'CLICK_BOOKING','2026-04-25 14:07:06.055615',NULL,NULL,NULL,67,3),(1985,'VIEW_DETAILS','2026-06-15 14:07:06.056895',NULL,NULL,NULL,67,3),(1986,'VIEW_DETAILS','2026-06-03 14:07:06.060545',NULL,NULL,NULL,67,45),(1987,'CLICK_BOOKING','2026-05-25 14:07:06.061789',NULL,NULL,NULL,67,45),(1988,'VIEW_DETAILS','2026-04-21 14:07:06.065591',NULL,NULL,NULL,67,1),(1989,'VIEW_DETAILS','2026-05-09 14:07:06.066735',NULL,NULL,NULL,67,11),(1990,'ADD_FAVORITE','2026-05-19 14:07:06.068221',NULL,NULL,NULL,67,47),(1991,'CLICK_BOOKING','2026-06-15 14:07:06.071522',NULL,NULL,NULL,67,47),(1992,'VIEW_DETAILS','2026-06-15 14:07:06.071522',NULL,NULL,NULL,67,47),(1993,'ADD_FAVORITE','2026-06-09 14:07:06.071522',NULL,NULL,NULL,67,28),(1994,'CLICK_BOOKING','2026-05-13 14:07:06.074609',NULL,NULL,NULL,67,27),(1995,'VIEW_DETAILS','2026-05-09 14:07:06.074609',NULL,NULL,NULL,67,27),(1996,'CLICK_BOOKING','2026-06-04 14:07:06.081870',NULL,NULL,NULL,67,10),(2028,'CLICK_BOOKING','2026-05-12 14:07:06.141849',NULL,NULL,NULL,69,16),(2029,'VIEW_DETAILS','2026-05-24 14:07:06.142434',NULL,NULL,NULL,69,16),(2030,'ADD_FAVORITE','2026-05-09 14:07:06.144069',NULL,NULL,NULL,69,15),(2031,'VIEW_DETAILS','2026-05-01 14:07:06.145788',NULL,NULL,NULL,69,15),(2032,'CLICK_BOOKING','2026-04-26 14:07:06.146924',NULL,NULL,NULL,69,15),(2033,'VIEW_DETAILS','2026-04-19 14:07:06.148078',NULL,NULL,NULL,69,43),(2034,'CLICK_BOOKING','2026-06-12 14:07:06.149191',NULL,NULL,NULL,69,19),(2035,'CLICK_BOOKING','2026-05-08 14:07:06.154360',NULL,NULL,NULL,69,39),(2036,'VIEW_DETAILS','2026-05-30 14:07:06.158309',NULL,NULL,NULL,69,14),(2037,'ADD_FAVORITE','2026-05-03 14:07:06.159522',NULL,NULL,NULL,69,14),(2038,'CLICK_BOOKING','2026-06-05 14:07:06.162621',NULL,NULL,NULL,69,14),(2039,'CLICK_BOOKING','2026-05-02 14:07:06.165636',NULL,NULL,NULL,69,31),(2040,'CLICK_BOOKING','2026-05-02 14:07:06.170367',NULL,NULL,NULL,69,40),(2041,'ADD_FAVORITE','2026-05-24 14:07:06.171798',NULL,NULL,NULL,69,40),(2042,'VIEW_DETAILS','2026-05-06 14:07:06.174708',NULL,NULL,NULL,69,40),(2043,'ADD_FAVORITE','2026-05-24 14:07:06.178870',NULL,NULL,NULL,69,27),(2044,'CLICK_BOOKING','2026-05-15 14:07:06.182460',NULL,NULL,NULL,69,27),(2045,'CLICK_BOOKING','2026-06-05 14:07:06.187999',NULL,NULL,NULL,69,13),(2046,'VIEW_DETAILS','2026-05-30 14:07:06.193911',NULL,NULL,NULL,69,13),(2047,'CLICK_BOOKING','2026-06-05 14:07:06.195305',NULL,NULL,NULL,69,10),(2048,'ADD_FAVORITE','2026-04-26 14:07:06.196376',NULL,NULL,NULL,69,10),(2049,'ADD_FAVORITE','2026-05-13 14:07:06.199165',NULL,NULL,NULL,69,46),(2050,'CLICK_BOOKING','2026-06-07 14:07:06.202180',NULL,NULL,NULL,69,46),(2051,'VIEW_DETAILS','2026-05-20 14:07:06.204396',NULL,NULL,NULL,69,46),(2052,'CLICK_BOOKING','2026-05-03 14:07:06.208800',NULL,NULL,NULL,69,1),(2053,'ADD_FAVORITE','2026-05-17 14:07:06.209891',NULL,NULL,NULL,69,1),(2054,'VIEW_DETAILS','2026-04-21 14:07:06.212583',NULL,NULL,NULL,69,34),(2055,'ADD_FAVORITE','2026-05-11 14:07:06.213742',NULL,NULL,NULL,69,34),(2056,'CLICK_BOOKING','2026-05-15 14:07:06.217157',NULL,NULL,NULL,69,34),(2057,'CLICK_BOOKING','2026-06-01 14:07:06.218806',NULL,NULL,NULL,69,44),(2058,'VIEW_DETAILS','2026-04-21 14:07:06.223971',NULL,NULL,NULL,70,31),(2059,'CLICK_BOOKING','2026-05-05 14:07:06.225090',NULL,NULL,NULL,70,55),(2060,'VIEW_DETAILS','2026-04-27 14:07:06.226223',NULL,NULL,NULL,70,55),(2061,'ADD_FAVORITE','2026-06-09 14:07:06.227287',NULL,NULL,NULL,70,55),(2062,'ADD_FAVORITE','2026-06-12 14:07:06.231828',NULL,NULL,NULL,70,14),(2063,'CLICK_BOOKING','2026-05-23 14:07:06.235620',NULL,NULL,NULL,70,14),(2064,'VIEW_DETAILS','2026-06-12 14:07:06.237976',NULL,NULL,NULL,70,14),(2065,'ADD_FAVORITE','2026-05-16 14:07:06.239674',NULL,NULL,NULL,70,38),(2066,'CLICK_BOOKING','2026-04-23 14:07:06.242434',NULL,NULL,NULL,70,38),(2067,'VIEW_DETAILS','2026-06-12 14:07:06.243540',NULL,NULL,NULL,70,38),(2068,'VIEW_DETAILS','2026-04-20 14:07:06.247456',NULL,NULL,NULL,70,32),(2069,'ADD_FAVORITE','2026-06-07 14:07:06.248560',NULL,NULL,NULL,70,32),(2070,'VIEW_DETAILS','2026-06-16 14:07:06.252497',NULL,NULL,NULL,70,29),(2071,'ADD_FAVORITE','2026-06-15 14:07:06.254725',NULL,NULL,NULL,70,29),(2072,'VIEW_DETAILS','2026-06-06 14:07:06.256870',NULL,NULL,NULL,70,8),(2073,'CLICK_BOOKING','2026-06-16 14:07:06.256870',NULL,NULL,NULL,70,8),(2074,'ADD_FAVORITE','2026-05-19 14:07:06.258972',NULL,NULL,NULL,70,36),(2075,'VIEW_DETAILS','2026-06-01 14:07:06.260762',NULL,NULL,NULL,70,36),(2076,'VIEW_DETAILS','2026-06-16 14:07:06.261876',NULL,NULL,NULL,70,45),(2077,'CLICK_BOOKING','2026-05-04 14:07:06.262412',NULL,NULL,NULL,70,45),(2078,'ADD_FAVORITE','2026-04-22 14:07:06.264085',NULL,NULL,NULL,70,45),(2079,'VIEW_DETAILS','2026-05-02 14:07:06.265757',NULL,NULL,NULL,70,51),(2080,'CLICK_BOOKING','2026-04-27 14:07:06.267890',NULL,NULL,NULL,70,51),(2081,'ADD_FAVORITE','2026-04-23 14:07:06.273081',NULL,NULL,NULL,70,30),(2082,'VIEW_DETAILS','2026-05-28 14:07:06.277753',NULL,NULL,NULL,70,25),(2083,'ADD_FAVORITE','2026-06-08 14:07:06.278842',NULL,NULL,NULL,70,43),(2084,'CLICK_BOOKING','2026-05-17 14:07:06.281143',NULL,NULL,NULL,70,43),(2085,'VIEW_DETAILS','2026-06-09 14:07:06.282235',NULL,NULL,NULL,70,43),(2086,'CLICK_BOOKING','2026-05-15 14:07:06.282794',NULL,NULL,NULL,70,16),(2087,'VIEW_DETAILS','2026-05-29 14:07:06.284170',NULL,NULL,NULL,70,9),(2088,'ADD_FAVORITE','2026-05-20 14:07:06.286149',NULL,NULL,NULL,70,9),(2089,'CLICK_BOOKING','2026-05-11 14:07:06.289033',NULL,NULL,NULL,70,9),(2090,'CLICK_BOOKING','2026-04-29 14:07:06.289661',NULL,NULL,NULL,71,32),(2091,'VIEW_DETAILS','2026-05-16 14:07:06.291484',NULL,NULL,NULL,71,32),(2092,'ADD_FAVORITE','2026-05-06 14:07:06.292757',NULL,NULL,NULL,71,32),(2093,'ADD_FAVORITE','2026-04-29 14:07:06.295157',NULL,NULL,NULL,71,15),(2094,'CLICK_BOOKING','2026-06-15 14:07:06.297461',NULL,NULL,NULL,71,15),(2095,'CLICK_BOOKING','2026-04-26 14:07:06.298591',NULL,NULL,NULL,71,35),(2096,'ADD_FAVORITE','2026-05-23 14:07:06.302160',NULL,NULL,NULL,71,36),(2097,'CLICK_BOOKING','2026-04-21 14:07:06.305117',NULL,NULL,NULL,71,36),(2098,'VIEW_DETAILS','2026-06-09 14:07:06.306338',NULL,NULL,NULL,71,36),(2099,'CLICK_BOOKING','2026-05-20 14:07:06.309497',NULL,NULL,NULL,71,38),(2100,'ADD_FAVORITE','2026-05-18 14:07:06.310761',NULL,NULL,NULL,71,38),(2101,'VIEW_DETAILS','2026-04-25 14:07:06.312356',NULL,NULL,NULL,71,40),(2102,'ADD_FAVORITE','2026-04-19 14:07:06.312356',NULL,NULL,NULL,71,40),(2103,'CLICK_BOOKING','2026-04-24 14:07:06.315416',NULL,NULL,NULL,71,40),(2104,'CLICK_BOOKING','2026-05-12 14:07:06.319023',NULL,NULL,NULL,71,8),(2105,'VIEW_DETAILS','2026-05-18 14:07:06.321039',NULL,NULL,NULL,71,8),(2106,'ADD_FAVORITE','2026-05-07 14:07:06.321039',NULL,NULL,NULL,71,8),(2107,'VIEW_DETAILS','2026-05-16 14:07:06.321039',NULL,NULL,NULL,71,29),(2108,'ADD_FAVORITE','2026-04-30 14:07:06.321039',NULL,NULL,NULL,71,29),(2109,'ADD_FAVORITE','2026-06-15 14:07:06.321039',NULL,NULL,NULL,71,46),(2110,'CLICK_BOOKING','2026-05-02 14:07:06.330476',NULL,NULL,NULL,71,46),(2111,'VIEW_DETAILS','2026-05-23 14:07:06.332437',NULL,NULL,NULL,71,46),(2112,'VIEW_DETAILS','2026-05-26 14:07:06.336620',NULL,NULL,NULL,71,39),(2113,'CLICK_BOOKING','2026-06-16 14:07:06.338404',NULL,NULL,NULL,71,39),(2114,'ADD_FAVORITE','2026-05-19 14:07:06.339591',NULL,NULL,NULL,71,39),(2115,'ADD_FAVORITE','2026-05-04 14:07:06.341865',NULL,NULL,NULL,71,13),(2116,'CLICK_BOOKING','2026-05-06 14:07:06.344308',NULL,NULL,NULL,71,13),(2117,'CLICK_BOOKING','2026-04-24 14:07:06.345507',NULL,NULL,NULL,71,9),(2118,'ADD_FAVORITE','2026-05-26 14:07:06.346862',NULL,NULL,NULL,71,9),(2119,'VIEW_DETAILS','2026-05-30 14:07:06.349095',NULL,NULL,NULL,71,9),(2120,'VIEW_DETAILS','2026-04-30 14:07:06.350325',NULL,NULL,NULL,71,14),(2121,'CLICK_BOOKING','2026-05-06 14:07:06.351517',NULL,NULL,NULL,71,14),(2122,'ADD_FAVORITE','2026-06-07 14:07:06.353233',NULL,NULL,NULL,71,14),(2123,'VIEW_DETAILS','2026-05-14 14:07:06.355672',NULL,NULL,NULL,71,18),(2124,'ADD_FAVORITE','2026-05-06 14:07:06.357008',NULL,NULL,NULL,71,18),(2125,'ADD_FAVORITE','2026-05-21 14:07:06.359595',NULL,NULL,NULL,71,43),(2126,'VIEW_DETAILS','2026-04-28 14:07:06.361972',NULL,NULL,NULL,71,43),(2127,'CLICK_BOOKING','2026-04-30 14:07:06.365077',NULL,NULL,NULL,72,14),(2128,'CLICK_BOOKING','2026-06-16 14:07:06.366358',NULL,NULL,NULL,72,50),(2129,'ADD_FAVORITE','2026-05-30 14:07:06.367610',NULL,NULL,NULL,72,50),(2130,'VIEW_DETAILS','2026-05-07 14:07:06.370817',NULL,NULL,NULL,72,3),(2131,'VIEW_DETAILS','2026-05-29 14:07:06.372040',NULL,NULL,NULL,72,19),(2132,'CLICK_BOOKING','2026-05-21 14:07:06.373317',NULL,NULL,NULL,72,19),(2133,'ADD_FAVORITE','2026-05-03 14:07:06.374717',NULL,NULL,NULL,72,19),(2134,'VIEW_DETAILS','2026-04-22 14:07:06.377034',NULL,NULL,NULL,72,49),(2135,'CLICK_BOOKING','2026-05-16 14:07:06.378250',NULL,NULL,NULL,72,18),(2136,'CLICK_BOOKING','2026-05-04 14:07:06.381460',NULL,NULL,NULL,72,29),(2137,'ADD_FAVORITE','2026-05-13 14:07:06.382676',NULL,NULL,NULL,72,29),(2138,'VIEW_DETAILS','2026-06-09 14:07:06.386087',NULL,NULL,NULL,72,29),(2139,'VIEW_DETAILS','2026-05-28 14:07:06.390996',NULL,NULL,NULL,72,32),(2140,'ADD_FAVORITE','2026-04-24 14:07:06.392159',NULL,NULL,NULL,72,32),(2141,'CLICK_BOOKING','2026-05-17 14:07:06.394955',NULL,NULL,NULL,72,32),(2142,'CLICK_BOOKING','2026-04-19 14:07:06.394955',NULL,NULL,NULL,72,30),(2143,'VIEW_DETAILS','2026-04-29 14:07:06.396574',NULL,NULL,NULL,72,30),(2144,'CLICK_BOOKING','2026-05-25 14:07:06.401383',NULL,NULL,NULL,72,5),(2145,'VIEW_DETAILS','2026-05-22 14:07:06.402301',NULL,NULL,NULL,72,5),(2146,'ADD_FAVORITE','2026-05-10 14:07:06.404811',NULL,NULL,NULL,72,44),(2147,'VIEW_DETAILS','2026-05-10 14:07:06.404811',NULL,NULL,NULL,72,44),(2148,'CLICK_BOOKING','2026-05-04 14:07:06.404811',NULL,NULL,NULL,72,44),(2149,'VIEW_DETAILS','2026-06-01 14:07:06.404811',NULL,NULL,NULL,72,15),(2150,'ADD_FAVORITE','2026-05-01 14:07:06.404811',NULL,NULL,NULL,72,15),(2151,'CLICK_BOOKING','2026-05-22 14:07:06.404811',NULL,NULL,NULL,72,15),(2152,'CLICK_BOOKING','2026-04-21 14:07:06.404811',NULL,NULL,NULL,72,53),(2153,'VIEW_DETAILS','2026-06-06 14:07:06.404811',NULL,NULL,NULL,72,53),(2154,'VIEW_DETAILS','2026-05-09 14:07:06.418888',NULL,NULL,NULL,72,38),(2155,'CLICK_BOOKING','2026-05-22 14:07:06.420183',NULL,NULL,NULL,72,38),(2156,'CLICK_BOOKING','2026-06-05 14:07:06.422003',NULL,NULL,NULL,72,20),(2157,'ADD_FAVORITE','2026-05-19 14:07:06.425658',NULL,NULL,NULL,73,28),(2158,'CLICK_BOOKING','2026-05-15 14:07:06.428003',NULL,NULL,NULL,73,30),(2159,'VIEW_DETAILS','2026-05-07 14:07:06.428515',NULL,NULL,NULL,73,30),(2160,'ADD_FAVORITE','2026-06-08 14:07:06.429941',NULL,NULL,NULL,73,30),(2161,'VIEW_DETAILS','2026-06-06 14:07:06.431812',NULL,NULL,NULL,73,45),(2162,'CLICK_BOOKING','2026-05-09 14:07:06.433170',NULL,NULL,NULL,73,45),(2163,'ADD_FAVORITE','2026-04-30 14:07:06.434501',NULL,NULL,NULL,73,45),(2164,'VIEW_DETAILS','2026-05-04 14:07:06.439547',NULL,NULL,NULL,73,52),(2165,'CLICK_BOOKING','2026-06-15 14:07:06.440704',NULL,NULL,NULL,73,6),(2166,'CLICK_BOOKING','2026-04-27 14:07:06.441711',NULL,NULL,NULL,73,46),(2167,'VIEW_DETAILS','2026-05-18 14:07:06.442955',NULL,NULL,NULL,73,46),(2168,'ADD_FAVORITE','2026-05-26 14:07:06.444231',NULL,NULL,NULL,73,46),(2169,'VIEW_DETAILS','2026-06-16 14:07:06.446113',NULL,NULL,NULL,73,23),(2170,'VIEW_DETAILS','2026-05-07 14:07:06.449749',NULL,NULL,NULL,73,51),(2171,'ADD_FAVORITE','2026-04-22 14:07:06.450361',NULL,NULL,NULL,73,51),(2172,'CLICK_BOOKING','2026-05-02 14:07:06.453849',NULL,NULL,NULL,73,9),(2173,'ADD_FAVORITE','2026-06-14 14:07:06.454943',NULL,NULL,NULL,73,9),(2174,'VIEW_DETAILS','2026-06-01 14:07:06.457152',NULL,NULL,NULL,73,39),(2175,'VIEW_DETAILS','2026-04-25 14:07:06.458277',NULL,NULL,NULL,73,14),(2176,'VIEW_DETAILS','2026-05-26 14:07:06.461624',NULL,NULL,NULL,73,53),(2177,'ADD_FAVORITE','2026-05-11 14:07:06.462780',NULL,NULL,NULL,73,53),(2178,'CLICK_BOOKING','2026-05-01 14:07:06.464595',NULL,NULL,NULL,73,53),(2179,'CLICK_BOOKING','2026-05-28 14:07:06.465170',NULL,NULL,NULL,73,11),(2180,'ADD_FAVORITE','2026-05-04 14:07:06.466393',NULL,NULL,NULL,73,11),(2181,'VIEW_DETAILS','2026-05-16 14:07:06.470209',NULL,NULL,NULL,73,11),(2182,'CLICK_BOOKING','2026-06-14 14:07:06.473577',NULL,NULL,NULL,73,50),(2183,'CLICK_BOOKING','2026-05-01 14:07:06.474713',NULL,NULL,NULL,73,55),(2184,'CLICK_BOOKING','2026-04-22 14:07:06.475865',NULL,NULL,NULL,74,54),(2185,'CLICK_BOOKING','2026-04-27 14:07:06.478696',NULL,NULL,NULL,74,32),(2186,'ADD_FAVORITE','2026-05-18 14:07:06.479903',NULL,NULL,NULL,74,32),(2187,'ADD_FAVORITE','2026-06-07 14:07:06.482089',NULL,NULL,NULL,74,28),(2188,'VIEW_DETAILS','2026-06-05 14:07:06.484102',NULL,NULL,NULL,74,28),(2189,'VIEW_DETAILS','2026-06-16 14:07:06.486052',NULL,NULL,NULL,74,36),(2190,'CLICK_BOOKING','2026-05-22 14:07:06.490024',NULL,NULL,NULL,74,31),(2191,'VIEW_DETAILS','2026-05-06 14:07:06.491185',NULL,NULL,NULL,74,34),(2192,'ADD_FAVORITE','2026-05-13 14:07:06.492291',NULL,NULL,NULL,74,34),(2193,'CLICK_BOOKING','2026-05-18 14:07:06.494835',NULL,NULL,NULL,74,34),(2194,'CLICK_BOOKING','2026-05-16 14:07:06.498355',NULL,NULL,NULL,74,9),(2195,'VIEW_DETAILS','2026-05-21 14:07:06.502660',NULL,NULL,NULL,74,11),(2196,'ADD_FAVORITE','2026-05-25 14:07:06.504440',NULL,NULL,NULL,74,11),(2197,'CLICK_BOOKING','2026-05-17 14:07:06.506879',NULL,NULL,NULL,74,11),(2198,'CLICK_BOOKING','2026-04-25 14:07:06.508062',NULL,NULL,NULL,74,1),(2199,'VIEW_DETAILS','2026-05-04 14:07:06.509204',NULL,NULL,NULL,74,1),(2200,'ADD_FAVORITE','2026-06-07 14:07:06.512661',NULL,NULL,NULL,74,39),(2201,'VIEW_DETAILS','2026-06-05 14:07:06.514904',NULL,NULL,NULL,74,52),(2202,'CLICK_BOOKING','2026-05-06 14:07:06.516089',NULL,NULL,NULL,74,52),(2203,'ADD_FAVORITE','2026-04-30 14:07:06.516688',NULL,NULL,NULL,74,52),(2204,'VIEW_DETAILS','2026-05-28 14:07:06.522388',NULL,NULL,NULL,74,23),(2205,'CLICK_BOOKING','2026-06-11 14:07:06.523572',NULL,NULL,NULL,74,23),(2206,'VIEW_DETAILS','2026-06-01 14:07:06.524704',NULL,NULL,NULL,74,21),(2207,'ADD_FAVORITE','2026-04-21 14:07:06.525264',NULL,NULL,NULL,74,21),(2208,'CLICK_BOOKING','2026-04-20 14:07:06.526935',NULL,NULL,NULL,74,21),(2209,'VIEW_DETAILS','2026-04-19 14:07:06.528127',NULL,NULL,NULL,74,37),(2210,'CLICK_BOOKING','2026-05-08 14:07:06.531609',NULL,NULL,NULL,74,26),(2211,'ADD_FAVORITE','2026-05-20 14:07:06.532747',NULL,NULL,NULL,74,26),(2212,'CLICK_BOOKING','2026-05-16 14:07:06.535407',NULL,NULL,NULL,75,50),(2213,'VIEW_DETAILS','2026-05-22 14:07:06.537294',NULL,NULL,NULL,75,11),(2214,'CLICK_BOOKING','2026-04-27 14:07:06.538464',NULL,NULL,NULL,75,11),(2215,'CLICK_BOOKING','2026-06-11 14:07:06.539607',NULL,NULL,NULL,75,19),(2216,'ADD_FAVORITE','2026-05-01 14:07:06.540732',NULL,NULL,NULL,75,19),(2217,'VIEW_DETAILS','2026-05-02 14:07:06.543455',NULL,NULL,NULL,75,19),(2218,'CLICK_BOOKING','2026-05-30 14:07:06.546887',NULL,NULL,NULL,75,37),(2219,'ADD_FAVORITE','2026-05-03 14:07:06.547442',NULL,NULL,NULL,75,37),(2220,'CLICK_BOOKING','2026-05-08 14:07:06.550376',NULL,NULL,NULL,75,27),(2221,'VIEW_DETAILS','2026-05-16 14:07:06.553911',NULL,NULL,NULL,75,47),(2222,'ADD_FAVORITE','2026-04-22 14:07:06.556273',NULL,NULL,NULL,75,28),(2223,'CLICK_BOOKING','2026-05-09 14:07:06.559537',NULL,NULL,NULL,75,28),(2224,'VIEW_DETAILS','2026-05-17 14:07:06.560666',NULL,NULL,NULL,75,28),(2225,'ADD_FAVORITE','2026-06-03 14:07:06.564501',NULL,NULL,NULL,75,14),(2226,'VIEW_DETAILS','2026-06-12 14:07:06.568699',NULL,NULL,NULL,75,41),(2227,'ADD_FAVORITE','2026-04-23 14:07:06.573744',NULL,NULL,NULL,75,29),(2228,'VIEW_DETAILS','2026-05-13 14:07:06.578650',NULL,NULL,NULL,75,24),(2229,'ADD_FAVORITE','2026-05-29 14:07:06.579805',NULL,NULL,NULL,75,24),(2230,'VIEW_DETAILS','2026-05-06 14:07:06.582129',NULL,NULL,NULL,75,25),(2231,'CLICK_BOOKING','2026-04-30 14:07:06.583479',NULL,NULL,NULL,75,25),(2232,'ADD_FAVORITE','2026-05-18 14:07:06.584732',NULL,NULL,NULL,75,25),(2233,'CLICK_BOOKING','2026-05-16 14:07:06.588316',NULL,NULL,NULL,75,12),(2234,'VIEW_DETAILS','2026-05-20 14:07:06.589459',NULL,NULL,NULL,75,12),(2235,'ADD_FAVORITE','2026-05-06 14:07:06.590544',NULL,NULL,NULL,75,18),(2236,'CLICK_BOOKING','2026-06-05 14:07:06.592739',NULL,NULL,NULL,75,18),(2237,'VIEW_DETAILS','2026-05-22 14:07:06.596904',NULL,NULL,NULL,75,44),(2238,'ADD_FAVORITE','2026-05-21 14:07:06.598058',NULL,NULL,NULL,75,44),(2239,'ADD_FAVORITE','2026-05-01 14:07:06.600394',NULL,NULL,NULL,76,50),(2240,'VIEW_DETAILS','2026-06-06 14:07:06.604184',NULL,NULL,NULL,76,50),(2241,'CLICK_BOOKING','2026-05-05 14:07:06.605860',NULL,NULL,NULL,76,50),(2242,'VIEW_DETAILS','2026-04-24 14:07:06.607022',NULL,NULL,NULL,76,13),(2243,'ADD_FAVORITE','2026-05-10 14:07:06.608245',NULL,NULL,NULL,76,13),(2244,'VIEW_DETAILS','2026-05-16 14:07:06.609851',NULL,NULL,NULL,76,46),(2245,'ADD_FAVORITE','2026-04-29 14:07:06.611394',NULL,NULL,NULL,76,46),(2246,'CLICK_BOOKING','2026-05-27 14:07:06.611394',NULL,NULL,NULL,76,46),(2247,'VIEW_DETAILS','2026-06-09 14:07:06.614446',NULL,NULL,NULL,76,37),(2248,'ADD_FAVORITE','2026-05-15 14:07:06.615983',NULL,NULL,NULL,76,37),(2249,'ADD_FAVORITE','2026-05-24 14:07:06.619677',NULL,NULL,NULL,76,17),(2250,'VIEW_DETAILS','2026-05-14 14:07:06.619677',NULL,NULL,NULL,76,21),(2251,'ADD_FAVORITE','2026-06-15 14:07:06.619677',NULL,NULL,NULL,76,21),(2252,'VIEW_DETAILS','2026-06-08 14:07:06.627419',NULL,NULL,NULL,76,51),(2253,'ADD_FAVORITE','2026-04-27 14:07:06.630537',NULL,NULL,NULL,76,51),(2254,'CLICK_BOOKING','2026-05-16 14:07:06.636136',NULL,NULL,NULL,76,19),(2255,'ADD_FAVORITE','2026-06-06 14:07:06.637882',NULL,NULL,NULL,76,19),(2256,'VIEW_DETAILS','2026-06-03 14:07:06.640739',NULL,NULL,NULL,76,19),(2257,'VIEW_DETAILS','2026-05-15 14:07:06.641676',NULL,NULL,NULL,76,49),(2258,'ADD_FAVORITE','2026-04-22 14:07:06.643297',NULL,NULL,NULL,76,49),(2259,'CLICK_BOOKING','2026-06-16 14:07:06.647841',NULL,NULL,NULL,76,14),(2260,'CLICK_BOOKING','2026-05-20 14:07:06.648905',NULL,NULL,NULL,76,34),(2261,'ADD_FAVORITE','2026-05-13 14:07:06.650149',NULL,NULL,NULL,76,34),(2262,'CLICK_BOOKING','2026-04-28 14:07:06.653441',NULL,NULL,NULL,76,45),(2263,'VIEW_DETAILS','2026-05-11 14:07:06.654629',NULL,NULL,NULL,76,45),(2264,'CLICK_BOOKING','2026-05-17 14:07:06.658445',NULL,NULL,NULL,76,9),(2265,'ADD_FAVORITE','2026-05-31 14:07:06.659671',NULL,NULL,NULL,76,9),(2266,'VIEW_DETAILS','2026-05-27 14:07:06.661428',NULL,NULL,NULL,76,9),(2267,'ADD_FAVORITE','2026-06-05 14:07:06.662576',NULL,NULL,NULL,76,4),(2268,'VIEW_DETAILS','2026-06-10 14:07:06.664971',NULL,NULL,NULL,76,42),(2269,'ADD_FAVORITE','2026-06-07 14:07:06.665536',NULL,NULL,NULL,76,42),(2270,'VIEW_DETAILS','2026-06-14 14:07:06.669332',NULL,NULL,NULL,77,32),(2271,'CLICK_BOOKING','2026-06-08 14:07:06.670954',NULL,NULL,NULL,77,36),(2272,'VIEW_DETAILS','2026-06-12 14:07:06.672130',NULL,NULL,NULL,77,36),(2273,'ADD_FAVORITE','2026-04-20 14:07:06.673716',NULL,NULL,NULL,77,21),(2274,'VIEW_DETAILS','2026-05-24 14:07:06.676001',NULL,NULL,NULL,77,21),(2275,'CLICK_BOOKING','2026-06-06 14:07:06.677148',NULL,NULL,NULL,77,21),(2276,'ADD_FAVORITE','2026-06-03 14:07:06.678351',NULL,NULL,NULL,77,22),(2277,'CLICK_BOOKING','2026-06-10 14:07:06.682294',NULL,NULL,NULL,77,3),(2278,'CLICK_BOOKING','2026-06-12 14:07:06.686988',NULL,NULL,NULL,77,4),(2279,'ADD_FAVORITE','2026-05-28 14:07:06.688189',NULL,NULL,NULL,77,4),(2280,'VIEW_DETAILS','2026-05-20 14:07:06.693155',NULL,NULL,NULL,77,9),(2281,'CLICK_BOOKING','2026-05-11 14:07:06.694327',NULL,NULL,NULL,77,9),(2282,'CLICK_BOOKING','2026-04-28 14:07:06.695550',NULL,NULL,NULL,77,56),(2283,'VIEW_DETAILS','2026-05-09 14:07:06.696733',NULL,NULL,NULL,77,56),(2284,'ADD_FAVORITE','2026-05-12 14:07:06.697973',NULL,NULL,NULL,77,56),(2285,'VIEW_DETAILS','2026-06-09 14:07:06.703070',NULL,NULL,NULL,77,38),(2286,'VIEW_DETAILS','2026-04-22 14:07:06.707451',NULL,NULL,NULL,77,49),(2287,'CLICK_BOOKING','2026-04-26 14:07:06.708686',NULL,NULL,NULL,77,11),(2288,'VIEW_DETAILS','2026-04-27 14:07:06.709884',NULL,NULL,NULL,77,11),(2289,'ADD_FAVORITE','2026-06-02 14:07:06.710491',NULL,NULL,NULL,77,11),(2290,'CLICK_BOOKING','2026-06-16 14:07:06.713013',NULL,NULL,NULL,77,24),(2291,'VIEW_DETAILS','2026-06-16 14:07:06.714202',NULL,NULL,NULL,77,25),(2292,'VIEW_DETAILS','2026-06-03 14:07:06.714851',NULL,NULL,NULL,77,48),(2293,'CLICK_BOOKING','2026-05-20 14:07:06.716584',NULL,NULL,NULL,77,48),(2294,'VIEW_DETAILS','2026-06-04 14:07:06.717837',NULL,NULL,NULL,77,31),(2295,'ADD_FAVORITE','2026-05-01 14:07:06.719615',NULL,NULL,NULL,77,31),(2296,'VIEW_DETAILS','2026-04-30 14:07:06.722032',NULL,NULL,NULL,78,6),(2297,'CLICK_BOOKING','2026-06-08 14:07:06.723293',NULL,NULL,NULL,78,6),(2298,'CLICK_BOOKING','2026-06-11 14:07:06.724558',NULL,NULL,NULL,78,8),(2299,'VIEW_DETAILS','2026-04-25 14:07:06.725199',NULL,NULL,NULL,78,8),(2300,'ADD_FAVORITE','2026-04-24 14:07:06.726503',NULL,NULL,NULL,78,8),(2301,'CLICK_BOOKING','2026-05-26 14:07:06.729057',NULL,NULL,NULL,78,32),(2302,'ADD_FAVORITE','2026-05-13 14:07:06.729632',NULL,NULL,NULL,78,32),(2303,'VIEW_DETAILS','2026-05-30 14:07:06.732006',NULL,NULL,NULL,78,32),(2304,'CLICK_BOOKING','2026-04-19 14:07:06.733319',NULL,NULL,NULL,78,47),(2305,'VIEW_DETAILS','2026-06-06 14:07:06.738487',NULL,NULL,NULL,78,30),(2306,'CLICK_BOOKING','2026-06-08 14:07:06.739613',NULL,NULL,NULL,78,30),(2307,'ADD_FAVORITE','2026-04-27 14:07:06.740925',NULL,NULL,NULL,78,21),(2308,'CLICK_BOOKING','2026-06-13 14:07:06.742698',NULL,NULL,NULL,78,21),(2309,'VIEW_DETAILS','2026-04-22 14:07:06.743990',NULL,NULL,NULL,78,21),(2310,'CLICK_BOOKING','2026-06-08 14:07:06.745160',NULL,NULL,NULL,78,34),(2311,'VIEW_DETAILS','2026-05-21 14:07:06.746281',NULL,NULL,NULL,78,34),(2312,'CLICK_BOOKING','2026-04-19 14:07:06.747435',NULL,NULL,NULL,78,26),(2313,'ADD_FAVORITE','2026-04-28 14:07:06.748655',NULL,NULL,NULL,78,26),(2314,'VIEW_DETAILS','2026-05-29 14:07:06.751021',NULL,NULL,NULL,78,26),(2315,'CLICK_BOOKING','2026-05-24 14:07:06.752707',NULL,NULL,NULL,78,44),(2316,'VIEW_DETAILS','2026-06-10 14:07:06.754318',NULL,NULL,NULL,78,12),(2317,'ADD_FAVORITE','2026-05-05 14:07:06.755403',NULL,NULL,NULL,78,12),(2318,'VIEW_DETAILS','2026-05-12 14:07:06.759429',NULL,NULL,NULL,78,35),(2319,'CLICK_BOOKING','2026-06-16 14:07:06.760811',NULL,NULL,NULL,78,35),(2320,'ADD_FAVORITE','2026-06-07 14:07:06.762013',NULL,NULL,NULL,78,35),(2321,'CLICK_BOOKING','2026-04-25 14:07:06.766663',NULL,NULL,NULL,78,39),(2322,'VIEW_DETAILS','2026-05-15 14:07:06.768237',NULL,NULL,NULL,78,39),(2323,'ADD_FAVORITE','2026-05-22 14:07:06.770164',NULL,NULL,NULL,78,39),(2324,'CLICK_BOOKING','2026-05-03 14:07:06.773240',NULL,NULL,NULL,78,48),(2325,'VIEW_DETAILS','2026-05-10 14:07:06.774542',NULL,NULL,NULL,78,16),(2326,'CLICK_BOOKING','2026-05-18 14:07:06.775829',NULL,NULL,NULL,78,16),(2327,'CLICK_BOOKING','2026-05-15 14:07:06.777017',NULL,NULL,NULL,78,4),(2328,'ADD_FAVORITE','2026-05-29 14:07:06.778193',NULL,NULL,NULL,78,4),(2329,'ADD_FAVORITE','2026-04-26 14:07:06.781939',NULL,NULL,NULL,79,46),(2330,'VIEW_DETAILS','2026-06-01 14:07:06.784673',NULL,NULL,NULL,79,46),(2331,'CLICK_BOOKING','2026-05-11 14:07:06.786654',NULL,NULL,NULL,79,46),(2332,'VIEW_DETAILS','2026-05-14 14:07:06.790410',NULL,NULL,NULL,79,1),(2333,'CLICK_BOOKING','2026-06-08 14:07:06.791577',NULL,NULL,NULL,79,7),(2334,'ADD_FAVORITE','2026-05-19 14:07:06.792768',NULL,NULL,NULL,79,7),(2335,'VIEW_DETAILS','2026-05-26 14:07:06.795290',NULL,NULL,NULL,79,7),(2336,'ADD_FAVORITE','2026-04-25 14:07:06.798863',NULL,NULL,NULL,79,34),(2337,'ADD_FAVORITE','2026-06-03 14:07:06.805733',NULL,NULL,NULL,79,48),(2338,'ADD_FAVORITE','2026-06-16 14:07:06.809716',NULL,NULL,NULL,79,40),(2339,'CLICK_BOOKING','2026-04-29 14:07:06.809716',NULL,NULL,NULL,79,54),(2340,'VIEW_DETAILS','2026-04-27 14:07:06.812781',NULL,NULL,NULL,79,54),(2341,'ADD_FAVORITE','2026-04-19 14:07:06.812781',NULL,NULL,NULL,79,54),(2342,'VIEW_DETAILS','2026-06-15 14:07:06.820095',NULL,NULL,NULL,79,28),(2343,'ADD_FAVORITE','2026-05-18 14:07:06.821863',NULL,NULL,NULL,79,28),(2344,'CLICK_BOOKING','2026-04-26 14:07:06.824294',NULL,NULL,NULL,79,28),(2345,'VIEW_DETAILS','2026-05-23 14:07:06.825505',NULL,NULL,NULL,79,25),(2346,'ADD_FAVORITE','2026-06-12 14:07:06.826715',NULL,NULL,NULL,79,26),(2347,'CLICK_BOOKING','2026-05-19 14:07:06.829210',NULL,NULL,NULL,79,26),(2348,'VIEW_DETAILS','2026-05-07 14:07:06.830406',NULL,NULL,NULL,79,56),(2349,'ADD_FAVORITE','2026-05-03 14:07:06.831644',NULL,NULL,NULL,79,56),(2350,'CLICK_BOOKING','2026-05-22 14:07:06.834069',NULL,NULL,NULL,79,12),(2351,'ADD_FAVORITE','2026-05-05 14:07:06.835403',NULL,NULL,NULL,79,12),(2352,'VIEW_DETAILS','2026-05-19 14:07:06.838877',NULL,NULL,NULL,79,9),(2353,'CLICK_BOOKING','2026-06-06 14:07:06.840015',NULL,NULL,NULL,79,33),(2354,'ADD_FAVORITE','2026-05-30 14:07:06.841167',NULL,NULL,NULL,79,33),(2355,'VIEW_DETAILS','2026-04-26 14:07:06.843415',NULL,NULL,NULL,79,24),(2356,'CLICK_BOOKING','2026-06-10 14:07:06.843993',NULL,NULL,NULL,79,24),(2357,'ADD_FAVORITE','2026-05-23 14:07:06.845195',NULL,NULL,NULL,79,24),(2358,'CLICK_BOOKING','2026-05-24 14:07:06.847590',NULL,NULL,NULL,80,54),(2359,'VIEW_DETAILS','2026-05-18 14:07:06.848701',NULL,NULL,NULL,80,54),(2360,'ADD_FAVORITE','2026-05-13 14:07:06.849850',NULL,NULL,NULL,80,54),(2361,'CLICK_BOOKING','2026-04-19 14:07:06.852664',NULL,NULL,NULL,80,9),(2362,'VIEW_DETAILS','2026-05-01 14:07:06.854407',NULL,NULL,NULL,80,9),(2363,'ADD_FAVORITE','2026-05-12 14:07:06.855610',NULL,NULL,NULL,80,9),(2364,'VIEW_DETAILS','2026-04-22 14:07:06.860421',NULL,NULL,NULL,80,51),(2365,'ADD_FAVORITE','2026-05-18 14:07:06.861628',NULL,NULL,NULL,80,51),(2366,'VIEW_DETAILS','2026-04-24 14:07:06.863934',NULL,NULL,NULL,80,10),(2367,'CLICK_BOOKING','2026-05-04 14:07:06.865117',NULL,NULL,NULL,80,10),(2368,'ADD_FAVORITE','2026-05-28 14:07:06.865786',NULL,NULL,NULL,80,10),(2369,'VIEW_DETAILS','2026-05-31 14:07:06.868238',NULL,NULL,NULL,80,22),(2370,'CLICK_BOOKING','2026-06-11 14:07:06.870363',NULL,NULL,NULL,80,22),(2371,'ADD_FAVORITE','2026-06-03 14:07:06.871614',NULL,NULL,NULL,80,22),(2372,'CLICK_BOOKING','2026-05-05 14:07:06.876223',NULL,NULL,NULL,80,16),(2373,'VIEW_DETAILS','2026-05-13 14:07:06.879950',NULL,NULL,NULL,80,47),(2374,'CLICK_BOOKING','2026-05-24 14:07:06.881140',NULL,NULL,NULL,80,47),(2375,'VIEW_DETAILS','2026-05-26 14:07:06.884917',NULL,NULL,NULL,80,3),(2376,'ADD_FAVORITE','2026-05-30 14:07:06.886505',NULL,NULL,NULL,80,3),(2377,'CLICK_BOOKING','2026-05-05 14:07:06.889497',NULL,NULL,NULL,80,3),(2378,'VIEW_DETAILS','2026-05-03 14:07:06.890706',NULL,NULL,NULL,80,29),(2379,'CLICK_BOOKING','2026-05-09 14:07:06.894745',NULL,NULL,NULL,80,5),(2380,'ADD_FAVORITE','2026-05-20 14:07:06.895809',NULL,NULL,NULL,80,5),(2381,'VIEW_DETAILS','2026-04-25 14:07:06.898324',NULL,NULL,NULL,80,12),(2382,'ADD_FAVORITE','2026-06-03 14:07:06.899484',NULL,NULL,NULL,80,12),(2383,'ADD_FAVORITE','2026-05-15 14:07:06.902086',NULL,NULL,NULL,80,46),(2384,'CLICK_BOOKING','2026-04-22 14:07:06.905679',NULL,NULL,NULL,80,46),(2385,'VIEW_DETAILS','2026-05-31 14:07:06.907584',NULL,NULL,NULL,80,46),(2386,'VIEW_DETAILS','2026-06-01 14:07:06.908705',NULL,NULL,NULL,80,28),(2387,'CLICK_BOOKING','2026-06-02 14:07:06.909936',NULL,NULL,NULL,80,32),(2388,'ADD_FAVORITE','2026-06-06 14:07:06.911220',NULL,NULL,NULL,80,32),(2389,'ADD_FAVORITE','2026-05-07 14:07:06.919985',NULL,NULL,NULL,80,31),(2390,'VIEW_DETAILS','2026-05-01 14:07:06.919985',NULL,NULL,NULL,80,31),(2391,'CLICK_BOOKING','2026-05-23 14:07:06.923098',NULL,NULL,NULL,80,31),(2392,'VIEW_DETAILS','2026-05-12 14:07:06.923098',NULL,NULL,NULL,81,31),(2393,'CLICK_BOOKING','2026-05-25 14:07:06.923098',NULL,NULL,NULL,81,31),(2394,'VIEW_DETAILS','2026-04-24 14:07:06.928402',NULL,NULL,NULL,81,13),(2395,'ADD_FAVORITE','2026-04-25 14:07:06.928402',NULL,NULL,NULL,81,13),(2396,'CLICK_BOOKING','2026-04-28 14:07:06.932691',NULL,NULL,NULL,81,13),(2397,'VIEW_DETAILS','2026-06-14 14:07:06.936068',NULL,NULL,NULL,81,10),(2398,'CLICK_BOOKING','2026-05-17 14:07:06.939414',NULL,NULL,NULL,81,10),(2399,'ADD_FAVORITE','2026-06-08 14:07:06.940651',NULL,NULL,NULL,81,16),(2400,'VIEW_DETAILS','2026-05-23 14:07:06.943324',NULL,NULL,NULL,81,16),(2401,'VIEW_DETAILS','2026-05-11 14:07:06.944398',NULL,NULL,NULL,81,20),(2402,'CLICK_BOOKING','2026-06-03 14:07:06.945473',NULL,NULL,NULL,81,20),(2403,'CLICK_BOOKING','2026-05-15 14:07:06.948259',NULL,NULL,NULL,81,22),(2404,'VIEW_DETAILS','2026-04-20 14:07:06.949417',NULL,NULL,NULL,81,22),(2405,'ADD_FAVORITE','2026-04-29 14:07:06.950626',NULL,NULL,NULL,81,22),(2406,'VIEW_DETAILS','2026-05-12 14:07:06.954698',NULL,NULL,NULL,81,8),(2407,'ADD_FAVORITE','2026-04-28 14:07:06.955921',NULL,NULL,NULL,81,8),(2408,'ADD_FAVORITE','2026-04-26 14:07:06.960582',NULL,NULL,NULL,81,40),(2409,'ADD_FAVORITE','2026-05-27 14:07:06.963285',NULL,NULL,NULL,81,7),(2410,'VIEW_DETAILS','2026-05-04 14:07:06.965523',NULL,NULL,NULL,81,7),(2411,'CLICK_BOOKING','2026-06-11 14:07:06.966843',NULL,NULL,NULL,81,7),(2412,'VIEW_DETAILS','2026-06-13 14:07:06.971574',NULL,NULL,NULL,81,27),(2413,'CLICK_BOOKING','2026-06-10 14:07:06.976760',NULL,NULL,NULL,81,14),(2414,'CLICK_BOOKING','2026-05-19 14:07:06.977959',NULL,NULL,NULL,81,55),(2415,'ADD_FAVORITE','2026-06-10 14:07:06.981498',NULL,NULL,NULL,81,41),(2416,'VIEW_DETAILS','2026-06-14 14:07:06.983477',NULL,NULL,NULL,81,41),(2417,'VIEW_DETAILS','2026-05-27 14:07:06.985373',NULL,NULL,NULL,81,43),(2418,'CLICK_BOOKING','2026-05-14 14:07:06.987324',NULL,NULL,NULL,81,43),(2419,'ADD_FAVORITE','2026-05-05 14:07:06.989232',NULL,NULL,NULL,81,43),(2420,'VIEW_DETAILS','2026-06-03 14:07:06.992958',NULL,NULL,NULL,81,18),(2421,'ADD_FAVORITE','2026-05-02 14:07:06.994138',NULL,NULL,NULL,81,18),(2422,'VIEW_DETAILS','2026-04-26 14:07:06.997288',NULL,NULL,NULL,82,12),(2423,'CLICK_BOOKING','2026-05-14 14:07:06.998554',NULL,NULL,NULL,82,12),(2424,'ADD_FAVORITE','2026-04-28 14:07:06.999758',NULL,NULL,NULL,82,47),(2425,'CLICK_BOOKING','2026-06-09 14:07:07.003252',NULL,NULL,NULL,82,47),(2426,'VIEW_DETAILS','2026-05-03 14:07:07.005031',NULL,NULL,NULL,82,47),(2427,'ADD_FAVORITE','2026-04-29 14:07:07.006139',NULL,NULL,NULL,82,39),(2428,'CLICK_BOOKING','2026-05-31 14:07:07.008344',NULL,NULL,NULL,82,39),(2429,'VIEW_DETAILS','2026-06-01 14:07:07.009497',NULL,NULL,NULL,82,39),(2430,'ADD_FAVORITE','2026-05-13 14:07:07.010612',NULL,NULL,NULL,82,35),(2431,'CLICK_BOOKING','2026-05-06 14:07:07.012934',NULL,NULL,NULL,82,35),(2432,'VIEW_DETAILS','2026-05-02 14:07:07.014153',NULL,NULL,NULL,82,35),(2433,'ADD_FAVORITE','2026-04-25 14:07:07.015481',NULL,NULL,NULL,82,20),(2434,'VIEW_DETAILS','2026-05-17 14:07:07.018024',NULL,NULL,NULL,82,20),(2435,'CLICK_BOOKING','2026-04-28 14:07:07.020147',NULL,NULL,NULL,82,20),(2436,'VIEW_DETAILS','2026-06-06 14:07:07.024353',NULL,NULL,NULL,82,56),(2437,'ADD_FAVORITE','2026-05-07 14:07:07.025526',NULL,NULL,NULL,82,45),(2438,'VIEW_DETAILS','2026-04-29 14:07:07.027881',NULL,NULL,NULL,82,45),(2439,'CLICK_BOOKING','2026-06-05 14:07:07.028533',NULL,NULL,NULL,82,45),(2440,'ADD_FAVORITE','2026-04-22 14:07:07.031907',NULL,NULL,NULL,82,7),(2441,'VIEW_DETAILS','2026-06-06 14:07:07.034922',NULL,NULL,NULL,82,27),(2442,'ADD_FAVORITE','2026-05-12 14:07:07.036674',NULL,NULL,NULL,82,27),(2443,'ADD_FAVORITE','2026-05-27 14:07:07.042080',NULL,NULL,NULL,82,30),(2444,'CLICK_BOOKING','2026-05-06 14:07:07.044654',NULL,NULL,NULL,82,30),(2445,'VIEW_DETAILS','2026-05-04 14:07:07.045832',NULL,NULL,NULL,82,8),(2446,'ADD_FAVORITE','2026-06-02 14:07:07.049380',NULL,NULL,NULL,82,31),(2447,'CLICK_BOOKING','2026-05-24 14:07:07.051602',NULL,NULL,NULL,82,31),(2448,'CLICK_BOOKING','2026-06-01 14:07:07.053432',NULL,NULL,NULL,82,5),(2449,'VIEW_DETAILS','2026-05-19 14:07:07.055214',NULL,NULL,NULL,82,5),(2450,'ADD_FAVORITE','2026-04-20 14:07:07.056344',NULL,NULL,NULL,82,5),(2451,'CLICK_BOOKING','2026-06-03 14:07:07.061162',NULL,NULL,NULL,82,29),(2452,'ADD_FAVORITE','2026-05-05 14:07:07.064856',NULL,NULL,NULL,82,32),(2453,'CLICK_BOOKING','2026-05-02 14:07:07.067077',NULL,NULL,NULL,82,32),(2454,'VIEW_DETAILS','2026-06-16 14:07:07.069416',NULL,NULL,NULL,83,1),(2455,'VIEW_DETAILS','2026-05-21 14:07:07.073394',NULL,NULL,NULL,83,39),(2456,'ADD_FAVORITE','2026-04-21 14:07:07.074559',NULL,NULL,NULL,83,39),(2457,'ADD_FAVORITE','2026-06-14 14:07:07.076399',NULL,NULL,NULL,83,47),(2458,'CLICK_BOOKING','2026-05-27 14:07:07.078790',NULL,NULL,NULL,83,26),(2459,'ADD_FAVORITE','2026-04-23 14:07:07.080060',NULL,NULL,NULL,83,26),(2460,'ADD_FAVORITE','2026-06-07 14:07:07.083837',NULL,NULL,NULL,83,9),(2461,'CLICK_BOOKING','2026-05-31 14:07:07.087798',NULL,NULL,NULL,83,9),(2462,'ADD_FAVORITE','2026-04-24 14:07:07.088948',NULL,NULL,NULL,83,11),(2463,'VIEW_DETAILS','2026-05-25 14:07:07.090679',NULL,NULL,NULL,83,11),(2464,'CLICK_BOOKING','2026-06-16 14:07:07.094984',NULL,NULL,NULL,83,56),(2465,'VIEW_DETAILS','2026-06-01 14:07:07.096659',NULL,NULL,NULL,83,56),(2466,'ADD_FAVORITE','2026-05-09 14:07:07.100082',NULL,NULL,NULL,83,18),(2467,'ADD_FAVORITE','2026-05-06 14:07:07.103690',NULL,NULL,NULL,83,49),(2468,'CLICK_BOOKING','2026-05-28 14:07:07.106526',NULL,NULL,NULL,83,49),(2469,'VIEW_DETAILS','2026-05-09 14:07:07.110204',NULL,NULL,NULL,83,29),(2470,'CLICK_BOOKING','2026-05-01 14:07:07.111335',NULL,NULL,NULL,83,29),(2471,'CLICK_BOOKING','2026-06-02 14:07:07.112663',NULL,NULL,NULL,83,50),(2472,'ADD_FAVORITE','2026-05-23 14:07:07.113762',NULL,NULL,NULL,83,5),(2473,'VIEW_DETAILS','2026-05-02 14:07:07.115531',NULL,NULL,NULL,83,5),(2474,'CLICK_BOOKING','2026-05-05 14:07:07.117382',NULL,NULL,NULL,83,5),(2475,'ADD_FAVORITE','2026-05-03 14:07:07.121815',NULL,NULL,NULL,83,52),(2476,'VIEW_DETAILS','2026-05-13 14:07:07.124345',NULL,NULL,NULL,83,52),(2477,'CLICK_BOOKING','2026-06-12 14:07:07.125712',NULL,NULL,NULL,83,52),(2478,'ADD_FAVORITE','2026-06-16 14:07:07.129246',NULL,NULL,NULL,83,30),(2479,'ADD_FAVORITE','2026-05-12 14:07:07.131637',NULL,NULL,NULL,83,10),(2480,'CLICK_BOOKING','2026-05-14 14:07:07.134749',NULL,NULL,NULL,83,10),(2481,'VIEW_DETAILS','2026-06-07 14:07:07.138826',NULL,NULL,NULL,84,1),(2482,'ADD_FAVORITE','2026-05-25 14:07:07.140191',NULL,NULL,NULL,84,1),(2483,'CLICK_BOOKING','2026-05-30 14:07:07.142499',NULL,NULL,NULL,84,56),(2484,'ADD_FAVORITE','2026-06-07 14:07:07.143704',NULL,NULL,NULL,84,56),(2485,'VIEW_DETAILS','2026-04-30 14:07:07.148940',NULL,NULL,NULL,84,55),(2486,'ADD_FAVORITE','2026-05-30 14:07:07.150082',NULL,NULL,NULL,84,55),(2487,'ADD_FAVORITE','2026-05-11 14:07:07.155576',NULL,NULL,NULL,84,41),(2488,'VIEW_DETAILS','2026-06-05 14:07:07.158000',NULL,NULL,NULL,84,41),(2489,'CLICK_BOOKING','2026-05-14 14:07:07.158556',NULL,NULL,NULL,84,41),(2490,'CLICK_BOOKING','2026-05-12 14:07:07.161613',NULL,NULL,NULL,84,24),(2491,'ADD_FAVORITE','2026-05-11 14:07:07.162855',NULL,NULL,NULL,84,24),(2492,'CLICK_BOOKING','2026-05-11 14:07:07.164607',NULL,NULL,NULL,84,51),(2493,'VIEW_DETAILS','2026-05-09 14:07:07.165963',NULL,NULL,NULL,84,51),(2494,'ADD_FAVORITE','2026-04-26 14:07:07.166550',NULL,NULL,NULL,84,51),(2495,'VIEW_DETAILS','2026-05-15 14:07:07.169884',NULL,NULL,NULL,84,37),(2496,'VIEW_DETAILS','2026-05-18 14:07:07.173440',NULL,NULL,NULL,84,36),(2497,'CLICK_BOOKING','2026-04-26 14:07:07.174724',NULL,NULL,NULL,84,36),(2498,'ADD_FAVORITE','2026-06-12 14:07:07.175999',NULL,NULL,NULL,84,36),(2499,'CLICK_BOOKING','2026-05-13 14:07:07.178409',NULL,NULL,NULL,84,32),(2500,'ADD_FAVORITE','2026-04-19 14:07:07.179675',NULL,NULL,NULL,84,32),(2501,'ADD_FAVORITE','2026-05-27 14:07:07.184905',NULL,NULL,NULL,84,27),(2502,'CLICK_BOOKING','2026-06-06 14:07:07.187714',NULL,NULL,NULL,84,27),(2503,'VIEW_DETAILS','2026-05-10 14:07:07.188945',NULL,NULL,NULL,84,27),(2504,'ADD_FAVORITE','2026-05-02 14:07:07.192517',NULL,NULL,NULL,84,4),(2505,'VIEW_DETAILS','2026-04-26 14:07:07.194373',NULL,NULL,NULL,84,13),(2506,'CLICK_BOOKING','2026-06-08 14:07:07.195619',NULL,NULL,NULL,84,13),(2507,'ADD_FAVORITE','2026-06-11 14:07:07.196772',NULL,NULL,NULL,84,13),(2508,'VIEW_DETAILS','2026-05-04 14:07:07.202107',NULL,NULL,NULL,84,33),(2509,'CLICK_BOOKING','2026-05-31 14:07:07.203897',NULL,NULL,NULL,84,33),(2510,'VIEW_DETAILS','2026-05-07 14:07:07.205817',NULL,NULL,NULL,84,45),(2511,'CLICK_BOOKING','2026-06-06 14:07:07.209352',NULL,NULL,NULL,84,34),(2512,'ADD_FAVORITE','2026-05-20 14:07:07.210514',NULL,NULL,NULL,84,34),(2514,'VIEW_DETAILS','2026-06-18 07:08:21.208028',NULL,NULL,0,1,2),(2515,'VIEW_DETAILS','2026-06-18 07:09:42.809361',NULL,NULL,0,1,2),(2516,'VIEW_DETAILS','2026-06-18 08:32:22.368604',NULL,NULL,0,1,2);
/*!40000 ALTER TABLE `user_behavior_logs` ENABLE KEYS */;
UNLOCK TABLES;

--
-- Table structure for table `user_interest_profiles`
--

DROP TABLE IF EXISTS `user_interest_profiles`;
/*!40101 SET @saved_cs_client     = @@character_set_client */;
/*!50503 SET character_set_client = utf8mb4 */;
CREATE TABLE `user_interest_profiles` (
  `affinity_score` double DEFAULT NULL,
  `category_id` bigint NOT NULL,
  `user_id` bigint NOT NULL,
  PRIMARY KEY (`category_id`,`user_id`),
  KEY `FKi26tvmv792l8l0yi3ef8o1oy1` (`user_id`),
  CONSTRAINT `FKi26tvmv792l8l0yi3ef8o1oy1` FOREIGN KEY (`user_id`) REFERENCES `users` (`user_id`),
  CONSTRAINT `FKldu05qbiot63ueorqwvga323i` FOREIGN KEY (`category_id`) REFERENCES `categories` (`category_id`)
) ENGINE=InnoDB DEFAULT CHARSET=utf8mb4 COLLATE=utf8mb4_0900_ai_ci;
/*!40101 SET character_set_client = @saved_cs_client */;

--
-- Dumping data for table `user_interest_profiles`
--

LOCK TABLES `user_interest_profiles` WRITE;
/*!40000 ALTER TABLE `user_interest_profiles` DISABLE KEYS */;
INSERT INTO `user_interest_profiles` VALUES (12.4,1,1),(2.4,1,2),(2.4,1,3),(4.8,1,4),(4,1,5),(2.8,1,6),(4.8,1,7),(3.2,1,8),(1.6,1,9),(2,1,10),(1.6,1,11),(2,1,12),(4.4,1,13),(2.8,1,14),(1.6,1,15),(2.8,1,16),(2.8,1,17),(2.8,1,18),(2.4,1,19),(3.6,1,20),(2.4,1,21),(0.4,1,22),(0.4,1,24),(0.8,1,25),(0.4,1,26),(1.2,1,27),(0.4,1,29),(2,1,31),(4.4,1,32),(3.6,1,33),(1.6,1,34),(1.6,1,35),(1.6,1,36),(2,1,37),(1.6,1,38),(2.4,1,39),(3.2,1,40),(4.4,1,41),(5.2,1,42),(2.4,1,43),(4,1,44),(1.2,1,45),(4,1,46),(3.2,1,47),(4.8,1,48),(3.2,1,49),(4.8,1,50),(4.4,1,51),(2.8,1,52),(4,1,53),(0.4,1,54),(0.4,1,55),(1.6,1,56),(16.4,2,1),(13.6,2,2),(4.8,2,3),(4.4,2,4),(2.8,2,5),(2.8,2,6),(3.2,2,7),(5.6,2,8),(6.8,2,9),(4,2,10),(4.4,2,11),(9.6,2,12),(8.8,2,13),(8.8,2,14),(10,2,15),(8.4,2,16),(7.6,2,17),(8.8,2,18),(8.4,2,19),(6.8,2,20),(11.2,2,21),(6,2,22),(4,2,23),(4.4,2,24),(3.2,2,25),(7.2,2,26),(1.6,2,27),(7.2,2,28),(5.6,2,29),(6.4,2,30),(4.8,2,31),(10.8,2,32),(3.6,2,33),(8.4,2,34),(6.4,2,35),(6.8,2,36),(5.2,2,37),(7.2,2,38),(7.6,2,39),(5.2,2,40),(4,2,41),(4.4,2,42),(4.8,2,43),(6.4,2,44),(5.2,2,45),(7.6,2,46),(5.6,2,47),(3.2,2,48),(6.4,2,49),(5.2,2,50),(7.2,2,51),(5.6,2,52),(4.8,2,53),(2.8,2,54),(2.8,2,56),(19.2,3,1),(7.699999999999999,3,2),(0.4,3,3),(1.2,3,5),(1.2,3,6),(1.2,3,7),(1.2,3,8),(1.2,3,9),(1.6,3,10),(1.2,3,11),(0.4,3,13),(0.4,3,17),(0.4,3,18),(0.8,3,19),(0.4,3,20),(1.2,3,22),(1.2,3,23),(1.2,3,24),(2.4,3,25),(1.2,3,26),(2.4,3,27),(1.2,3,28),(2.4,3,29),(1.6,3,30),(1.6,3,31),(1.2,3,33),(1.6,3,34),(1.6,3,35),(1.2,3,36),(1.2,3,37),(1.2,3,39),(2,3,40),(1.2,3,41),(0.4,3,45),(0.4,3,48),(9.2,3,54),(0.4,3,56),(1.2,4,1),(0.4,4,5),(0.4,4,11),(0.4,4,26),(1.2,4,32),(1.2,4,33),(1.2,4,34),(1.2,4,35),(1.2,4,36),(1.2,4,37),(1.2,4,38),(1.2,4,39),(1.2,4,41),(0.8,5,1),(0.4,5,3),(1.2,5,5),(1.2,5,9),(0.8,5,10),(1.6,5,11),(0.8,5,12),(0.4,5,14),(1.2,5,18),(1.2,5,19),(0.8,5,24),(1.2,5,25),(0.8,5,26),(0.4,5,27),(1.2,5,28),(1.2,5,29),(0.4,5,30),(0.4,5,35),(0.8,5,37),(0.8,5,39),(0.4,5,41),(1.2,5,42),(1.2,5,43),(0.8,5,44),(1.2,5,45),(1.2,5,46),(2,5,47),(0.8,5,49),(2,5,50),(1.2,5,51),(2.4,5,52),(1.2,5,53),(0.8,5,56),(1.6,7,1),(0.4,7,3),(0.8,7,4),(0.8,7,9),(1.2,7,11),(1.6,7,21),(0.4,7,22),(1.2,7,23),(1.6,7,24),(1.6,7,25),(1.2,7,26),(1.2,7,27),(1.2,7,29),(1.2,7,30),(0.8,7,31),(0.4,7,32),(0.8,7,36),(0.4,7,38),(0.8,7,48),(0.4,7,49),(0.4,7,50),(1.2,7,56),(4,9,1),(1.2,9,3),(1.2,9,4),(1.6,9,5),(1.6,9,7),(1.2,9,8),(1.6,9,9),(1.2,9,10),(1.2,9,11),(1.2,9,12),(1.2,9,14),(1.2,9,15),(1.2,9,16),(1.2,9,19),(1.2,9,20),(0.4,9,25),(0.4,9,29),(0.4,9,32),(0.4,9,34),(0.4,9,36),(0.4,9,37),(0.4,9,39),(0.8,9,43),(1.2,9,45),(1.2,9,48),(1.6,9,49),(1.2,9,50),(0.4,9,51),(1.2,9,52),(1.6,9,53),(1.6,10,1),(1.2,10,3),(1.2,10,4),(1.2,10,6),(1.2,10,8),(1.2,10,10),(0.4,10,14),(0.4,10,19),(0.4,10,34),(0.4,10,47),(0.4,10,56),(0.4,11,10),(0.4,11,25),(1.2,11,33),(1.2,11,35),(1.2,11,36),(1.2,11,37),(1.2,11,38),(1.2,11,40),(1.2,11,56),(2,13,1),(0.4,13,4),(1.2,13,5),(0.8,13,7),(2,13,10),(0.8,13,11),(2.4,13,13),(2,13,14),(1.2,13,15),(0.8,13,16),(0.4,13,19),(1.2,13,22),(1.2,13,23),(2,13,24),(1.2,13,26),(2.8,13,27),(2.4,13,28),(2,13,31),(0.8,13,32),(1.6,13,33),(2,13,34),(1.2,13,36),(1.6,13,37),(0.4,13,39),(1.2,13,40),(1.6,13,41),(0.8,13,42),(0.4,13,43),(0.4,13,44),(0.4,13,45),(1.2,13,46),(0.4,13,47),(0.4,13,49),(1.2,13,51),(0.8,13,55),(0.8,13,56),(0.4,14,17),(0.4,14,30),(1.2,14,32),(1.2,14,33),(1.2,14,34),(1.2,14,37),(1.2,14,38),(1.2,14,39),(1.2,14,40),(1.2,14,41),(0.4,14,53),(1.2,16,1),(1.2,16,3),(1.6,16,8),(1.2,16,9),(0.8,16,10),(0.4,16,11),(0.4,16,12),(2,16,14),(0.8,16,16),(0.8,16,18),(1.6,16,22),(1.2,16,23),(1.2,16,24),(0.4,16,25),(1.2,16,26),(2,16,27),(1.6,16,28),(0.8,16,29),(1.6,16,30),(1.6,16,31),(0.8,16,32),(0.4,16,33),(0.8,16,36),(1.2,16,38),(1.6,16,43),(2,16,45),(1.2,16,47),(1.2,16,51),(1.2,16,55),(0.8,17,1),(1.2,17,3),(2.4,17,5),(1.6,17,6),(2.8,17,7),(1.2,17,8),(2,17,9),(2,17,10),(2.4,17,11),(1.2,17,12),(1.2,17,13),(0.8,17,14),(0.8,17,15),(0.8,17,16),(0.4,17,17),(2,17,18),(2,17,20),(1.2,17,22),(0.4,17,23),(0.4,17,24),(1.2,17,25),(2.4,17,27),(0.8,17,28),(0.4,17,29),(2.8,17,30),(2.8,17,31),(0.8,17,32),(0.8,17,34),(1.2,17,35),(0.8,17,38),(1.6,17,39),(0.4,17,40),(1.6,17,41),(1.2,17,42),(1.2,17,43),(2.4,17,45),(1.6,17,46),(1.2,17,47),(0.4,17,48),(0.8,17,50),(1.2,17,51),(0.4,17,52),(1.6,17,53),(0.8,17,55),(0.4,17,56),(8,18,1),(2.4,18,3),(2.4,18,4),(3.6,18,5),(4.8,18,6),(2.8,18,7),(2.4,18,8),(3.6,18,9),(2.4,18,10),(3.6,18,11),(1.6,18,12),(0.8,18,13),(1.2,18,15),(0.8,18,17),(0.8,18,19),(0.4,18,20),(1.6,18,21),(1.2,18,22),(0.4,18,23),(1.2,18,27),(1.6,18,28),(0.4,18,30),(0.4,18,31),(0.4,18,32),(0.4,18,33),(0.4,18,37),(0.4,18,39),(0.4,18,40),(0.4,18,41),(1.2,18,42),(2.4,18,43),(2,18,44),(2.4,18,45),(2.8,18,46),(2.4,18,47),(2.8,18,48),(2,18,49),(1.6,18,50),(1.6,18,51),(1.2,18,52),(1.2,18,53),(0.4,18,56);
/*!40000 ALTER TABLE `user_interest_profiles` ENABLE KEYS */;
UNLOCK TABLES;

--
-- Table structure for table `users`
--

DROP TABLE IF EXISTS `users`;
/*!40101 SET @saved_cs_client     = @@character_set_client */;
/*!50503 SET character_set_client = utf8mb4 */;
CREATE TABLE `users` (
  `user_id` bigint NOT NULL AUTO_INCREMENT,
  `created_at` datetime(6) DEFAULT NULL,
  `updated_at` datetime(6) DEFAULT NULL,
  `avatar_url` varchar(255) DEFAULT NULL,
  `birth_year` int DEFAULT NULL,
  `city` varchar(100) DEFAULT NULL,
  `email` varchar(100) NOT NULL,
  `full_name` varchar(100) DEFAULT NULL,
  `gender` enum('FEMALE','MALE','OTHER') DEFAULT NULL,
  `interests` text,
  `is_active` bit(1) DEFAULT NULL,
  `last_avatar_update` datetime(6) DEFAULT NULL,
  `last_login` datetime(6) DEFAULT NULL,
  `nationality` varchar(50) DEFAULT NULL,
  `password_hash` varchar(255) NOT NULL,
  `phone_number` varchar(20) DEFAULT NULL,
  `role` enum('ADMIN','PARTNER','USER') DEFAULT NULL,
  `username` varchar(50) NOT NULL,
  PRIMARY KEY (`user_id`),
  UNIQUE KEY `UK6dotkott2kjsp8vw4d0m25fb7` (`email`),
  UNIQUE KEY `UKr43af9ap4edm43mmtq01oddj6` (`username`)
) ENGINE=InnoDB AUTO_INCREMENT=57 DEFAULT CHARSET=utf8mb4 COLLATE=utf8mb4_0900_ai_ci;
/*!40101 SET character_set_client = @saved_cs_client */;

--
-- Dumping data for table `users`
--

LOCK TABLES `users` WRITE;
/*!40000 ALTER TABLE `users` DISABLE KEYS */;
INSERT INTO `users` VALUES (1,'2026-05-14 22:48:32.004522','2026-06-17 17:27:18.191628',NULL,2000,'Phường Linh Trung - Thành phố Thủ Đức, Thành phố Hồ Chí Minh','lydung853@gmail.com','Dũng',NULL,'Biển,Ẩm thực,Nghỉ dưỡng',0x01,NULL,'2026-06-17 17:27:18.148417','Việt Nam','$2a$10$QvYQ6Jr7xo64k2oS7A5HBullpdPXoZ9a5iHgd5AleUXYo66yRxAB.',NULL,'USER','lydung853'),(2,'2026-05-14 22:49:45.168439','2026-06-18 06:54:41.237545','http://res.cloudinary.com/dlh7xxigk/image/upload/v1781683590/q2gog1jerokt3xyevtqk.jpg',2005,'Phường Thanh Bình - Quận Hải Châu, Thành phố Đà Nẵng','admin@example.com','admin','FEMALE','Biển,Văn hóa,Núi',0x01,'2026-06-17 15:06:08.644564','2026-06-18 06:54:41.127661','Việt Nam','$2a$10$QvYQ6Jr7xo64k2oS7A5HBullpdPXoZ9a5iHgd5AleUXYo66yRxAB.','','ADMIN','admin'),(3,'2026-04-19 01:59:33.905390','2026-05-21 20:15:54.525215',NULL,1992,NULL,'user_99868@travel.vn','Bùi Anh Yến','FEMALE','Biển,Ẩm thực,Nghỉ dưỡng',0x01,NULL,'2026-05-21 20:15:54.525215',NULL,'$2a$10$6x3LVmdtgNnqEkecbGnltO4w/7hqxr.xkqUVFeyKWSOvxAGHb0e8m',NULL,'USER','user_99868'),(4,'2026-03-24 01:59:33.909353',NULL,NULL,1992,NULL,'user_58835@travel.vn','Đặng Thị Em','FEMALE',NULL,NULL,NULL,NULL,NULL,'$2a$10$8.UnVuG9HHgffUDAlk8Kn.2wFGUUqLum3xV.t.k3eY.Fq6tC.6u6',NULL,'USER','user_58835'),(5,'2026-04-10 01:59:33.911524',NULL,NULL,1995,NULL,'user_21600@travel.vn','Phan Minh An','MALE',NULL,NULL,NULL,NULL,NULL,'$2a$10$8.UnVuG9HHgffUDAlk8Kn.2wFGUUqLum3xV.t.k3eY.Fq6tC.6u6',NULL,'USER','user_21600'),(6,'2026-05-08 01:59:33.913675',NULL,NULL,2004,NULL,'user_62441@travel.vn','Đỗ Đăng Bình','FEMALE',NULL,NULL,NULL,NULL,NULL,'$2a$10$8.UnVuG9HHgffUDAlk8Kn.2wFGUUqLum3xV.t.k3eY.Fq6tC.6u6',NULL,'USER','user_62441'),(7,'2026-03-31 01:59:33.916089',NULL,NULL,1992,NULL,'user_53636@travel.vn','Hoàng Đăng Bình','MALE',NULL,NULL,NULL,NULL,NULL,'$2a$10$8.UnVuG9HHgffUDAlk8Kn.2wFGUUqLum3xV.t.k3eY.Fq6tC.6u6',NULL,'USER','user_53636'),(8,'2026-04-09 01:59:33.918972',NULL,NULL,2001,NULL,'user_93388@travel.vn','Vũ Văn Giang','FEMALE',NULL,NULL,NULL,NULL,NULL,'$2a$10$8.UnVuG9HHgffUDAlk8Kn.2wFGUUqLum3xV.t.k3eY.Fq6tC.6u6',NULL,'USER','user_93388'),(9,'2026-02-20 01:59:33.921696',NULL,NULL,1993,NULL,'user_70484@travel.vn','Đỗ Đăng Hoa','FEMALE',NULL,NULL,NULL,NULL,NULL,'$2a$10$8.UnVuG9HHgffUDAlk8Kn.2wFGUUqLum3xV.t.k3eY.Fq6tC.6u6',NULL,'USER','user_70484'),(10,'2026-03-06 01:59:33.924512',NULL,NULL,2006,NULL,'user_44152@travel.vn','Nguyễn Văn Việt','MALE',NULL,NULL,NULL,NULL,NULL,'$2a$10$8.UnVuG9HHgffUDAlk8Kn.2wFGUUqLum3xV.t.k3eY.Fq6tC.6u6',NULL,'USER','user_44152'),(11,'2026-02-16 01:59:33.926709',NULL,NULL,1996,NULL,'user_79858@travel.vn','Trần Đăng Sơn','FEMALE',NULL,NULL,NULL,NULL,NULL,'$2a$10$8.UnVuG9HHgffUDAlk8Kn.2wFGUUqLum3xV.t.k3eY.Fq6tC.6u6',NULL,'USER','user_79858'),(12,'2026-03-08 01:59:33.928344',NULL,NULL,2003,NULL,'user_78121@travel.vn','Đỗ Anh Em','FEMALE',NULL,NULL,NULL,NULL,NULL,'$2a$10$8.UnVuG9HHgffUDAlk8Kn.2wFGUUqLum3xV.t.k3eY.Fq6tC.6u6',NULL,'USER','user_78121'),(13,'2026-04-23 01:59:33.930560',NULL,NULL,1987,NULL,'user_88700@travel.vn','Nguyễn Đăng Sơn','MALE',NULL,NULL,NULL,NULL,NULL,'$2a$10$8.UnVuG9HHgffUDAlk8Kn.2wFGUUqLum3xV.t.k3eY.Fq6tC.6u6',NULL,'USER','user_88700'),(14,'2026-05-14 01:59:33.932734',NULL,NULL,1992,NULL,'user_34121@travel.vn','Lê Văn Minh','FEMALE',NULL,NULL,NULL,NULL,NULL,'$2a$10$8.UnVuG9HHgffUDAlk8Kn.2wFGUUqLum3xV.t.k3eY.Fq6tC.6u6',NULL,'USER','user_34121'),(15,'2026-03-01 01:59:33.934353',NULL,NULL,2006,NULL,'user_35210@travel.vn','Phạm Ngọc Linh','FEMALE',NULL,NULL,NULL,NULL,NULL,'$2a$10$8.UnVuG9HHgffUDAlk8Kn.2wFGUUqLum3xV.t.k3eY.Fq6tC.6u6',NULL,'USER','user_35210'),(16,'2026-04-12 01:59:33.937197',NULL,NULL,1999,NULL,'user_89749@travel.vn','Lê Anh Giang','MALE',NULL,NULL,NULL,NULL,NULL,'$2a$10$8.UnVuG9HHgffUDAlk8Kn.2wFGUUqLum3xV.t.k3eY.Fq6tC.6u6',NULL,'USER','user_89749'),(17,'2026-05-01 01:59:33.938859',NULL,NULL,1997,NULL,'user_84031@travel.vn','Hoàng Đăng Linh','FEMALE',NULL,NULL,NULL,NULL,NULL,'$2a$10$8.UnVuG9HHgffUDAlk8Kn.2wFGUUqLum3xV.t.k3eY.Fq6tC.6u6',NULL,'USER','user_84031'),(18,'2026-05-10 01:59:33.940465',NULL,NULL,1991,NULL,'user_39360@travel.vn','Bùi Đăng Chí','FEMALE',NULL,NULL,NULL,NULL,NULL,'$2a$10$8.UnVuG9HHgffUDAlk8Kn.2wFGUUqLum3xV.t.k3eY.Fq6tC.6u6',NULL,'USER','user_39360'),(19,'2026-02-18 01:59:33.942297',NULL,NULL,2003,NULL,'user_82609@travel.vn','Trần Đăng Giang','MALE',NULL,NULL,NULL,NULL,NULL,'$2a$10$8.UnVuG9HHgffUDAlk8Kn.2wFGUUqLum3xV.t.k3eY.Fq6tC.6u6',NULL,'USER','user_82609'),(20,'2026-05-13 01:59:33.943892',NULL,NULL,1993,NULL,'user_70938@travel.vn','Hoàng Quang Xuân','MALE',NULL,NULL,NULL,NULL,NULL,'$2a$10$8.UnVuG9HHgffUDAlk8Kn.2wFGUUqLum3xV.t.k3eY.Fq6tC.6u6',NULL,'USER','user_70938'),(21,'2026-03-24 01:59:33.945509',NULL,NULL,1989,NULL,'user_12481@travel.vn','Vũ Thị Bình','FEMALE',NULL,NULL,NULL,NULL,NULL,'$2a$10$8.UnVuG9HHgffUDAlk8Kn.2wFGUUqLum3xV.t.k3eY.Fq6tC.6u6',NULL,'USER','user_12481'),(22,'2026-04-22 01:59:33.946582',NULL,NULL,2001,NULL,'user_13781@travel.vn','Phạm Minh An','FEMALE',NULL,NULL,NULL,NULL,NULL,'$2a$10$8.UnVuG9HHgffUDAlk8Kn.2wFGUUqLum3xV.t.k3eY.Fq6tC.6u6',NULL,'USER','user_13781'),(23,'2026-04-20 01:59:33.948553',NULL,NULL,1997,NULL,'user_45220@travel.vn','Phạm Thị Chí','FEMALE',NULL,NULL,NULL,NULL,NULL,'$2a$10$8.UnVuG9HHgffUDAlk8Kn.2wFGUUqLum3xV.t.k3eY.Fq6tC.6u6',NULL,'USER','user_45220'),(24,'2026-03-05 01:59:33.951319',NULL,NULL,2001,NULL,'user_50645@travel.vn','Lê Ngọc Hoa','MALE',NULL,NULL,NULL,NULL,NULL,'$2a$10$8.UnVuG9HHgffUDAlk8Kn.2wFGUUqLum3xV.t.k3eY.Fq6tC.6u6',NULL,'USER','user_50645'),(25,'2026-05-04 01:59:33.952952',NULL,NULL,2003,NULL,'user_48068@travel.vn','Bùi Hữu Minh','FEMALE',NULL,NULL,NULL,NULL,NULL,'$2a$10$8.UnVuG9HHgffUDAlk8Kn.2wFGUUqLum3xV.t.k3eY.Fq6tC.6u6',NULL,'USER','user_48068'),(26,'2026-04-03 01:59:33.955263',NULL,NULL,2004,NULL,'user_26255@travel.vn','Vũ Thị Quý','MALE',NULL,NULL,NULL,NULL,NULL,'$2a$10$8.UnVuG9HHgffUDAlk8Kn.2wFGUUqLum3xV.t.k3eY.Fq6tC.6u6',NULL,'USER','user_26255'),(27,'2026-03-20 01:59:33.956332',NULL,NULL,1995,NULL,'user_86704@travel.vn','Phạm Văn Việt','MALE',NULL,NULL,NULL,NULL,NULL,'$2a$10$8.UnVuG9HHgffUDAlk8Kn.2wFGUUqLum3xV.t.k3eY.Fq6tC.6u6',NULL,'USER','user_86704'),(28,'2026-05-14 01:59:33.957959',NULL,NULL,2001,NULL,'user_42457@travel.vn','Lê Quang Dũng','MALE',NULL,NULL,NULL,NULL,NULL,'$2a$10$8.UnVuG9HHgffUDAlk8Kn.2wFGUUqLum3xV.t.k3eY.Fq6tC.6u6',NULL,'USER','user_42457'),(29,'2026-03-10 01:59:33.959463',NULL,NULL,1985,NULL,'user_46838@travel.vn','Bùi Văn Oanh','FEMALE',NULL,NULL,NULL,NULL,NULL,'$2a$10$8.UnVuG9HHgffUDAlk8Kn.2wFGUUqLum3xV.t.k3eY.Fq6tC.6u6',NULL,'USER','user_46838'),(30,'2026-02-28 01:59:33.961054',NULL,NULL,2000,NULL,'user_16033@travel.vn','Hoàng Anh Xuân','MALE',NULL,NULL,NULL,NULL,NULL,'$2a$10$8.UnVuG9HHgffUDAlk8Kn.2wFGUUqLum3xV.t.k3eY.Fq6tC.6u6',NULL,'USER','user_16033'),(31,'2026-04-07 01:59:33.962253',NULL,NULL,2000,NULL,'user_11447@travel.vn','Đặng Quang Việt','FEMALE',NULL,NULL,NULL,NULL,NULL,'$2a$10$8.UnVuG9HHgffUDAlk8Kn.2wFGUUqLum3xV.t.k3eY.Fq6tC.6u6',NULL,'USER','user_11447'),(32,'2026-02-25 01:59:33.963878',NULL,NULL,2000,NULL,'user_81476@travel.vn','Đỗ Ngọc An','MALE',NULL,NULL,NULL,NULL,NULL,'$2a$10$8.UnVuG9HHgffUDAlk8Kn.2wFGUUqLum3xV.t.k3eY.Fq6tC.6u6',NULL,'USER','user_81476'),(33,'2026-04-08 01:59:33.964975',NULL,NULL,1986,NULL,'user_27395@travel.vn','Bùi Đức Minh','MALE',NULL,NULL,NULL,NULL,NULL,'$2a$10$8.UnVuG9HHgffUDAlk8Kn.2wFGUUqLum3xV.t.k3eY.Fq6tC.6u6',NULL,'USER','user_27395'),(34,'2026-03-07 01:59:33.967176',NULL,NULL,2006,NULL,'user_58822@travel.vn','Phan Hữu Dũng','MALE',NULL,NULL,NULL,NULL,NULL,'$2a$10$8.UnVuG9HHgffUDAlk8Kn.2wFGUUqLum3xV.t.k3eY.Fq6tC.6u6',NULL,'USER','user_58822'),(35,'2026-03-30 01:59:33.968195',NULL,NULL,2006,NULL,'user_89094@travel.vn','Phan Ngọc Quý','FEMALE',NULL,NULL,NULL,NULL,NULL,'$2a$10$8.UnVuG9HHgffUDAlk8Kn.2wFGUUqLum3xV.t.k3eY.Fq6tC.6u6',NULL,'USER','user_89094'),(36,'2026-03-02 01:59:33.969779',NULL,NULL,1992,NULL,'user_76514@travel.vn','Trần Đăng Kiệt','MALE',NULL,NULL,NULL,NULL,NULL,'$2a$10$8.UnVuG9HHgffUDAlk8Kn.2wFGUUqLum3xV.t.k3eY.Fq6tC.6u6',NULL,'USER','user_76514'),(37,'2026-03-02 01:59:33.971084',NULL,NULL,1992,NULL,'user_83813@travel.vn','Bùi Thị Tuấn','MALE',NULL,NULL,NULL,NULL,NULL,'$2a$10$8.UnVuG9HHgffUDAlk8Kn.2wFGUUqLum3xV.t.k3eY.Fq6tC.6u6',NULL,'USER','user_83813'),(38,'2026-03-03 01:59:33.972652',NULL,NULL,1988,NULL,'user_68294@travel.vn','Lê Minh Nam','MALE',NULL,NULL,NULL,NULL,NULL,'$2a$10$8.UnVuG9HHgffUDAlk8Kn.2wFGUUqLum3xV.t.k3eY.Fq6tC.6u6',NULL,'USER','user_68294'),(39,'2026-02-26 01:59:33.973196',NULL,NULL,1998,NULL,'user_38849@travel.vn','Bùi Quang Xuân','MALE',NULL,NULL,NULL,NULL,NULL,'$2a$10$8.UnVuG9HHgffUDAlk8Kn.2wFGUUqLum3xV.t.k3eY.Fq6tC.6u6',NULL,'USER','user_38849'),(40,'2026-04-03 01:59:33.974732',NULL,NULL,2000,NULL,'user_76025@travel.vn','Bùi Thị Kiệt','MALE',NULL,NULL,NULL,NULL,NULL,'$2a$10$8.UnVuG9HHgffUDAlk8Kn.2wFGUUqLum3xV.t.k3eY.Fq6tC.6u6',NULL,'USER','user_76025'),(41,'2026-04-10 01:59:33.976957',NULL,NULL,1993,NULL,'user_23330@travel.vn','Đặng Anh Yến','MALE',NULL,NULL,NULL,NULL,NULL,'$2a$10$8.UnVuG9HHgffUDAlk8Kn.2wFGUUqLum3xV.t.k3eY.Fq6tC.6u6',NULL,'USER','user_23330'),(42,'2026-03-21 01:59:33.978466',NULL,NULL,2005,NULL,'user_55414@travel.vn','Phạm Ngọc Chí','MALE',NULL,NULL,NULL,NULL,NULL,'$2a$10$8.UnVuG9HHgffUDAlk8Kn.2wFGUUqLum3xV.t.k3eY.Fq6tC.6u6',NULL,'USER','user_55414'),(43,'2026-04-08 01:59:33.989034',NULL,NULL,1986,NULL,'user_33407@travel.vn','Lê Thanh Tuấn','MALE',NULL,NULL,NULL,NULL,NULL,'$2a$10$8.UnVuG9HHgffUDAlk8Kn.2wFGUUqLum3xV.t.k3eY.Fq6tC.6u6',NULL,'USER','user_33407'),(44,'2026-03-03 01:59:33.990667',NULL,NULL,2000,NULL,'user_77263@travel.vn','Bùi Đức Oanh','MALE',NULL,NULL,NULL,NULL,NULL,'$2a$10$8.UnVuG9HHgffUDAlk8Kn.2wFGUUqLum3xV.t.k3eY.Fq6tC.6u6',NULL,'USER','user_77263'),(45,'2026-03-13 01:59:33.992207',NULL,NULL,1987,NULL,'user_31233@travel.vn','Nguyễn Ngọc Linh','MALE',NULL,NULL,NULL,NULL,NULL,'$2a$10$8.UnVuG9HHgffUDAlk8Kn.2wFGUUqLum3xV.t.k3eY.Fq6tC.6u6',NULL,'USER','user_31233'),(46,'2026-05-04 01:59:33.993888',NULL,NULL,1991,NULL,'user_26631@travel.vn','Phan Anh Yến','MALE',NULL,NULL,NULL,NULL,NULL,'$2a$10$8.UnVuG9HHgffUDAlk8Kn.2wFGUUqLum3xV.t.k3eY.Fq6tC.6u6',NULL,'USER','user_26631'),(47,'2026-02-26 01:59:33.995018',NULL,NULL,1995,NULL,'user_43837@travel.vn','Hoàng Văn Việt','MALE',NULL,NULL,NULL,NULL,NULL,'$2a$10$8.UnVuG9HHgffUDAlk8Kn.2wFGUUqLum3xV.t.k3eY.Fq6tC.6u6',NULL,'USER','user_43837'),(48,'2026-04-24 01:59:33.996232',NULL,NULL,2002,NULL,'user_94369@travel.vn','Đặng Văn Em','MALE',NULL,NULL,NULL,NULL,NULL,'$2a$10$8.UnVuG9HHgffUDAlk8Kn.2wFGUUqLum3xV.t.k3eY.Fq6tC.6u6',NULL,'USER','user_94369'),(49,'2026-05-10 01:59:33.997354',NULL,NULL,1994,NULL,'user_92857@travel.vn','Lê Hữu Giang','MALE',NULL,NULL,NULL,NULL,NULL,'$2a$10$8.UnVuG9HHgffUDAlk8Kn.2wFGUUqLum3xV.t.k3eY.Fq6tC.6u6',NULL,'USER','user_92857'),(50,'2026-04-24 01:59:33.999132',NULL,NULL,1985,NULL,'user_99784@travel.vn','Lê Đức Dũng','FEMALE',NULL,NULL,NULL,NULL,NULL,'$2a$10$8.UnVuG9HHgffUDAlk8Kn.2wFGUUqLum3xV.t.k3eY.Fq6tC.6u6',NULL,'USER','user_99784'),(51,'2026-03-10 01:59:34.000270',NULL,NULL,1992,NULL,'user_23304@travel.vn','Vũ Thị Giang','FEMALE',NULL,NULL,NULL,NULL,NULL,'$2a$10$8.UnVuG9HHgffUDAlk8Kn.2wFGUUqLum3xV.t.k3eY.Fq6tC.6u6',NULL,'USER','user_23304'),(52,'2026-05-04 01:59:34.002493',NULL,NULL,1993,NULL,'user_21909@travel.vn','Bùi Thanh Xuân','MALE',NULL,NULL,NULL,NULL,NULL,'$2a$10$8.UnVuG9HHgffUDAlk8Kn.2wFGUUqLum3xV.t.k3eY.Fq6tC.6u6',NULL,'USER','user_21909'),(53,'2026-05-21 21:20:00.388744','2026-05-21 21:20:00.388744',NULL,1980,'Phường 15 - Quận Gò Vấp, Thành phố Hồ Chí Minh','nguyenvana@gmail.com','nguyễn văn a',NULL,'Văn hóa,Nghỉ dưỡng',0x01,NULL,NULL,'Việt Nam','$2a$10$tUKNGSTLNzDwemd7lB2p8OrZ.zRZe6DXCFJIYXvlNWkrjqAWBdyj6',NULL,'USER','nguyenvana'),(54,'2026-06-14 14:34:22.967582','2026-06-14 14:58:27.205264',NULL,2002,'Phường Hòa Thuận Tây - Quận Hải Châu, Thành phố Đà Nẵng','nguyenvana123@gmail.com','nguyen van a',NULL,'Văn hóa,Núi,Mạo hiểm',0x01,NULL,'2026-06-14 14:58:27.204490','Việt Nam','$2a$10$0ZkE4t2TQOdCfyCfuWw.ROT6geyHpiCO5D6PekCCv396LR78QQ.MG',NULL,'USER','nguyenvana123'),(55,'2026-06-17 14:46:41.348743','2026-06-17 23:32:15.559923',NULL,1990,'Phường Bạch Thượng - Thị xã Duy Tiên, Tỉnh Hà Nam','nguyenvanb@gmail.com','nguyễn văn b',NULL,'Biển,Văn hóa,Ẩm thực',0x01,NULL,'2026-06-17 23:32:15.559335','Việt Nam','$2a$10$vdsrsJ1tuxMNG0pQsloHMe9Jw6NDSLiI8ADBpOEkBoJYcaI4eBsSm',NULL,'USER','nguyenvanb'),(56,'2026-06-17 23:34:44.009210','2026-06-17 23:54:42.138370',NULL,2000,'Phường Châu Giang - Thị xã Duy Tiên, Tỉnh Hà Nam','nguyenvanc@gmail.com','nguyen van c',NULL,'Biển',0x01,NULL,'2026-06-17 23:54:42.137634','Việt Nam','$2a$10$0twOffwsfNbpBhpQB3ZL1Oin/a4yG68.kxXCDc6200HNFTcaA0SYK',NULL,'USER','nguyenvanc');
/*!40000 ALTER TABLE `users` ENABLE KEYS */;
UNLOCK TABLES;

--
-- Table structure for table `visit_requests`
--

DROP TABLE IF EXISTS `visit_requests`;
/*!40101 SET @saved_cs_client     = @@character_set_client */;
/*!50503 SET character_set_client = utf8mb4 */;
CREATE TABLE `visit_requests` (
  `request_id` bigint NOT NULL AUTO_INCREMENT,
  `created_at` datetime(6) DEFAULT NULL,
  `updated_at` datetime(6) DEFAULT NULL,
  `status` enum('APPROVED','COMPLETED','PENDING','REJECTED') NOT NULL,
  `visit_date` datetime(6) DEFAULT NULL,
  `location_id` bigint NOT NULL,
  `user_id` bigint NOT NULL,
  PRIMARY KEY (`request_id`),
  KEY `FK3r35ef6ib5jft291i7sd7p74m` (`location_id`),
  KEY `FK1e5gf01jolj1m7m0vnc0jde05` (`user_id`),
  CONSTRAINT `FK1e5gf01jolj1m7m0vnc0jde05` FOREIGN KEY (`user_id`) REFERENCES `users` (`user_id`),
  CONSTRAINT `FK3r35ef6ib5jft291i7sd7p74m` FOREIGN KEY (`location_id`) REFERENCES `locations` (`location_id`)
) ENGINE=InnoDB AUTO_INCREMENT=544 DEFAULT CHARSET=utf8mb4 COLLATE=utf8mb4_0900_ai_ci;
/*!40101 SET character_set_client = @saved_cs_client */;

--
-- Dumping data for table `visit_requests`
--

LOCK TABLES `visit_requests` WRITE;
/*!40000 ALTER TABLE `visit_requests` DISABLE KEYS */;
INSERT INTO `visit_requests` VALUES (1,'2026-04-04 16:54:09.722970',NULL,'COMPLETED','2026-04-05 16:54:09.722970',1,1),(2,'2026-05-11 16:54:09.750092',NULL,'COMPLETED','2026-05-12 16:54:09.750092',27,1),(3,'2026-05-20 16:54:09.762345',NULL,'COMPLETED','2026-05-21 16:54:09.762345',48,1),(4,'2026-04-28 16:54:09.774781',NULL,'COMPLETED','2026-04-29 16:54:09.774781',11,1),(5,'2026-05-06 16:54:09.787645',NULL,'COMPLETED','2026-05-07 16:54:09.787645',23,1),(6,'2026-04-09 16:54:09.797997',NULL,'COMPLETED','2026-04-10 16:54:09.797997',26,1),(7,'2026-04-24 16:54:09.811808',NULL,'COMPLETED','2026-04-25 16:54:09.811808',51,1),(8,'2026-04-02 16:54:09.826101',NULL,'COMPLETED','2026-04-03 16:54:09.826101',39,1),(9,'2026-05-10 16:54:09.839464',NULL,'COMPLETED','2026-05-11 16:54:09.839464',11,1),(10,'2026-04-05 16:54:09.856519',NULL,'COMPLETED','2026-04-06 16:54:09.856519',27,3),(11,'2026-05-16 16:54:09.871489',NULL,'COMPLETED','2026-05-17 16:54:09.871489',51,3),(12,'2026-04-23 16:54:09.884333',NULL,'COMPLETED','2026-04-24 16:54:09.884333',42,3),(13,'2026-04-09 16:54:09.896278',NULL,'COMPLETED','2026-04-10 16:54:09.896278',11,3),(14,'2026-05-06 16:54:09.908981',NULL,'COMPLETED','2026-05-07 16:54:09.908981',13,3),(15,'2026-05-18 16:54:09.923044',NULL,'COMPLETED','2026-05-19 16:54:09.923044',8,3),(16,'2026-04-08 16:54:09.936406',NULL,'COMPLETED','2026-04-09 16:54:09.936406',48,3),(17,'2026-04-11 16:54:09.947265',NULL,'COMPLETED','2026-04-12 16:54:09.947265',23,3),(18,'2026-04-11 16:54:09.961488',NULL,'COMPLETED','2026-04-12 16:54:09.961488',11,3),(19,'2026-05-21 16:54:09.975596',NULL,'COMPLETED','2026-05-22 16:54:09.975596',51,4),(20,'2026-04-23 16:54:09.988304',NULL,'COMPLETED','2026-04-24 16:54:09.988304',11,4),(21,'2026-04-09 16:54:10.000144',NULL,'COMPLETED','2026-04-10 16:54:10.000144',39,4),(22,'2026-05-07 16:54:10.010745',NULL,'COMPLETED','2026-05-08 16:54:10.010745',42,4),(23,'2026-05-14 16:54:10.028534',NULL,'COMPLETED','2026-05-15 16:54:10.028534',26,4),(24,'2026-04-09 16:54:10.048696',NULL,'COMPLETED','2026-04-10 16:54:10.048696',27,4),(25,'2026-05-01 16:54:10.063871',NULL,'COMPLETED','2026-05-02 16:54:10.063871',23,4),(26,'2026-04-02 16:54:10.078313',NULL,'COMPLETED','2026-04-03 16:54:10.078313',8,4),(27,'2026-04-12 16:54:10.093666',NULL,'COMPLETED','2026-04-13 16:54:10.093666',48,4),(28,'2026-05-15 16:54:10.108356',NULL,'COMPLETED','2026-05-16 16:54:10.108356',23,5),(29,'2026-05-08 16:54:10.122456',NULL,'COMPLETED','2026-05-09 16:54:10.122456',42,5),(30,'2026-04-18 16:54:10.138099',NULL,'COMPLETED','2026-04-19 16:54:10.138099',48,5),(31,'2026-05-13 16:54:10.151292',NULL,'COMPLETED','2026-05-14 16:54:10.151292',13,5),(32,'2026-05-20 16:54:10.165929',NULL,'COMPLETED','2026-05-21 16:54:10.165929',26,5),(33,'2026-03-28 16:54:10.181544',NULL,'COMPLETED','2026-03-29 16:54:10.181544',1,5),(34,'2026-04-08 16:54:10.200412',NULL,'COMPLETED','2026-04-09 16:54:10.200412',11,5),(35,'2026-05-04 16:54:10.217398',NULL,'COMPLETED','2026-05-05 16:54:10.217398',51,5),(36,'2026-04-14 16:54:10.228640',NULL,'COMPLETED','2026-04-15 16:54:10.228640',11,5),(37,'2026-05-08 16:54:10.241866',NULL,'COMPLETED','2026-05-09 16:54:10.241866',1,6),(38,'2026-04-05 16:54:10.252389',NULL,'COMPLETED','2026-04-06 16:54:10.252389',26,6),(39,'2026-04-06 16:54:10.261760',NULL,'COMPLETED','2026-04-07 16:54:10.261760',23,6),(40,'2026-04-28 16:54:10.272699',NULL,'COMPLETED','2026-04-29 16:54:10.272699',11,6),(41,'2026-04-13 16:54:10.282377',NULL,'COMPLETED','2026-04-14 16:54:10.282377',48,6),(42,'2026-05-21 16:54:10.293220',NULL,'COMPLETED','2026-05-22 16:54:10.293220',39,6),(43,'2026-04-18 16:54:10.302427',NULL,'COMPLETED','2026-04-19 16:54:10.302427',27,6),(44,'2026-04-16 16:54:10.309912',NULL,'COMPLETED','2026-04-17 16:54:10.309912',13,6),(45,'2026-04-10 16:54:10.321714',NULL,'COMPLETED','2026-04-11 16:54:10.321714',11,6),(46,'2026-04-13 16:54:10.329327',NULL,'COMPLETED','2026-04-14 16:54:10.329327',51,7),(47,'2026-05-03 16:54:10.339497',NULL,'COMPLETED','2026-05-04 16:54:10.339497',11,7),(48,'2026-04-22 16:54:10.345328',NULL,'COMPLETED','2026-04-23 16:54:10.345328',39,7),(49,'2026-04-18 16:54:10.357009',NULL,'COMPLETED','2026-04-19 16:54:10.357009',1,7),(50,'2026-04-12 16:54:10.366459',NULL,'COMPLETED','2026-04-13 16:54:10.366459',26,7),(51,'2026-04-12 16:54:10.376850',NULL,'COMPLETED','2026-04-13 16:54:10.376850',13,7),(52,'2026-04-10 16:54:10.388143',NULL,'COMPLETED','2026-04-11 16:54:10.388143',42,7),(53,'2026-03-30 16:54:10.399297',NULL,'COMPLETED','2026-03-31 16:54:10.399297',48,7),(54,'2026-04-16 16:54:10.409528',NULL,'COMPLETED','2026-04-17 16:54:10.409528',8,7),(55,'2026-04-12 16:54:10.419620',NULL,'COMPLETED','2026-04-13 16:54:10.419620',48,8),(56,'2026-04-05 16:54:10.428363',NULL,'COMPLETED','2026-04-06 16:54:10.428363',27,8),(57,'2026-05-12 16:54:10.439262',NULL,'COMPLETED','2026-05-13 16:54:10.439262',26,8),(58,'2026-04-19 16:54:10.448089',NULL,'COMPLETED','2026-04-20 16:54:10.448089',42,8),(59,'2026-05-05 16:54:10.458309',NULL,'COMPLETED','2026-05-06 16:54:10.458309',1,8),(60,'2026-04-08 16:54:10.468242',NULL,'COMPLETED','2026-04-09 16:54:10.468242',39,8),(61,'2026-05-16 16:54:10.477646',NULL,'COMPLETED','2026-05-17 16:54:10.477646',23,8),(62,'2026-04-07 16:54:10.488821',NULL,'COMPLETED','2026-04-08 16:54:10.488821',11,8),(63,'2026-03-31 16:54:10.498302',NULL,'COMPLETED','2026-04-01 16:54:10.498302',8,8),(64,'2026-04-22 16:54:10.509793',NULL,'COMPLETED','2026-04-23 16:54:10.509793',11,9),(65,'2026-03-29 16:54:10.522288',NULL,'COMPLETED','2026-03-30 16:54:10.522288',11,9),(66,'2026-04-15 16:54:10.531821',NULL,'COMPLETED','2026-04-16 16:54:10.531821',23,9),(67,'2026-05-01 16:54:10.542679',NULL,'COMPLETED','2026-05-02 16:54:10.542679',42,9),(68,'2026-04-10 16:54:10.553938',NULL,'COMPLETED','2026-04-11 16:54:10.553938',26,9),(69,'2026-04-17 16:54:10.562467',NULL,'COMPLETED','2026-04-18 16:54:10.562467',51,9),(70,'2026-04-14 16:54:10.566989',NULL,'COMPLETED','2026-04-15 16:54:10.566989',13,9),(71,'2026-04-03 16:54:10.588824',NULL,'COMPLETED','2026-04-04 16:54:10.588824',8,9),(72,'2026-05-03 16:54:10.601476',NULL,'COMPLETED','2026-05-04 16:54:10.601476',1,9),(73,'2026-05-17 16:54:10.614723',NULL,'COMPLETED','2026-05-18 16:54:10.614723',23,10),(74,'2026-05-19 16:54:10.628386',NULL,'COMPLETED','2026-05-20 16:54:10.628386',26,10),(75,'2026-04-17 16:54:10.643662',NULL,'COMPLETED','2026-04-18 16:54:10.643662',42,10),(76,'2026-05-09 16:54:10.659607',NULL,'COMPLETED','2026-05-10 16:54:10.659607',8,10),(77,'2026-04-19 16:54:10.673002',NULL,'COMPLETED','2026-04-20 16:54:10.673002',11,10),(78,'2026-05-09 16:54:10.684780',NULL,'COMPLETED','2026-05-10 16:54:10.684780',27,10),(79,'2026-04-25 16:54:10.697486',NULL,'COMPLETED','2026-04-26 16:54:10.697486',1,10),(80,'2026-04-25 16:54:10.710116',NULL,'COMPLETED','2026-04-26 16:54:10.710116',13,10),(81,'2026-05-18 16:54:10.724317',NULL,'COMPLETED','2026-05-19 16:54:10.724317',48,10),(82,'2026-04-19 16:54:10.739640',NULL,'COMPLETED','2026-04-20 16:54:10.739640',26,11),(83,'2026-05-09 16:54:10.756063',NULL,'COMPLETED','2026-05-10 16:54:10.756063',13,11),(84,'2026-04-24 16:54:10.773849',NULL,'COMPLETED','2026-04-25 16:54:10.773849',23,11),(85,'2026-05-09 16:54:10.792137',NULL,'COMPLETED','2026-05-10 16:54:10.792137',1,11),(86,'2026-03-30 16:54:10.809101',NULL,'COMPLETED','2026-03-31 16:54:10.809101',42,11),(87,'2026-04-05 16:54:10.827520',NULL,'COMPLETED','2026-04-06 16:54:10.827520',11,11),(88,'2026-05-10 16:54:10.844031',NULL,'COMPLETED','2026-05-11 16:54:10.844031',8,11),(89,'2026-05-04 16:54:10.858696',NULL,'COMPLETED','2026-05-05 16:54:10.858696',48,11),(90,'2026-04-28 16:54:10.877434',NULL,'COMPLETED','2026-04-29 16:54:10.877434',11,11),(91,'2026-05-20 16:54:10.894047',NULL,'COMPLETED','2026-05-21 16:54:10.894047',12,12),(92,'2026-05-04 16:54:10.915050',NULL,'COMPLETED','2026-05-05 16:54:10.915050',9,12),(93,'2026-04-25 16:54:10.927999',NULL,'COMPLETED','2026-04-26 16:54:10.927999',20,12),(94,'2026-04-11 16:54:10.941021',NULL,'COMPLETED','2026-04-12 16:54:10.941021',59,12),(95,'2026-04-21 16:54:10.953602',NULL,'COMPLETED','2026-04-22 16:54:10.953602',57,12),(96,'2026-04-26 16:54:10.965826',NULL,'COMPLETED','2026-04-27 16:54:10.965826',28,12),(97,'2026-05-01 16:54:10.980063',NULL,'COMPLETED','2026-05-02 16:54:10.980063',3,12),(98,'2026-05-20 16:54:11.000169',NULL,'COMPLETED','2026-05-21 16:54:11.000169',50,12),(99,'2026-05-07 16:54:11.016436',NULL,'COMPLETED','2026-05-08 16:54:11.016436',12,13),(100,'2026-04-06 16:54:11.032446',NULL,'COMPLETED','2026-04-07 16:54:11.032446',9,13),(101,'2026-04-26 16:54:11.047587',NULL,'COMPLETED','2026-04-27 16:54:11.047587',3,13),(102,'2026-04-07 16:54:11.061779',NULL,'COMPLETED','2026-04-08 16:54:11.061779',50,13),(103,'2026-05-10 16:54:11.078849',NULL,'COMPLETED','2026-05-11 16:54:11.078849',31,13),(104,'2026-04-08 16:54:11.092935',NULL,'COMPLETED','2026-04-09 16:54:11.092935',43,13),(105,'2026-05-04 16:54:11.104854',NULL,'COMPLETED','2026-05-05 16:54:11.104854',28,13),(106,'2026-04-23 16:54:11.115625',NULL,'COMPLETED','2026-04-24 16:54:11.115625',57,13),(107,'2026-03-30 16:54:11.126523',NULL,'COMPLETED','2026-03-31 16:54:11.126523',59,14),(108,'2026-05-13 16:54:11.136950',NULL,'COMPLETED','2026-05-14 16:54:11.136950',28,14),(109,'2026-04-05 16:54:11.145994',NULL,'COMPLETED','2026-04-06 16:54:11.145994',50,14),(110,'2026-04-02 16:54:11.158720',NULL,'COMPLETED','2026-04-03 16:54:11.158720',20,14),(112,'2026-03-28 16:54:11.177595',NULL,'COMPLETED','2026-03-29 16:54:11.177595',9,14),(113,'2026-05-07 16:54:11.192740',NULL,'COMPLETED','2026-05-08 16:54:11.192740',31,14),(114,'2026-05-12 16:54:11.206773',NULL,'COMPLETED','2026-05-13 16:54:11.206773',3,14),(115,'2026-04-09 16:54:11.220539',NULL,'COMPLETED','2026-04-10 16:54:11.220539',50,15),(116,'2026-05-02 16:54:11.236513',NULL,'COMPLETED','2026-05-03 16:54:11.236513',12,15),(117,'2026-03-29 16:54:11.247515',NULL,'COMPLETED','2026-03-30 16:54:11.247515',3,15),(119,'2026-03-31 16:54:11.270311',NULL,'COMPLETED','2026-04-01 16:54:11.270311',59,15),(120,'2026-04-08 16:54:11.279188',NULL,'COMPLETED','2026-04-09 16:54:11.279188',28,15),(121,'2026-04-14 16:54:11.293309',NULL,'COMPLETED','2026-04-15 16:54:11.293309',9,15),(122,'2026-04-24 16:54:11.307690',NULL,'COMPLETED','2026-04-25 16:54:11.307690',20,15),(123,'2026-03-29 16:54:11.322390',NULL,'COMPLETED','2026-03-30 16:54:11.322390',57,16),(124,'2026-04-15 16:54:11.337827',NULL,'COMPLETED','2026-04-16 16:54:11.337827',31,16),(126,'2026-05-05 16:54:11.366325',NULL,'COMPLETED','2026-05-06 16:54:11.366325',20,16),(127,'2026-05-20 16:54:11.381279',NULL,'COMPLETED','2026-05-21 16:54:11.381279',9,16),(128,'2026-04-02 16:54:11.396372',NULL,'COMPLETED','2026-04-03 16:54:11.396372',59,16),(129,'2026-05-01 16:54:11.412464',NULL,'COMPLETED','2026-05-02 16:54:11.412464',50,16),(130,'2026-04-18 16:54:11.425957',NULL,'COMPLETED','2026-04-19 16:54:11.425957',28,16),(131,'2026-04-16 16:54:11.439127',NULL,'COMPLETED','2026-04-17 16:54:11.439127',28,17),(133,'2026-05-02 16:54:11.464894',NULL,'COMPLETED','2026-05-03 16:54:11.464894',59,17),(134,'2026-04-13 16:54:11.475922',NULL,'COMPLETED','2026-04-14 16:54:11.475922',9,17),(135,'2026-04-17 16:54:11.488244',NULL,'COMPLETED','2026-04-18 16:54:11.488244',57,17),(136,'2026-05-12 16:54:11.499601',NULL,'COMPLETED','2026-05-13 16:54:11.499601',31,17),(137,'2026-05-18 16:54:11.510302',NULL,'COMPLETED','2026-05-19 16:54:11.510302',3,17),(138,'2026-05-13 16:54:11.521305',NULL,'COMPLETED','2026-05-14 16:54:11.521305',12,17),(139,'2026-04-02 16:54:11.530798',NULL,'COMPLETED','2026-04-03 16:54:11.530798',50,18),(140,'2026-03-29 16:54:11.541968',NULL,'COMPLETED','2026-03-30 16:54:11.541968',3,18),(141,'2026-04-17 16:54:11.551840',NULL,'COMPLETED','2026-04-18 16:54:11.551840',28,18),(142,'2026-04-01 16:54:11.560746',NULL,'COMPLETED','2026-04-02 16:54:11.560746',57,18),(143,'2026-05-05 16:54:11.571369',NULL,'COMPLETED','2026-05-06 16:54:11.571369',31,18),(144,'2026-03-31 16:54:11.579953',NULL,'COMPLETED','2026-04-01 16:54:11.579953',9,18),(145,'2026-04-11 16:54:11.593805',NULL,'COMPLETED','2026-04-12 16:54:11.593805',43,18),(146,'2026-05-10 16:54:11.604338',NULL,'COMPLETED','2026-05-11 16:54:11.604338',59,18),(147,'2026-05-18 16:54:11.636441',NULL,'COMPLETED','2026-05-19 16:54:11.636441',20,19),(148,'2026-05-12 16:54:11.648132',NULL,'COMPLETED','2026-05-13 16:54:11.648132',31,19),(149,'2026-05-20 16:54:11.658717',NULL,'COMPLETED','2026-05-21 16:54:11.658717',43,19),(150,'2026-04-22 16:54:11.669489',NULL,'COMPLETED','2026-04-23 16:54:11.669489',3,19),(152,'2026-04-28 16:54:11.695365',NULL,'COMPLETED','2026-04-29 16:54:11.695365',59,19),(153,'2026-04-20 16:54:11.706726',NULL,'COMPLETED','2026-04-21 16:54:11.706726',57,19),(154,'2026-04-30 16:54:11.717567',NULL,'COMPLETED','2026-05-01 16:54:11.717567',28,19),(155,'2026-04-05 16:54:11.726516',NULL,'COMPLETED','2026-04-06 16:54:11.726516',20,20),(156,'2026-04-30 16:54:11.736913',NULL,'COMPLETED','2026-05-01 16:54:11.736913',57,20),(157,'2026-04-21 16:54:11.744469',NULL,'COMPLETED','2026-04-22 16:54:11.744469',9,20),(158,'2026-05-18 16:54:11.752845',NULL,'COMPLETED','2026-05-19 16:54:11.752845',50,20),(159,'2026-04-11 16:54:11.764273',NULL,'COMPLETED','2026-04-12 16:54:11.764273',31,20),(160,'2026-05-08 16:54:11.773483',NULL,'COMPLETED','2026-05-09 16:54:11.773483',43,20),(161,'2026-04-30 16:54:11.781704',NULL,'COMPLETED','2026-05-01 16:54:11.781704',3,20),(162,'2026-05-18 16:54:11.791673',NULL,'COMPLETED','2026-05-19 16:54:11.791673',28,20),(163,'2026-05-04 16:54:11.800598',NULL,'COMPLETED','2026-05-05 16:54:11.800598',28,21),(165,'2026-04-02 16:54:11.820692',NULL,'COMPLETED','2026-04-03 16:54:11.820692',31,21),(166,'2026-04-01 16:54:11.829582',NULL,'COMPLETED','2026-04-02 16:54:11.829582',3,21),(167,'2026-04-24 16:54:11.842732',NULL,'COMPLETED','2026-04-25 16:54:11.842732',43,21),(168,'2026-04-10 16:54:11.854115',NULL,'COMPLETED','2026-04-11 16:54:11.854115',57,21),(169,'2026-04-20 16:54:11.862244',NULL,'COMPLETED','2026-04-21 16:54:11.862244',9,21),(170,'2026-05-13 16:54:11.875364',NULL,'COMPLETED','2026-05-14 16:54:11.875364',50,21),(171,'2026-04-17 16:54:11.885159',NULL,'COMPLETED','2026-04-18 16:54:11.885159',35,22),(173,'2026-05-08 16:54:11.906403',NULL,'COMPLETED','2026-05-09 16:54:11.906403',40,22),(174,'2026-04-07 16:54:11.914280',NULL,'COMPLETED','2026-04-08 16:54:11.914280',19,22),(176,'2026-04-04 16:54:11.934749',NULL,'COMPLETED','2026-04-05 16:54:11.934749',32,22),(177,'2026-04-16 16:54:11.944724',NULL,'COMPLETED','2026-04-17 16:54:11.944724',4,22),(178,'2026-04-21 16:54:11.954916',NULL,'COMPLETED','2026-04-22 16:54:11.954916',58,22),(179,'2026-04-19 16:54:11.962097',NULL,'COMPLETED','2026-04-20 16:54:11.962097',35,23),(182,'2026-04-30 16:54:11.987265',NULL,'COMPLETED','2026-05-01 16:54:11.987265',6,23),(184,'2026-04-01 16:54:12.008872',NULL,'COMPLETED','2026-04-02 16:54:12.008872',32,23),(185,'2026-04-10 16:54:12.017957',NULL,'COMPLETED','2026-04-11 16:54:12.017957',60,23),(186,'2026-05-22 16:54:12.027278',NULL,'COMPLETED','2026-05-23 16:54:12.027278',4,23),(187,'2026-04-15 16:54:12.039996',NULL,'COMPLETED','2026-04-16 16:54:12.039996',6,24),(190,'2026-05-09 16:54:12.070071',NULL,'COMPLETED','2026-05-10 16:54:12.070071',35,24),(191,'2026-04-07 16:54:12.077229',NULL,'COMPLETED','2026-04-08 16:54:12.077229',40,24),(192,'2026-04-09 16:54:12.086198',NULL,'COMPLETED','2026-04-10 16:54:12.086198',32,24),(193,'2026-04-21 16:54:12.094545',NULL,'COMPLETED','2026-04-22 16:54:12.094545',4,24),(194,'2026-05-13 16:54:12.103999',NULL,'COMPLETED','2026-05-14 16:54:12.103999',60,24),(195,'2026-04-03 16:54:12.112477',NULL,'COMPLETED','2026-04-04 16:54:12.112477',58,25),(198,'2026-03-30 16:54:12.140283',NULL,'COMPLETED','2026-03-31 16:54:12.140283',35,25),(199,'2026-05-10 16:54:12.149722',NULL,'COMPLETED','2026-05-11 16:54:12.149722',60,25),(201,'2026-04-16 16:54:12.168143',NULL,'COMPLETED','2026-04-17 16:54:12.168143',6,25),(202,'2026-04-19 16:54:12.177294',NULL,'COMPLETED','2026-04-20 16:54:12.177294',19,25),(203,'2026-05-13 16:54:12.188450',NULL,'COMPLETED','2026-05-14 16:54:12.188450',40,26),(205,'2026-05-04 16:54:12.210422',NULL,'COMPLETED','2026-05-05 16:54:12.210422',4,26),(206,'2026-04-06 16:54:12.222319',NULL,'COMPLETED','2026-04-07 16:54:12.222319',58,26),(207,'2026-05-08 16:54:12.230425',NULL,'COMPLETED','2026-05-09 16:54:12.230425',19,26),(208,'2026-04-04 16:54:12.243439',NULL,'COMPLETED','2026-04-05 16:54:12.243439',35,26),(209,'2026-05-21 16:54:12.254266',NULL,'COMPLETED','2026-05-22 16:54:12.254266',6,26),(210,'2026-04-14 16:54:12.262144',NULL,'COMPLETED','2026-04-15 16:54:12.262144',32,26),(213,'2026-05-01 16:54:12.290605',NULL,'COMPLETED','2026-05-02 16:54:12.290605',58,27),(214,'2026-05-06 16:54:12.300058',NULL,'COMPLETED','2026-05-07 16:54:12.300058',19,27),(215,'2026-05-01 16:54:12.310024',NULL,'COMPLETED','2026-05-02 16:54:12.310024',6,27),(216,'2026-04-29 16:54:12.321471',NULL,'COMPLETED','2026-04-30 16:54:12.321471',32,27),(217,'2026-03-31 16:54:12.330936',NULL,'COMPLETED','2026-04-01 16:54:12.330936',60,27),(219,'2026-03-28 16:54:12.348254',NULL,'COMPLETED','2026-03-29 16:54:12.348254',32,28),(221,'2026-04-06 16:54:12.368011',NULL,'COMPLETED','2026-04-07 16:54:12.368011',19,28),(223,'2026-04-21 16:54:12.387958',NULL,'COMPLETED','2026-04-22 16:54:12.387958',58,28),(224,'2026-04-22 16:54:12.396261',NULL,'COMPLETED','2026-04-23 16:54:12.396261',35,28),(225,'2026-05-14 16:54:12.408230',NULL,'COMPLETED','2026-05-15 16:54:12.408230',4,28),(226,'2026-04-16 16:54:12.419465',NULL,'COMPLETED','2026-04-17 16:54:12.419465',40,28),(230,'2026-05-20 16:54:12.463923',NULL,'COMPLETED','2026-05-21 16:54:12.463923',58,29),(231,'2026-04-14 16:54:12.474144',NULL,'COMPLETED','2026-04-15 16:54:12.474144',6,29),(232,'2026-05-08 16:54:12.487005',NULL,'COMPLETED','2026-05-09 16:54:12.487005',60,29),(233,'2026-04-02 16:54:12.497439',NULL,'COMPLETED','2026-04-03 16:54:12.497439',35,29),(234,'2026-05-04 16:54:12.509108',NULL,'COMPLETED','2026-05-05 16:54:12.509108',19,29),(235,'2026-04-13 16:54:12.521246',NULL,'COMPLETED','2026-04-14 16:54:12.521246',58,30),(237,'2026-05-17 16:54:12.543468',NULL,'COMPLETED','2026-05-18 16:54:12.543468',35,30),(238,'2026-05-04 16:54:12.553612',NULL,'COMPLETED','2026-05-05 16:54:12.553612',4,30),(239,'2026-04-12 16:54:12.563069',NULL,'COMPLETED','2026-04-13 16:54:12.563069',32,30),(241,'2026-04-21 16:54:12.587399',NULL,'COMPLETED','2026-04-22 16:54:12.587399',6,30),(242,'2026-03-31 16:54:12.619166',NULL,'COMPLETED','2026-04-01 16:54:12.619166',19,30),(243,'2026-05-15 16:54:12.634512',NULL,'COMPLETED','2026-05-16 16:54:12.634512',4,31),(244,'2026-04-10 16:54:12.644427',NULL,'COMPLETED','2026-04-11 16:54:12.644427',60,31),(246,'2026-04-07 16:54:12.664658',NULL,'COMPLETED','2026-04-08 16:54:12.664658',40,31),(247,'2026-04-24 16:54:12.677050',NULL,'COMPLETED','2026-04-25 16:54:12.677050',32,31),(249,'2026-05-05 16:54:12.697115',NULL,'COMPLETED','2026-05-06 16:54:12.697115',19,31),(251,'2026-04-22 16:54:12.720668',NULL,'COMPLETED','2026-04-23 16:54:12.720668',39,32),(252,'2026-05-17 16:54:12.729871',NULL,'COMPLETED','2026-05-18 16:54:12.729871',16,32),(253,'2026-04-09 16:54:12.743579',NULL,'COMPLETED','2026-04-10 16:54:12.743579',8,32),(254,'2026-04-30 16:54:12.754094',NULL,'COMPLETED','2026-05-01 16:54:12.754094',41,32),(255,'2026-05-21 16:54:12.762748',NULL,'COMPLETED','2026-05-22 16:54:12.762748',2,32),(256,'2026-04-23 16:54:12.773380',NULL,'COMPLETED','2026-04-24 16:54:12.773380',5,32),(257,'2026-04-29 16:54:12.782725',NULL,'COMPLETED','2026-04-30 16:54:12.782725',62,32),(258,'2026-04-20 16:54:12.792806',NULL,'COMPLETED','2026-04-21 16:54:12.792806',46,32),(259,'2026-04-18 16:54:12.803436',NULL,'COMPLETED','2026-04-19 16:54:12.803436',29,33),(260,'2026-04-15 16:54:12.814563',NULL,'COMPLETED','2026-04-16 16:54:12.814563',7,33),(261,'2026-04-22 16:54:12.827213',NULL,'COMPLETED','2026-04-23 16:54:12.827213',41,33),(262,'2026-04-26 16:54:12.839460',NULL,'COMPLETED','2026-04-27 16:54:12.839460',39,33),(263,'2026-04-28 16:54:12.849470',NULL,'COMPLETED','2026-04-29 16:54:12.849470',5,33),(264,'2026-04-29 16:54:12.863408',NULL,'COMPLETED','2026-04-30 16:54:12.863408',62,33),(265,'2026-04-18 16:54:12.875477',NULL,'COMPLETED','2026-04-19 16:54:12.875477',37,33),(266,'2026-05-08 16:54:12.890250',NULL,'COMPLETED','2026-05-09 16:54:12.890250',16,33),(267,'2026-04-19 16:54:12.901800',NULL,'COMPLETED','2026-04-20 16:54:12.901800',46,34),(268,'2026-05-20 16:54:12.911188',NULL,'COMPLETED','2026-05-21 16:54:12.911188',16,34),(269,'2026-04-17 16:54:12.923264',NULL,'COMPLETED','2026-04-18 16:54:12.923264',5,34),(270,'2026-05-07 16:54:12.934907',NULL,'COMPLETED','2026-05-08 16:54:12.934907',41,34),(271,'2026-03-31 16:54:12.944398',NULL,'COMPLETED','2026-04-01 16:54:12.944398',37,34),(272,'2026-05-04 16:54:12.959824',NULL,'COMPLETED','2026-05-05 16:54:12.959824',62,34),(273,'2026-04-15 16:54:12.972373',NULL,'COMPLETED','2026-04-16 16:54:12.972373',2,34),(274,'2026-05-09 16:54:12.982804',NULL,'COMPLETED','2026-05-10 16:54:12.982804',7,34),(275,'2026-04-01 16:54:12.994682',NULL,'COMPLETED','2026-04-02 16:54:12.994682',7,35),(276,'2026-04-11 16:54:13.001642',NULL,'COMPLETED','2026-04-12 16:54:13.001642',5,35),(277,'2026-05-03 16:54:13.015547',NULL,'COMPLETED','2026-05-04 16:54:13.015547',16,35),(278,'2026-05-17 16:54:13.027240',NULL,'COMPLETED','2026-05-18 16:54:13.027240',29,35),(279,'2026-04-28 16:54:13.040011',NULL,'COMPLETED','2026-04-29 16:54:13.040011',2,35),(280,'2026-03-28 16:54:13.052602',NULL,'COMPLETED','2026-03-29 16:54:13.052602',46,35),(281,'2026-04-08 16:54:13.063660',NULL,'COMPLETED','2026-04-09 16:54:13.063660',8,35),(282,'2026-04-10 16:54:13.075312',NULL,'COMPLETED','2026-04-11 16:54:13.075312',37,35),(283,'2026-04-15 16:54:13.087336',NULL,'COMPLETED','2026-04-16 16:54:13.087336',8,36),(284,'2026-04-17 16:54:13.098432',NULL,'COMPLETED','2026-04-18 16:54:13.098432',62,36),(285,'2026-04-25 16:54:13.106860',NULL,'COMPLETED','2026-04-26 16:54:13.106860',29,36),(286,'2026-04-02 16:54:13.125941',NULL,'COMPLETED','2026-04-03 16:54:13.125941',46,36),(287,'2026-05-13 16:54:13.144333',NULL,'COMPLETED','2026-05-14 16:54:13.144333',7,36),(288,'2026-04-03 16:54:13.159160',NULL,'COMPLETED','2026-04-04 16:54:13.159160',16,36),(289,'2026-05-07 16:54:13.174408',NULL,'COMPLETED','2026-05-08 16:54:13.174408',2,36),(290,'2026-05-09 16:54:13.189866',NULL,'COMPLETED','2026-05-10 16:54:13.189866',39,36),(291,'2026-04-14 16:54:13.206535',NULL,'COMPLETED','2026-04-15 16:54:13.206535',29,37),(292,'2026-04-02 16:54:13.225498',NULL,'COMPLETED','2026-04-03 16:54:13.225498',39,37),(293,'2026-03-30 16:54:13.243520',NULL,'COMPLETED','2026-03-31 16:54:13.243520',2,37),(294,'2026-05-12 16:54:13.261324',NULL,'COMPLETED','2026-05-13 16:54:13.261324',62,37),(295,'2026-03-29 16:54:13.277237',NULL,'COMPLETED','2026-03-30 16:54:13.277237',16,37),(296,'2026-05-04 16:54:13.294620',NULL,'COMPLETED','2026-05-05 16:54:13.294620',46,37),(297,'2026-04-04 16:54:13.311719',NULL,'COMPLETED','2026-04-05 16:54:13.311719',7,37),(298,'2026-04-17 16:54:13.324921',NULL,'COMPLETED','2026-04-18 16:54:13.324921',41,37),(299,'2026-04-18 16:54:13.336999',NULL,'COMPLETED','2026-04-19 16:54:13.336999',46,38),(300,'2026-04-10 16:54:13.348798',NULL,'COMPLETED','2026-04-11 16:54:13.348798',8,38),(301,'2026-05-08 16:54:13.360600',NULL,'COMPLETED','2026-05-09 16:54:13.360600',41,38),(302,'2026-04-04 16:54:13.373352',NULL,'COMPLETED','2026-04-05 16:54:13.373352',29,38),(303,'2026-05-05 16:54:13.385776',NULL,'COMPLETED','2026-05-06 16:54:13.385776',5,38),(304,'2026-04-04 16:54:13.395869',NULL,'COMPLETED','2026-04-05 16:54:13.395869',16,38),(305,'2026-05-09 16:54:13.407584',NULL,'COMPLETED','2026-05-10 16:54:13.407584',62,38),(306,'2026-05-16 16:54:13.418963',NULL,'COMPLETED','2026-05-17 16:54:13.418963',2,38),(307,'2026-04-22 16:54:13.428890',NULL,'COMPLETED','2026-04-23 16:54:13.428890',7,39),(308,'2026-05-02 16:54:13.440506',NULL,'COMPLETED','2026-05-03 16:54:13.440506',39,39),(309,'2026-05-02 16:54:13.451276',NULL,'COMPLETED','2026-05-03 16:54:13.451276',37,39),(310,'2026-04-28 16:54:13.461674',NULL,'COMPLETED','2026-04-29 16:54:13.461674',2,39),(311,'2026-04-18 16:54:13.476064',NULL,'COMPLETED','2026-04-19 16:54:13.476064',46,39),(312,'2026-03-30 16:54:13.488927',NULL,'COMPLETED','2026-03-31 16:54:13.488927',5,39),(313,'2026-05-13 16:54:13.501774',NULL,'COMPLETED','2026-05-14 16:54:13.501774',16,39),(314,'2026-04-20 16:54:13.512841',NULL,'COMPLETED','2026-04-21 16:54:13.512841',41,39),(315,'2026-04-09 16:54:13.524480',NULL,'COMPLETED','2026-04-10 16:54:13.524480',2,40),(316,'2026-04-22 16:54:13.535854',NULL,'COMPLETED','2026-04-23 16:54:13.535854',46,40),(317,'2026-05-15 16:54:13.546392',NULL,'COMPLETED','2026-05-16 16:54:13.546392',7,40),(318,'2026-04-15 16:54:13.558054',NULL,'COMPLETED','2026-04-16 16:54:13.558054',62,40),(319,'2026-04-12 16:54:13.569224',NULL,'COMPLETED','2026-04-13 16:54:13.569224',29,40),(320,'2026-04-10 16:54:13.578970',NULL,'COMPLETED','2026-04-11 16:54:13.578970',41,40),(321,'2026-05-02 16:54:13.590576',NULL,'COMPLETED','2026-05-03 16:54:13.590576',39,40),(322,'2026-04-05 16:54:13.604545',NULL,'COMPLETED','2026-04-06 16:54:13.604545',5,40),(323,'2026-05-02 16:54:13.617646',NULL,'COMPLETED','2026-05-03 16:54:13.617646',8,41),(324,'2026-04-24 16:54:13.630231',NULL,'COMPLETED','2026-04-25 16:54:13.630231',5,41),(325,'2026-05-05 16:54:13.642364',NULL,'COMPLETED','2026-05-06 16:54:13.642364',7,41),(326,'2026-04-23 16:54:13.654305',NULL,'COMPLETED','2026-04-24 16:54:13.654305',41,41),(327,'2026-04-07 16:54:13.665062',NULL,'COMPLETED','2026-04-08 16:54:13.665062',62,41),(328,'2026-04-24 16:54:13.678008',NULL,'COMPLETED','2026-04-25 16:54:13.678008',46,41),(329,'2026-04-21 16:54:13.693149',NULL,'COMPLETED','2026-04-22 16:54:13.693149',16,41),(330,'2026-05-10 16:54:13.709217',NULL,'COMPLETED','2026-05-11 16:54:13.709217',39,41),(331,'2026-05-06 16:54:13.725071',NULL,'COMPLETED','2026-05-07 16:54:13.725071',38,42),(332,'2026-05-02 16:54:13.737280',NULL,'COMPLETED','2026-05-03 16:54:13.737280',9,42),(333,'2026-05-02 16:54:13.744790',NULL,'COMPLETED','2026-05-03 16:54:13.744790',45,42),(334,'2026-04-16 16:54:13.758512',NULL,'COMPLETED','2026-04-17 16:54:13.758512',61,42),(335,'2026-05-10 16:54:13.770370',NULL,'COMPLETED','2026-05-11 16:54:13.770370',15,42),(336,'2026-04-27 16:54:13.780757',NULL,'COMPLETED','2026-04-28 16:54:13.780757',10,42),(337,'2026-03-30 16:54:13.790550',NULL,'COMPLETED','2026-03-31 16:54:13.790550',38,42),(338,'2026-04-26 16:54:13.802702',NULL,'COMPLETED','2026-04-27 16:54:13.802702',47,42),(339,'2026-05-03 16:54:13.813242',NULL,'COMPLETED','2026-05-04 16:54:13.813242',10,43),(340,'2026-05-06 16:54:13.829664',NULL,'COMPLETED','2026-05-07 16:54:13.829664',36,43),(341,'2026-05-10 16:54:13.839448',NULL,'COMPLETED','2026-05-11 16:54:13.839448',38,43),(342,'2026-04-25 16:54:13.847804',NULL,'COMPLETED','2026-04-26 16:54:13.847804',45,43),(343,'2026-03-30 16:54:13.859233',NULL,'COMPLETED','2026-03-31 16:54:13.859233',26,43),(344,'2026-05-19 16:54:13.869526',NULL,'COMPLETED','2026-05-20 16:54:13.869526',61,43),(345,'2026-05-17 16:54:13.878419',NULL,'COMPLETED','2026-05-18 16:54:13.878419',15,43),(346,'2026-05-02 16:54:13.890045',NULL,'COMPLETED','2026-05-03 16:54:13.890045',9,43),(347,'2026-04-19 16:54:13.898710',NULL,'COMPLETED','2026-04-20 16:54:13.898710',47,44),(348,'2026-05-05 16:54:13.907422',NULL,'COMPLETED','2026-05-06 16:54:13.907422',38,44),(349,'2026-05-14 16:54:13.914800',NULL,'COMPLETED','2026-05-15 16:54:13.914800',38,44),(350,'2026-05-08 16:54:13.922447',NULL,'COMPLETED','2026-05-09 16:54:13.922447',15,44),(351,'2026-04-15 16:54:13.930377',NULL,'COMPLETED','2026-04-16 16:54:13.930377',10,44),(352,'2026-03-29 16:54:13.940869',NULL,'COMPLETED','2026-03-30 16:54:13.940869',61,44),(353,'2026-05-13 16:54:13.949161',NULL,'COMPLETED','2026-05-14 16:54:13.949161',36,44),(354,'2026-05-18 16:54:13.956950',NULL,'COMPLETED','2026-05-19 16:54:13.956950',9,44),(355,'2026-05-19 16:54:13.967115',NULL,'COMPLETED','2026-05-20 16:54:13.967115',17,45),(356,'2026-04-20 16:54:13.977147',NULL,'COMPLETED','2026-04-21 16:54:13.977147',36,45),(357,'2026-04-05 16:54:13.990552',NULL,'COMPLETED','2026-04-06 16:54:13.990552',61,45),(358,'2026-05-20 16:54:14.000327',NULL,'COMPLETED','2026-05-21 16:54:14.000327',38,45),(359,'2026-04-23 16:54:14.008323',NULL,'COMPLETED','2026-04-24 16:54:14.008323',26,45),(360,'2026-04-05 16:54:14.020126',NULL,'COMPLETED','2026-04-06 16:54:14.020126',10,45),(361,'2026-04-19 16:54:14.028290',NULL,'COMPLETED','2026-04-20 16:54:14.028290',47,45),(362,'2026-05-01 16:54:14.040140',NULL,'COMPLETED','2026-05-02 16:54:14.040140',45,45),(363,'2026-04-06 16:54:14.052816',NULL,'COMPLETED','2026-04-07 16:54:14.052816',26,46),(364,'2026-05-16 16:54:14.060802',NULL,'COMPLETED','2026-05-17 16:54:14.060802',36,46),(365,'2026-04-04 16:54:14.071249',NULL,'COMPLETED','2026-04-05 16:54:14.071249',15,46),(366,'2026-05-13 16:54:14.079002',NULL,'COMPLETED','2026-05-14 16:54:14.079002',38,46),(367,'2026-04-25 16:54:14.089174',NULL,'COMPLETED','2026-04-26 16:54:14.089174',10,46),(368,'2026-04-09 16:54:14.097364',NULL,'COMPLETED','2026-04-10 16:54:14.097364',61,46),(369,'2026-03-30 16:54:14.106968',NULL,'COMPLETED','2026-03-31 16:54:14.106968',45,46),(370,'2026-04-14 16:54:14.114698',NULL,'COMPLETED','2026-04-15 16:54:14.114698',38,46),(371,'2026-03-29 16:54:14.124234',NULL,'COMPLETED','2026-03-30 16:54:14.124234',9,47),(372,'2026-04-18 16:54:14.133810',NULL,'COMPLETED','2026-04-19 16:54:14.133810',10,47),(373,'2026-05-20 16:54:14.141989',NULL,'COMPLETED','2026-05-21 16:54:14.141989',47,47),(374,'2026-04-11 16:54:14.151016',NULL,'COMPLETED','2026-04-12 16:54:14.151016',26,47),(375,'2026-05-22 16:54:14.160323',NULL,'COMPLETED','2026-05-23 16:54:14.160323',38,47),(376,'2026-05-13 16:54:14.170148',NULL,'COMPLETED','2026-05-14 16:54:14.170148',38,47),(377,'2026-04-13 16:54:14.177328',NULL,'COMPLETED','2026-04-14 16:54:14.177328',45,47),(378,'2026-05-20 16:54:14.182657',NULL,'COMPLETED','2026-05-21 16:54:14.182657',36,47),(379,'2026-04-19 16:54:14.201965',NULL,'COMPLETED','2026-04-20 16:54:14.201965',10,48),(380,'2026-05-09 16:54:14.210109',NULL,'COMPLETED','2026-05-10 16:54:14.210109',38,48),(381,'2026-05-17 16:54:14.221153',NULL,'COMPLETED','2026-05-18 16:54:14.221153',15,48),(382,'2026-05-13 16:54:14.228764',NULL,'COMPLETED','2026-05-14 16:54:14.228764',61,48),(383,'2026-05-10 16:54:14.240006',NULL,'COMPLETED','2026-05-11 16:54:14.240006',38,48),(384,'2026-03-28 16:54:14.250389',NULL,'COMPLETED','2026-03-29 16:54:14.250389',9,48),(385,'2026-04-26 16:54:14.258688',NULL,'COMPLETED','2026-04-27 16:54:14.258688',26,48),(386,'2026-05-03 16:54:14.269035',NULL,'COMPLETED','2026-05-04 16:54:14.269035',17,48),(387,'2026-03-31 16:54:14.277361',NULL,'COMPLETED','2026-04-01 16:54:14.277361',36,49),(388,'2026-04-04 16:54:14.287099',NULL,'COMPLETED','2026-04-05 16:54:14.287099',47,49),(389,'2026-05-16 16:54:14.294972',NULL,'COMPLETED','2026-05-17 16:54:14.294972',10,49),(390,'2026-04-21 16:54:14.306198',NULL,'COMPLETED','2026-04-22 16:54:14.306198',15,49),(391,'2026-04-23 16:54:14.314396',NULL,'COMPLETED','2026-04-24 16:54:14.314396',38,49),(392,'2026-04-16 16:54:14.324756',NULL,'COMPLETED','2026-04-17 16:54:14.324756',61,49),(393,'2026-04-23 16:54:14.334417',NULL,'COMPLETED','2026-04-24 16:54:14.334417',17,49),(394,'2026-04-05 16:54:14.342327',NULL,'COMPLETED','2026-04-06 16:54:14.342327',9,49),(395,'2026-04-26 16:54:14.353011',NULL,'COMPLETED','2026-04-27 16:54:14.353011',47,50),(396,'2026-03-31 16:54:14.363004',NULL,'COMPLETED','2026-04-01 16:54:14.363004',10,50),(397,'2026-04-29 16:54:14.373235',NULL,'COMPLETED','2026-04-30 16:54:14.373235',15,50),(398,'2026-04-10 16:54:14.383174',NULL,'COMPLETED','2026-04-11 16:54:14.383174',9,50),(399,'2026-04-01 16:54:14.392039',NULL,'COMPLETED','2026-04-02 16:54:14.392039',38,50),(400,'2026-04-25 16:54:14.400992',NULL,'COMPLETED','2026-04-26 16:54:14.400992',45,50),(401,'2026-05-17 16:54:14.412107',NULL,'COMPLETED','2026-05-18 16:54:14.412107',17,50),(402,'2026-04-24 16:54:14.421955',NULL,'COMPLETED','2026-04-25 16:54:14.421955',38,50),(403,'2026-05-12 16:54:14.429701',NULL,'COMPLETED','2026-05-13 16:54:14.429701',38,51),(404,'2026-03-30 16:54:14.439374',NULL,'COMPLETED','2026-03-31 16:54:14.439374',61,51),(405,'2026-05-03 16:54:14.446342',NULL,'COMPLETED','2026-05-04 16:54:14.446342',9,51),(406,'2026-05-01 16:54:14.456151',NULL,'COMPLETED','2026-05-02 16:54:14.456151',36,51),(407,'2026-05-03 16:54:14.464373',NULL,'COMPLETED','2026-05-04 16:54:14.464373',26,51),(408,'2026-04-11 16:54:14.471746',NULL,'COMPLETED','2026-04-12 16:54:14.471746',45,51),(409,'2026-04-18 16:54:14.484897',NULL,'COMPLETED','2026-04-19 16:54:14.484897',47,51),(410,'2026-04-10 16:54:14.494980',NULL,'COMPLETED','2026-04-11 16:54:14.494980',15,51),(411,'2026-04-01 16:54:14.506736',NULL,'COMPLETED','2026-04-02 16:54:14.506736',9,52),(412,'2026-04-20 16:54:14.512488',NULL,'COMPLETED','2026-04-21 16:54:14.512488',10,52),(413,'2026-05-01 16:54:14.523892',NULL,'COMPLETED','2026-05-02 16:54:14.523892',45,52),(414,'2026-04-08 16:54:14.534239',NULL,'COMPLETED','2026-04-09 16:54:14.534239',38,52),(415,'2026-05-03 16:54:14.542565',NULL,'COMPLETED','2026-05-04 16:54:14.542565',15,52),(416,'2026-05-15 16:54:14.552090',NULL,'COMPLETED','2026-05-16 16:54:14.552090',61,52),(417,'2026-05-10 16:54:14.559742',NULL,'COMPLETED','2026-05-11 16:54:14.559742',17,52),(418,'2026-04-06 16:54:14.570755',NULL,'COMPLETED','2026-04-07 16:54:14.570755',36,52),(419,'2026-05-02 16:54:14.579552',NULL,'COMPLETED','2026-05-03 16:54:14.579552',47,53),(420,'2026-05-20 16:54:14.590241',NULL,'COMPLETED','2026-05-21 16:54:14.590241',38,53),(421,'2026-03-29 16:54:14.601196',NULL,'COMPLETED','2026-03-30 16:54:14.601196',45,53),(422,'2026-05-18 16:54:14.612415',NULL,'COMPLETED','2026-05-19 16:54:14.612415',38,53),(423,'2026-04-16 16:54:14.623400',NULL,'COMPLETED','2026-04-17 16:54:14.623400',61,53),(424,'2026-04-03 16:54:14.634306',NULL,'COMPLETED','2026-04-04 16:54:14.634306',17,53),(425,'2026-05-19 16:54:14.643362',NULL,'COMPLETED','2026-05-20 16:54:14.643362',26,53),(426,'2026-03-29 16:54:14.654160',NULL,'COMPLETED','2026-03-30 16:54:14.654160',9,53),(427,'2026-06-11 19:29:38.533613','2026-06-14 14:56:38.805040','COMPLETED','2026-06-11 19:29:37.935808',1,1),(428,'2026-06-14 14:55:16.108824','2026-06-14 14:56:40.882648','COMPLETED','2026-06-14 14:55:15.898472',1,54),(429,'2026-06-14 14:57:12.871682','2026-06-14 14:57:32.966617','COMPLETED','2026-06-14 14:57:12.829774',1,54),(430,'2026-06-17 16:21:19.839395','2026-06-17 16:22:03.612654','COMPLETED','2026-06-18 12:00:00.000000',2,2),(431,'2026-06-17 23:31:18.839433','2026-06-17 23:56:13.029689','COMPLETED','2026-06-19 12:00:00.000000',1,2),(432,'2026-06-18 00:03:30.018664','2026-06-18 00:03:37.793643','APPROVED','2026-06-19 12:00:00.000000',2,2),(433,'2026-06-18 00:09:00.493871','2026-06-18 00:09:26.825186','COMPLETED','2026-06-19 12:00:00.000000',8,2),(434,'2026-05-20 14:07:05.825461',NULL,'COMPLETED','2026-05-21 14:07:05.825461',63,42),(435,'2026-05-14 14:07:05.856634',NULL,'COMPLETED','2026-05-15 14:07:05.856634',64,25),(436,'2026-06-04 14:07:05.860530',NULL,'COMPLETED','2026-06-05 14:07:05.860530',64,24),(437,'2026-05-30 14:07:05.866477',NULL,'COMPLETED','2026-05-31 14:07:05.866477',64,41),(438,'2026-05-12 14:07:05.875761',NULL,'COMPLETED','2026-05-13 14:07:05.875761',64,38),(439,'2026-05-01 14:07:05.885431',NULL,'COMPLETED','2026-05-02 14:07:05.885431',64,46),(440,'2026-06-11 14:07:05.897707',NULL,'COMPLETED','2026-06-12 14:07:05.897707',64,18),(445,'2026-06-10 14:07:05.975102',NULL,'COMPLETED','2026-06-11 14:07:05.975102',66,17),(446,'2026-06-10 14:07:05.979683',NULL,'COMPLETED','2026-06-11 14:07:05.979683',66,13),(447,'2026-05-19 14:07:05.986037',NULL,'COMPLETED','2026-05-20 14:07:05.986037',66,12),(448,'2026-05-31 14:07:05.996255',NULL,'COMPLETED','2026-06-01 14:07:05.996255',66,21),(449,'2026-04-25 14:07:06.004988',NULL,'COMPLETED','2026-04-26 14:07:06.004988',66,6),(450,'2026-05-16 14:07:06.016387',NULL,'COMPLETED','2026-05-17 14:07:06.016387',66,15),(451,'2026-04-24 14:07:06.038025',NULL,'COMPLETED','2026-04-25 14:07:06.038025',67,8),(452,'2026-05-02 14:07:06.058151',NULL,'COMPLETED','2026-05-03 14:07:06.058151',67,3),(453,'2026-05-14 14:07:06.063035',NULL,'COMPLETED','2026-05-15 14:07:06.063035',67,45),(454,'2026-06-09 14:07:06.074609',NULL,'COMPLETED','2026-06-10 14:07:06.074609',67,27),(457,'2026-05-15 14:07:06.150465',NULL,'COMPLETED','2026-05-16 14:07:06.150465',69,19),(458,'2026-05-16 14:07:06.155495',NULL,'COMPLETED','2026-05-17 14:07:06.155495',69,39),(459,'2026-05-10 14:07:06.163252',NULL,'COMPLETED','2026-05-11 14:07:06.163252',69,14),(460,'2026-06-08 14:07:06.166267',NULL,'COMPLETED','2026-06-09 14:07:06.166267',69,31),(461,'2026-04-22 14:07:06.175932',NULL,'COMPLETED','2026-04-23 14:07:06.175932',69,40),(462,'2026-05-28 14:07:06.184128',NULL,'COMPLETED','2026-05-29 14:07:06.184128',69,27),(463,'2026-04-23 14:07:06.206047',NULL,'COMPLETED','2026-04-24 14:07:06.206047',69,46),(464,'2026-04-23 14:07:06.220672',NULL,'COMPLETED','2026-04-24 14:07:06.220672',69,44),(465,'2026-05-05 14:07:06.229483',NULL,'COMPLETED','2026-05-06 14:07:06.229483',70,55),(466,'2026-05-14 14:07:06.245200',NULL,'COMPLETED','2026-05-15 14:07:06.245200',70,38),(467,'2026-06-05 14:07:06.270236',NULL,'COMPLETED','2026-06-06 14:07:06.270236',70,51),(468,'2026-06-07 14:07:06.275375',NULL,'COMPLETED','2026-06-08 14:07:06.275375',70,30),(469,'2026-05-29 14:07:06.299173',NULL,'COMPLETED','2026-05-30 14:07:06.299173',71,35),(470,'2026-04-27 14:07:06.307559',NULL,'COMPLETED','2026-04-28 14:07:06.307559',71,36),(471,'2026-05-27 14:07:06.315416',NULL,'COMPLETED','2026-05-28 14:07:06.315416',71,40),(472,'2026-05-15 14:07:06.333585',NULL,'COMPLETED','2026-05-16 14:07:06.333585',71,46),(473,'2026-05-11 14:07:06.362562',NULL,'COMPLETED','2026-05-12 14:07:06.362562',71,43),(474,'2026-05-07 14:07:06.378843',NULL,'COMPLETED','2026-05-08 14:07:06.378843',72,18),(475,'2026-06-08 14:07:06.387905',NULL,'COMPLETED','2026-06-09 14:07:06.387905',72,29),(476,'2026-05-21 14:07:06.396574',NULL,'COMPLETED','2026-05-22 14:07:06.396574',72,30),(477,'2026-05-18 14:07:06.416030',NULL,'COMPLETED','2026-05-19 14:07:06.416030',72,53),(478,'2026-05-01 14:07:06.423205',NULL,'COMPLETED','2026-05-02 14:07:06.423205',72,20),(479,'2026-04-28 14:07:06.447436',NULL,'COMPLETED','2026-04-29 14:07:06.447436',73,23),(480,'2026-06-02 14:07:06.459392',NULL,'COMPLETED','2026-06-03 14:07:06.459392',73,14),(481,'2026-04-23 14:07:06.471295',NULL,'COMPLETED','2026-04-24 14:07:06.471295',73,11),(482,'2026-06-13 14:07:06.476988',NULL,'COMPLETED','2026-06-14 14:07:06.476988',74,54),(483,'2026-05-06 14:07:06.487197',NULL,'COMPLETED','2026-05-07 14:07:06.487197',74,36),(484,'2026-05-30 14:07:06.495979',NULL,'COMPLETED','2026-05-31 14:07:06.495979',74,34),(485,'2026-05-08 14:07:06.499617',NULL,'COMPLETED','2026-05-09 14:07:06.499617',74,9),(486,'2026-05-06 14:07:06.510417',NULL,'COMPLETED','2026-05-07 14:07:06.510417',74,1),(487,'2026-05-01 14:07:06.520054',NULL,'COMPLETED','2026-05-02 14:07:06.520054',74,52),(488,'2026-05-28 14:07:06.529355',NULL,'COMPLETED','2026-05-29 14:07:06.529355',74,37),(489,'2026-05-02 14:07:06.544680',NULL,'COMPLETED','2026-05-03 14:07:06.544680',75,19),(490,'2026-04-25 14:07:06.561755',NULL,'COMPLETED','2026-04-26 14:07:06.561755',75,28),(491,'2026-05-02 14:07:06.570763',NULL,'COMPLETED','2026-05-03 14:07:06.570763',75,41),(492,'2026-05-02 14:07:06.576598',NULL,'COMPLETED','2026-05-03 14:07:06.576598',75,29),(493,'2026-05-26 14:07:06.594068',NULL,'COMPLETED','2026-05-27 14:07:06.594068',75,18),(494,'2026-04-21 14:07:06.619677',NULL,'COMPLETED','2026-04-22 14:07:06.619677',76,37),(495,'2026-06-04 14:07:06.632968',NULL,'COMPLETED','2026-06-05 14:07:06.632968',76,51),(496,'2026-05-02 14:07:06.645570',NULL,'COMPLETED','2026-05-03 14:07:06.645570',76,49),(497,'2026-05-23 14:07:06.655852',NULL,'COMPLETED','2026-05-24 14:07:06.655852',76,45),(498,'2026-05-25 14:07:06.680649',NULL,'COMPLETED','2026-05-26 14:07:06.680649',77,22),(499,'2026-05-19 14:07:06.690667',NULL,'COMPLETED','2026-05-20 14:07:06.690667',77,4),(500,'2026-05-21 14:07:06.700430',NULL,'COMPLETED','2026-05-22 14:07:06.700430',77,56),(501,'2026-06-10 14:07:06.704914',NULL,'COMPLETED','2026-06-11 14:07:06.704914',77,38),(502,'2026-05-12 14:07:06.734804',NULL,'COMPLETED','2026-05-13 14:07:06.734804',78,47),(503,'2026-05-25 14:07:06.757739',NULL,'COMPLETED','2026-05-26 14:07:06.757739',78,12),(504,'2026-06-12 14:07:06.764374',NULL,'COMPLETED','2026-06-13 14:07:06.764374',78,35),(505,'2026-05-26 14:07:06.780028',NULL,'COMPLETED','2026-05-27 14:07:06.780028',78,4),(506,'2026-05-09 14:07:06.787876',NULL,'COMPLETED','2026-05-10 14:07:06.787876',79,46),(507,'2026-05-15 14:07:06.802720',NULL,'COMPLETED','2026-05-16 14:07:06.802720',79,34),(508,'2026-04-28 14:07:06.808110',NULL,'COMPLETED','2026-04-29 14:07:06.808110',79,48),(509,'2026-05-20 14:07:06.816517',NULL,'COMPLETED','2026-05-21 14:07:06.816517',79,54),(510,'2026-06-14 14:07:06.858022',NULL,'COMPLETED','2026-06-15 14:07:06.858022',80,9),(511,'2026-05-30 14:07:06.874404',NULL,'COMPLETED','2026-05-31 14:07:06.874404',80,22),(512,'2026-06-07 14:07:06.877468',NULL,'COMPLETED','2026-06-08 14:07:06.877468',80,16),(513,'2026-04-28 14:07:06.882397',NULL,'COMPLETED','2026-04-29 14:07:06.882397',80,47),(514,'2026-04-28 14:07:06.892409',NULL,'COMPLETED','2026-04-29 14:07:06.892409',80,29),(515,'2026-05-28 14:07:06.913536',NULL,'COMPLETED','2026-05-29 14:07:06.913536',80,32),(516,'2026-05-19 14:07:06.923098',NULL,'COMPLETED','2026-05-20 14:07:06.923098',81,31),(517,'2026-05-21 14:07:06.946555',NULL,'COMPLETED','2026-05-22 14:07:06.946555',81,20),(518,'2026-04-19 14:07:06.958339',NULL,'COMPLETED','2026-04-20 14:07:06.958339',81,8),(519,'2026-05-27 14:07:06.968145',NULL,'COMPLETED','2026-05-28 14:07:06.968145',81,7),(520,'2026-06-13 14:07:06.973026',NULL,'COMPLETED','2026-06-14 14:07:06.973026',81,27),(521,'2026-05-03 14:07:06.979124',NULL,'COMPLETED','2026-05-04 14:07:06.979124',81,55),(522,'2026-05-26 14:07:07.021372',NULL,'COMPLETED','2026-05-27 14:07:07.021372',82,20),(523,'2026-04-19 14:07:07.029927',NULL,'COMPLETED','2026-04-20 14:07:07.029927',82,45),(524,'2026-04-24 14:07:07.039785',NULL,'COMPLETED','2026-04-25 14:07:07.039785',82,27),(525,'2026-04-27 14:07:07.047013',NULL,'COMPLETED','2026-04-28 14:07:07.047013',82,8),(526,'2026-05-15 14:07:07.058725',NULL,'COMPLETED','2026-05-16 14:07:07.058725',82,5),(527,'2026-06-02 14:07:07.062409',NULL,'COMPLETED','2026-06-03 14:07:07.062409',82,29),(528,'2026-04-23 14:07:07.071102',NULL,'COMPLETED','2026-04-24 14:07:07.071102',83,1),(529,'2026-06-14 14:07:07.081914',NULL,'COMPLETED','2026-06-15 14:07:07.081914',83,26),(530,'2026-05-14 14:07:07.092575',NULL,'COMPLETED','2026-05-15 14:07:07.092575',83,11),(531,'2026-06-03 14:07:07.097817',NULL,'COMPLETED','2026-06-04 14:07:07.097817',83,56),(532,'2026-05-04 14:07:07.107817',NULL,'COMPLETED','2026-05-05 14:07:07.107817',83,49),(533,'2026-04-25 14:07:07.118717',NULL,'COMPLETED','2026-04-26 14:07:07.118717',83,5),(534,'2026-05-01 14:07:07.126959',NULL,'COMPLETED','2026-05-02 14:07:07.126959',83,52),(535,'2026-05-10 14:07:07.136405',NULL,'COMPLETED','2026-05-11 14:07:07.136405',83,10),(536,'2026-06-11 14:07:07.146215',NULL,'COMPLETED','2026-06-12 14:07:07.146215',84,56),(537,'2026-06-15 14:07:07.153187',NULL,'COMPLETED','2026-06-16 14:07:07.153187',84,55),(538,'2026-04-21 14:07:07.159820',NULL,'COMPLETED','2026-04-22 14:07:07.159820',84,41),(539,'2026-06-12 14:07:07.171612',NULL,'COMPLETED','2026-06-13 14:07:07.171612',84,37),(540,'2026-05-12 14:07:07.182090',NULL,'COMPLETED','2026-05-13 14:07:07.182090',84,32),(541,'2026-05-19 14:07:07.190219',NULL,'COMPLETED','2026-05-20 14:07:07.190219',84,27),(542,'2026-05-11 14:07:07.199301',NULL,'COMPLETED','2026-05-12 14:07:07.199301',84,13),(543,'2026-05-02 14:07:07.206984',NULL,'COMPLETED','2026-05-03 14:07:07.206984',84,45);
/*!40000 ALTER TABLE `visit_requests` ENABLE KEYS */;
UNLOCK TABLES;
/*!40103 SET TIME_ZONE=@OLD_TIME_ZONE */;

/*!40101 SET SQL_MODE=@OLD_SQL_MODE */;
/*!40014 SET FOREIGN_KEY_CHECKS=@OLD_FOREIGN_KEY_CHECKS */;
/*!40014 SET UNIQUE_CHECKS=@OLD_UNIQUE_CHECKS */;
/*!40101 SET CHARACTER_SET_CLIENT=@OLD_CHARACTER_SET_CLIENT */;
/*!40101 SET CHARACTER_SET_RESULTS=@OLD_CHARACTER_SET_RESULTS */;
/*!40101 SET COLLATION_CONNECTION=@OLD_COLLATION_CONNECTION */;
/*!40111 SET SQL_NOTES=@OLD_SQL_NOTES */;

-- Dump completed on 2026-06-18  8:44:26
